BEGIN TRANSACTION;
CREATE TABLE area_names
(
    area_id INTEGER NOT NULL,
    notation_id INTEGER NOT NULL,
    area_name TEXT UNIQUE NOT NULL,
    PRIMARY KEY(area_id, notation_id)
);
INSERT INTO "area_names" VALUES(1,0,'ベイエリア');
INSERT INTO "area_names" VALUES(2,0,'東葛飾エリア');
INSERT INTO "area_names" VALUES(3,0,'北総エリア');
INSERT INTO "area_names" VALUES(4,0,'九十九里エリア');
INSERT INTO "area_names" VALUES(5,0,'南房総エリア');
INSERT INTO "area_names" VALUES(6,0,'かずさ・臨海エリア');
CREATE TABLE municipality_list
(
    `index` INTEGER PRIMARY KEY,
    id INTEGER UNIQUE NOT NULL
);
INSERT INTO "municipality_list" VALUES(1,12208);
INSERT INTO "municipality_list" VALUES(2,12220);
INSERT INTO "municipality_list" VALUES(3,12217);
INSERT INTO "municipality_list" VALUES(4,12222);
INSERT INTO "municipality_list" VALUES(5,12207);
INSERT INTO "municipality_list" VALUES(6,12227);
INSERT INTO "municipality_list" VALUES(7,12203);
INSERT INTO "municipality_list" VALUES(8,12224);
INSERT INTO "municipality_list" VALUES(9,12232);
INSERT INTO "municipality_list" VALUES(10,12204);
INSERT INTO "municipality_list" VALUES(11,12221);
INSERT INTO "municipality_list" VALUES(12,12231);
INSERT INTO "municipality_list" VALUES(13,12216);
INSERT INTO "municipality_list" VALUES(14,12104);
INSERT INTO "municipality_list" VALUES(15,12101);
INSERT INTO "municipality_list" VALUES(16,12106);
INSERT INTO "municipality_list" VALUES(17,12105);
INSERT INTO "municipality_list" VALUES(18,12103);
INSERT INTO "municipality_list" VALUES(19,12102);
INSERT INTO "municipality_list" VALUES(20,12228);
INSERT INTO "municipality_list" VALUES(21,12212);
INSERT INTO "municipality_list" VALUES(22,12329);
INSERT INTO "municipality_list" VALUES(23,12322);
INSERT INTO "municipality_list" VALUES(24,12211);
INSERT INTO "municipality_list" VALUES(25,12230);
INSERT INTO "municipality_list" VALUES(26,12233);
INSERT INTO "municipality_list" VALUES(27,12342);
INSERT INTO "municipality_list" VALUES(28,12349);
INSERT INTO "municipality_list" VALUES(29,12347);
INSERT INTO "municipality_list" VALUES(30,12236);
INSERT INTO "municipality_list" VALUES(31,12202);
INSERT INTO "municipality_list" VALUES(32,12215);
INSERT INTO "municipality_list" VALUES(33,12409);
INSERT INTO "municipality_list" VALUES(34,12410);
INSERT INTO "municipality_list" VALUES(35,12403);
INSERT INTO "municipality_list" VALUES(36,12235);
INSERT INTO "municipality_list" VALUES(37,12237);
INSERT INTO "municipality_list" VALUES(38,12213);
INSERT INTO "municipality_list" VALUES(39,12239);
INSERT INTO "municipality_list" VALUES(40,12219);
INSERT INTO "municipality_list" VALUES(41,12441);
INSERT INTO "municipality_list" VALUES(42,12443);
INSERT INTO "municipality_list" VALUES(43,12426);
INSERT INTO "municipality_list" VALUES(44,12424);
INSERT INTO "municipality_list" VALUES(45,12427);
INSERT INTO "municipality_list" VALUES(46,12422);
INSERT INTO "municipality_list" VALUES(47,12423);
INSERT INTO "municipality_list" VALUES(48,12421);
INSERT INTO "municipality_list" VALUES(49,12210);
INSERT INTO "municipality_list" VALUES(50,12229);
INSERT INTO "municipality_list" VALUES(51,12206);
INSERT INTO "municipality_list" VALUES(52,12226);
INSERT INTO "municipality_list" VALUES(53,12225);
INSERT INTO "municipality_list" VALUES(54,12238);
INSERT INTO "municipality_list" VALUES(55,12463);
INSERT INTO "municipality_list" VALUES(56,12223);
INSERT INTO "municipality_list" VALUES(57,12218);
INSERT INTO "municipality_list" VALUES(58,12234);
INSERT INTO "municipality_list" VALUES(59,12205);
CREATE TABLE municipality_names
(
    municipality_id INTEGER NOT NULL,
    notation_id INTEGER NOT NULL,
    municipality_name TEXT UNIQUE NOT NULL,
    PRIMARY KEY(municipality_id, notation_id)
);
INSERT INTO "municipality_names" VALUES(12000,0,'千葉県');
INSERT INTO "municipality_names" VALUES(12000,1,'ちばけん');
INSERT INTO "municipality_names" VALUES(12100,0,'千葉市');
INSERT INTO "municipality_names" VALUES(12100,1,'ちばし');
INSERT INTO "municipality_names" VALUES(12101,0,'中央区');
INSERT INTO "municipality_names" VALUES(12101,1,'ちゅうおうく');
INSERT INTO "municipality_names" VALUES(12102,0,'花見川区');
INSERT INTO "municipality_names" VALUES(12102,1,'はなみがわく');
INSERT INTO "municipality_names" VALUES(12103,0,'稲毛区');
INSERT INTO "municipality_names" VALUES(12103,1,'いなげく');
INSERT INTO "municipality_names" VALUES(12104,0,'若葉区');
INSERT INTO "municipality_names" VALUES(12104,1,'わかばく');
INSERT INTO "municipality_names" VALUES(12105,0,'緑区');
INSERT INTO "municipality_names" VALUES(12105,1,'みどりく');
INSERT INTO "municipality_names" VALUES(12106,0,'美浜区');
INSERT INTO "municipality_names" VALUES(12106,1,'みはまく');
INSERT INTO "municipality_names" VALUES(12202,0,'銚子市');
INSERT INTO "municipality_names" VALUES(12202,1,'ちょうしし');
INSERT INTO "municipality_names" VALUES(12203,0,'市川市');
INSERT INTO "municipality_names" VALUES(12203,1,'いちかわし');
INSERT INTO "municipality_names" VALUES(12204,0,'船橋市');
INSERT INTO "municipality_names" VALUES(12204,1,'ふなばしし');
INSERT INTO "municipality_names" VALUES(12205,0,'館山市');
INSERT INTO "municipality_names" VALUES(12205,1,'たてやまし');
INSERT INTO "municipality_names" VALUES(12206,0,'木更津市');
INSERT INTO "municipality_names" VALUES(12206,1,'きさらづし');
INSERT INTO "municipality_names" VALUES(12207,0,'松戸市');
INSERT INTO "municipality_names" VALUES(12207,1,'まつどし');
INSERT INTO "municipality_names" VALUES(12208,0,'野田市');
INSERT INTO "municipality_names" VALUES(12208,1,'のだし');
INSERT INTO "municipality_names" VALUES(12210,0,'茂原市');
INSERT INTO "municipality_names" VALUES(12210,1,'もばらし');
INSERT INTO "municipality_names" VALUES(12211,0,'成田市');
INSERT INTO "municipality_names" VALUES(12211,1,'なりたし');
INSERT INTO "municipality_names" VALUES(12212,0,'佐倉市');
INSERT INTO "municipality_names" VALUES(12212,1,'さくらし');
INSERT INTO "municipality_names" VALUES(12213,0,'東金市');
INSERT INTO "municipality_names" VALUES(12213,1,'とうがねし');
INSERT INTO "municipality_names" VALUES(12215,0,'旭市');
INSERT INTO "municipality_names" VALUES(12215,1,'あさひし');
INSERT INTO "municipality_names" VALUES(12216,0,'習志野市');
INSERT INTO "municipality_names" VALUES(12216,1,'ならしのし');
INSERT INTO "municipality_names" VALUES(12217,0,'柏市');
INSERT INTO "municipality_names" VALUES(12217,1,'かしわし');
INSERT INTO "municipality_names" VALUES(12218,0,'勝浦市');
INSERT INTO "municipality_names" VALUES(12218,1,'かつうらし');
INSERT INTO "municipality_names" VALUES(12219,0,'市原市');
INSERT INTO "municipality_names" VALUES(12219,1,'いちはらし');
INSERT INTO "municipality_names" VALUES(12220,0,'流山市');
INSERT INTO "municipality_names" VALUES(12220,1,'ながれやまし');
INSERT INTO "municipality_names" VALUES(12221,0,'八千代市');
INSERT INTO "municipality_names" VALUES(12221,1,'やちよし');
INSERT INTO "municipality_names" VALUES(12222,0,'我孫子市');
INSERT INTO "municipality_names" VALUES(12222,1,'あびこし');
INSERT INTO "municipality_names" VALUES(12223,0,'鴨川市');
INSERT INTO "municipality_names" VALUES(12223,1,'かもがわし');
INSERT INTO "municipality_names" VALUES(12224,0,'鎌ヶ谷市');
INSERT INTO "municipality_names" VALUES(12224,1,'かまがやし');
INSERT INTO "municipality_names" VALUES(12225,0,'君津市');
INSERT INTO "municipality_names" VALUES(12225,1,'きみつし');
INSERT INTO "municipality_names" VALUES(12226,0,'富津市');
INSERT INTO "municipality_names" VALUES(12226,1,'ふっつし');
INSERT INTO "municipality_names" VALUES(12227,0,'浦安市');
INSERT INTO "municipality_names" VALUES(12227,1,'うらやすし');
INSERT INTO "municipality_names" VALUES(12228,0,'四街道市');
INSERT INTO "municipality_names" VALUES(12228,1,'よつかいどうし');
INSERT INTO "municipality_names" VALUES(12229,0,'袖ヶ浦市');
INSERT INTO "municipality_names" VALUES(12229,1,'そでがうらし');
INSERT INTO "municipality_names" VALUES(12230,0,'八街市');
INSERT INTO "municipality_names" VALUES(12230,1,'やちまたし');
INSERT INTO "municipality_names" VALUES(12231,0,'印西市');
INSERT INTO "municipality_names" VALUES(12231,1,'いんざいし');
INSERT INTO "municipality_names" VALUES(12232,0,'白井市');
INSERT INTO "municipality_names" VALUES(12232,1,'しろいし');
INSERT INTO "municipality_names" VALUES(12233,0,'富里市');
INSERT INTO "municipality_names" VALUES(12233,1,'とみさとし');
INSERT INTO "municipality_names" VALUES(12234,0,'南房総市');
INSERT INTO "municipality_names" VALUES(12234,1,'みなみぼうそうし');
INSERT INTO "municipality_names" VALUES(12235,0,'匝瑳市');
INSERT INTO "municipality_names" VALUES(12235,1,'そうさし');
INSERT INTO "municipality_names" VALUES(12236,0,'香取市');
INSERT INTO "municipality_names" VALUES(12236,1,'かとりし');
INSERT INTO "municipality_names" VALUES(12237,0,'山武市');
INSERT INTO "municipality_names" VALUES(12237,1,'さんむし');
INSERT INTO "municipality_names" VALUES(12238,0,'いすみ市');
INSERT INTO "municipality_names" VALUES(12238,1,'いすみし');
INSERT INTO "municipality_names" VALUES(12239,0,'大網白里市');
INSERT INTO "municipality_names" VALUES(12239,1,'おおあみしらさとし');
INSERT INTO "municipality_names" VALUES(12320,0,'印旛郡');
INSERT INTO "municipality_names" VALUES(12320,1,'いんばぐん');
INSERT INTO "municipality_names" VALUES(12322,0,'酒々井町');
INSERT INTO "municipality_names" VALUES(12322,1,'しすいまち');
INSERT INTO "municipality_names" VALUES(12329,0,'栄町');
INSERT INTO "municipality_names" VALUES(12329,1,'さかえまち');
INSERT INTO "municipality_names" VALUES(12340,0,'香取郡');
INSERT INTO "municipality_names" VALUES(12340,1,'かとりぐん');
INSERT INTO "municipality_names" VALUES(12342,0,'神崎町');
INSERT INTO "municipality_names" VALUES(12342,1,'こうざきまち');
INSERT INTO "municipality_names" VALUES(12347,0,'多古町');
INSERT INTO "municipality_names" VALUES(12347,1,'たこまち');
INSERT INTO "municipality_names" VALUES(12349,0,'東庄町');
INSERT INTO "municipality_names" VALUES(12349,1,'とうのしょうまち');
INSERT INTO "municipality_names" VALUES(12400,0,'山武郡');
INSERT INTO "municipality_names" VALUES(12400,1,'さんぶぐん');
INSERT INTO "municipality_names" VALUES(12403,0,'九十九里町');
INSERT INTO "municipality_names" VALUES(12403,1,'くじゅうくりまち');
INSERT INTO "municipality_names" VALUES(12409,0,'芝山町');
INSERT INTO "municipality_names" VALUES(12409,1,'しばやままち');
INSERT INTO "municipality_names" VALUES(12410,0,'横芝光町');
INSERT INTO "municipality_names" VALUES(12410,1,'よこしばひかりまち');
INSERT INTO "municipality_names" VALUES(12420,0,'長生郡');
INSERT INTO "municipality_names" VALUES(12420,1,'ちょうせいぐん');
INSERT INTO "municipality_names" VALUES(12421,0,'一宮町');
INSERT INTO "municipality_names" VALUES(12421,1,'いちのみやまち');
INSERT INTO "municipality_names" VALUES(12422,0,'睦沢町');
INSERT INTO "municipality_names" VALUES(12422,1,'むつざわまち');
INSERT INTO "municipality_names" VALUES(12423,0,'長生村');
INSERT INTO "municipality_names" VALUES(12423,1,'ちょうせいむら');
INSERT INTO "municipality_names" VALUES(12424,0,'白子町');
INSERT INTO "municipality_names" VALUES(12424,1,'しらこまち');
INSERT INTO "municipality_names" VALUES(12426,0,'長柄町');
INSERT INTO "municipality_names" VALUES(12426,1,'ながらまち');
INSERT INTO "municipality_names" VALUES(12427,0,'長南町');
INSERT INTO "municipality_names" VALUES(12427,1,'ちょうなんまち');
INSERT INTO "municipality_names" VALUES(12440,0,'夷隅郡');
INSERT INTO "municipality_names" VALUES(12440,1,'いすみぐん');
INSERT INTO "municipality_names" VALUES(12441,0,'大多喜町');
INSERT INTO "municipality_names" VALUES(12441,1,'おおたきまち');
INSERT INTO "municipality_names" VALUES(12443,0,'御宿町');
INSERT INTO "municipality_names" VALUES(12443,1,'おんじゅくまち');
INSERT INTO "municipality_names" VALUES(12460,0,'安房郡');
INSERT INTO "municipality_names" VALUES(12460,1,'あわぐん');
INSERT INTO "municipality_names" VALUES(12463,0,'鋸南町');
INSERT INTO "municipality_names" VALUES(12463,1,'きょなんまち');
CREATE TABLE municipality_tree
(
    parent_id INTEGER NULL,
    child_id INTEGER NOT NULL
);
INSERT INTO "municipality_tree" VALUES(NULL,12000);
INSERT INTO "municipality_tree" VALUES(12000,12100);
INSERT INTO "municipality_tree" VALUES(12100,12101);
INSERT INTO "municipality_tree" VALUES(12100,12102);
INSERT INTO "municipality_tree" VALUES(12100,12103);
INSERT INTO "municipality_tree" VALUES(12100,12104);
INSERT INTO "municipality_tree" VALUES(12100,12105);
INSERT INTO "municipality_tree" VALUES(12100,12106);
INSERT INTO "municipality_tree" VALUES(12000,12202);
INSERT INTO "municipality_tree" VALUES(12000,12203);
INSERT INTO "municipality_tree" VALUES(12000,12204);
INSERT INTO "municipality_tree" VALUES(12000,12205);
INSERT INTO "municipality_tree" VALUES(12000,12206);
INSERT INTO "municipality_tree" VALUES(12000,12207);
INSERT INTO "municipality_tree" VALUES(12000,12208);
INSERT INTO "municipality_tree" VALUES(12000,12210);
INSERT INTO "municipality_tree" VALUES(12000,12211);
INSERT INTO "municipality_tree" VALUES(12000,12212);
INSERT INTO "municipality_tree" VALUES(12000,12213);
INSERT INTO "municipality_tree" VALUES(12000,12215);
INSERT INTO "municipality_tree" VALUES(12000,12216);
INSERT INTO "municipality_tree" VALUES(12000,12217);
INSERT INTO "municipality_tree" VALUES(12000,12218);
INSERT INTO "municipality_tree" VALUES(12000,12219);
INSERT INTO "municipality_tree" VALUES(12000,12220);
INSERT INTO "municipality_tree" VALUES(12000,12221);
INSERT INTO "municipality_tree" VALUES(12000,12222);
INSERT INTO "municipality_tree" VALUES(12000,12223);
INSERT INTO "municipality_tree" VALUES(12000,12224);
INSERT INTO "municipality_tree" VALUES(12000,12225);
INSERT INTO "municipality_tree" VALUES(12000,12226);
INSERT INTO "municipality_tree" VALUES(12000,12227);
INSERT INTO "municipality_tree" VALUES(12000,12228);
INSERT INTO "municipality_tree" VALUES(12000,12229);
INSERT INTO "municipality_tree" VALUES(12000,12230);
INSERT INTO "municipality_tree" VALUES(12000,12231);
INSERT INTO "municipality_tree" VALUES(12000,12232);
INSERT INTO "municipality_tree" VALUES(12000,12233);
INSERT INTO "municipality_tree" VALUES(12000,12234);
INSERT INTO "municipality_tree" VALUES(12000,12235);
INSERT INTO "municipality_tree" VALUES(12000,12236);
INSERT INTO "municipality_tree" VALUES(12000,12237);
INSERT INTO "municipality_tree" VALUES(12000,12238);
INSERT INTO "municipality_tree" VALUES(12000,12239);
INSERT INTO "municipality_tree" VALUES(12000,12320);
INSERT INTO "municipality_tree" VALUES(12320,12322);
INSERT INTO "municipality_tree" VALUES(12320,12329);
INSERT INTO "municipality_tree" VALUES(12000,12340);
INSERT INTO "municipality_tree" VALUES(12340,12342);
INSERT INTO "municipality_tree" VALUES(12340,12347);
INSERT INTO "municipality_tree" VALUES(12340,12349);
INSERT INTO "municipality_tree" VALUES(12000,12400);
INSERT INTO "municipality_tree" VALUES(12400,12403);
INSERT INTO "municipality_tree" VALUES(12400,12409);
INSERT INTO "municipality_tree" VALUES(12400,12410);
INSERT INTO "municipality_tree" VALUES(12000,12420);
INSERT INTO "municipality_tree" VALUES(12420,12421);
INSERT INTO "municipality_tree" VALUES(12420,12422);
INSERT INTO "municipality_tree" VALUES(12420,12423);
INSERT INTO "municipality_tree" VALUES(12420,12424);
INSERT INTO "municipality_tree" VALUES(12420,12426);
INSERT INTO "municipality_tree" VALUES(12420,12427);
INSERT INTO "municipality_tree" VALUES(12000,12440);
INSERT INTO "municipality_tree" VALUES(12440,12441);
INSERT INTO "municipality_tree" VALUES(12440,12443);
INSERT INTO "municipality_tree" VALUES(12000,12460);
INSERT INTO "municipality_tree" VALUES(12460,12463);
COMMIT;
