BEGIN TRANSACTION;
CREATE TABLE area_names
(
    area_id INTEGER NOT NULL,
    notation_id INTEGER NOT NULL,
    area_name TEXT UNIQUE NOT NULL,
    PRIMARY KEY(area_id, notation_id)
);
INSERT INTO "area_names" VALUES(1,0,'ベイエリア');
INSERT INTO "area_names" VALUES(2,0,'東葛飾エリア');
INSERT INTO "area_names" VALUES(3,0,'北総エリア');
INSERT INTO "area_names" VALUES(4,0,'九十九里エリア');
INSERT INTO "area_names" VALUES(5,0,'南房総エリア');
INSERT INTO "area_names" VALUES(6,0,'かずさ・臨海エリア');
CREATE TABLE municipality_list
(
    `index` INTEGER PRIMARY KEY,
    id INTEGER UNIQUE NOT NULL
);
INSERT INTO "municipality_list" VALUES(1,12208);
INSERT INTO "municipality_list" VALUES(2,12220);
INSERT INTO "municipality_list" VALUES(3,12217);
INSERT INTO "municipality_list" VALUES(4,12222);
INSERT INTO "municipality_list" VALUES(5,12207);
INSERT INTO "municipality_list" VALUES(6,12227);
INSERT INTO "municipality_list" VALUES(7,12203);
INSERT INTO "municipality_list" VALUES(8,12224);
INSERT INTO "municipality_list" VALUES(9,12232);
INSERT INTO "municipality_list" VALUES(10,12204);
INSERT INTO "municipality_list" VALUES(11,12221);
INSERT INTO "municipality_list" VALUES(12,12231);
INSERT INTO "municipality_list" VALUES(13,12216);
INSERT INTO "municipality_list" VALUES(14,12104);
INSERT INTO "municipality_list" VALUES(15,12101);
INSERT INTO "municipality_list" VALUES(16,12106);
INSERT INTO "municipality_list" VALUES(17,12105);
INSERT INTO "municipality_list" VALUES(18,12103);
INSERT INTO "municipality_list" VALUES(19,12102);
INSERT INTO "municipality_list" VALUES(20,12228);
INSERT INTO "municipality_list" VALUES(21,12212);
INSERT INTO "municipality_list" VALUES(22,12329);
INSERT INTO "municipality_list" VALUES(23,12322);
INSERT INTO "municipality_list" VALUES(24,12211);
INSERT INTO "municipality_list" VALUES(25,12230);
INSERT INTO "municipality_list" VALUES(26,12233);
INSERT INTO "municipality_list" VALUES(27,12342);
INSERT INTO "municipality_list" VALUES(28,12349);
INSERT INTO "municipality_list" VALUES(29,12347);
INSERT INTO "municipality_list" VALUES(30,12236);
INSERT INTO "municipality_list" VALUES(31,12202);
INSERT INTO "municipality_list" VALUES(32,12215);
INSERT INTO "municipality_list" VALUES(33,12409);
INSERT INTO "municipality_list" VALUES(34,12410);
INSERT INTO "municipality_list" VALUES(35,12403);
INSERT INTO "municipality_list" VALUES(36,12235);
INSERT INTO "municipality_list" VALUES(37,12237);
INSERT INTO "municipality_list" VALUES(38,12213);
INSERT INTO "municipality_list" VALUES(39,12239);
INSERT INTO "municipality_list" VALUES(40,12219);
INSERT INTO "municipality_list" VALUES(41,12441);
INSERT INTO "municipality_list" VALUES(42,12443);
INSERT INTO "municipality_list" VALUES(43,12426);
INSERT INTO "municipality_list" VALUES(44,12424);
INSERT INTO "municipality_list" VALUES(45,12427);
INSERT INTO "municipality_list" VALUES(46,12422);
INSERT INTO "municipality_list" VALUES(47,12423);
INSERT INTO "municipality_list" VALUES(48,12421);
INSERT INTO "municipality_list" VALUES(49,12210);
INSERT INTO "municipality_list" VALUES(50,12229);
INSERT INTO "municipality_list" VALUES(51,12206);
INSERT INTO "municipality_list" VALUES(52,12226);
INSERT INTO "municipality_list" VALUES(53,12225);
INSERT INTO "municipality_list" VALUES(54,12238);
INSERT INTO "municipality_list" VALUES(55,12463);
INSERT INTO "municipality_list" VALUES(56,12223);
INSERT INTO "municipality_list" VALUES(57,12218);
INSERT INTO "municipality_list" VALUES(58,12234);
INSERT INTO "municipality_list" VALUES(59,12205);
CREATE TABLE municipality_names
(
    municipality_id INTEGER NOT NULL,
    notation_id INTEGER NOT NULL,
    municipality_name TEXT UNIQUE NOT NULL,
    PRIMARY KEY(municipality_id, notation_id)
);
INSERT INTO "municipality_names" VALUES(12000,0,'千葉県');
INSERT INTO "municipality_names" VALUES(12000,1,'ちばけん');
INSERT INTO "municipality_names" VALUES(12100,0,'千葉市');
INSERT INTO "municipality_names" VALUES(12100,1,'ちばし');
INSERT INTO "municipality_names" VALUES(12101,0,'中央区');
INSERT INTO "municipality_names" VALUES(12101,1,'ちゅうおうく');
INSERT INTO "municipality_names" VALUES(12102,0,'花見川区');
INSERT INTO "municipality_names" VALUES(12102,1,'はなみがわく');
INSERT INTO "municipality_names" VALUES(12103,0,'稲毛区');
INSERT INTO "municipality_names" VALUES(12103,1,'いなげく');
INSERT INTO "municipality_names" VALUES(12104,0,'若葉区');
INSERT INTO "municipality_names" VALUES(12104,1,'わかばく');
INSERT INTO "municipality_names" VALUES(12105,0,'緑区');
INSERT INTO "municipality_names" VALUES(12105,1,'みどりく');
INSERT INTO "municipality_names" VALUES(12106,0,'美浜区');
INSERT INTO "municipality_names" VALUES(12106,1,'みはまく');
INSERT INTO "municipality_names" VALUES(12202,0,'銚子市');
INSERT INTO "municipality_names" VALUES(12202,1,'ちょうしし');
INSERT INTO "municipality_names" VALUES(12203,0,'市川市');
INSERT INTO "municipality_names" VALUES(12203,1,'いちかわし');
INSERT INTO "municipality_names" VALUES(12204,0,'船橋市');
INSERT INTO "municipality_names" VALUES(12204,1,'ふなばしし');
INSERT INTO "municipality_names" VALUES(12205,0,'館山市');
INSERT INTO "municipality_names" VALUES(12205,1,'たてやまし');
INSERT INTO "municipality_names" VALUES(12206,0,'木更津市');
INSERT INTO "municipality_names" VALUES(12206,1,'きさらづし');
INSERT INTO "municipality_names" VALUES(12207,0,'松戸市');
INSERT INTO "municipality_names" VALUES(12207,1,'まつどし');
INSERT INTO "municipality_names" VALUES(12208,0,'野田市');
INSERT INTO "municipality_names" VALUES(12208,1,'のだし');
INSERT INTO "municipality_names" VALUES(12210,0,'茂原市');
INSERT INTO "municipality_names" VALUES(12210,1,'もばらし');
INSERT INTO "municipality_names" VALUES(12211,0,'成田市');
INSERT INTO "municipality_names" VALUES(12211,1,'なりたし');
INSERT INTO "municipality_names" VALUES(12212,0,'佐倉市');
INSERT INTO "municipality_names" VALUES(12212,1,'さくらし');
INSERT INTO "municipality_names" VALUES(12213,0,'東金市');
INSERT INTO "municipality_names" VALUES(12213,1,'とうがねし');
INSERT INTO "municipality_names" VALUES(12215,0,'旭市');
INSERT INTO "municipality_names" VALUES(12215,1,'あさひし');
INSERT INTO "municipality_names" VALUES(12216,0,'習志野市');
INSERT INTO "municipality_names" VALUES(12216,1,'ならしのし');
INSERT INTO "municipality_names" VALUES(12217,0,'柏市');
INSERT INTO "municipality_names" VALUES(12217,1,'かしわし');
INSERT INTO "municipality_names" VALUES(12218,0,'勝浦市');
INSERT INTO "municipality_names" VALUES(12218,1,'かつうらし');
INSERT INTO "municipality_names" VALUES(12219,0,'市原市');
INSERT INTO "municipality_names" VALUES(12219,1,'いちはらし');
INSERT INTO "municipality_names" VALUES(12220,0,'流山市');
INSERT INTO "municipality_names" VALUES(12220,1,'ながれやまし');
INSERT INTO "municipality_names" VALUES(12221,0,'八千代市');
INSERT INTO "municipality_names" VALUES(12221,1,'やちよし');
INSERT INTO "municipality_names" VALUES(12222,0,'我孫子市');
INSERT INTO "municipality_names" VALUES(12222,1,'あびこし');
INSERT INTO "municipality_names" VALUES(12223,0,'鴨川市');
INSERT INTO "municipality_names" VALUES(12223,1,'かもがわし');
INSERT INTO "municipality_names" VALUES(12224,0,'鎌ヶ谷市');
INSERT INTO "municipality_names" VALUES(12224,1,'かまがやし');
INSERT INTO "municipality_names" VALUES(12225,0,'君津市');
INSERT INTO "municipality_names" VALUES(12225,1,'きみつし');
INSERT INTO "municipality_names" VALUES(12226,0,'富津市');
INSERT INTO "municipality_names" VALUES(12226,1,'ふっつし');
INSERT INTO "municipality_names" VALUES(12227,0,'浦安市');
INSERT INTO "municipality_names" VALUES(12227,1,'うらやすし');
INSERT INTO "municipality_names" VALUES(12228,0,'四街道市');
INSERT INTO "municipality_names" VALUES(12228,1,'よつかいどうし');
INSERT INTO "municipality_names" VALUES(12229,0,'袖ヶ浦市');
INSERT INTO "municipality_names" VALUES(12229,1,'そでがうらし');
INSERT INTO "municipality_names" VALUES(12230,0,'八街市');
INSERT INTO "municipality_names" VALUES(12230,1,'やちまたし');
INSERT INTO "municipality_names" VALUES(12231,0,'印西市');
INSERT INTO "municipality_names" VALUES(12231,1,'いんざいし');
INSERT INTO "municipality_names" VALUES(12232,0,'白井市');
INSERT INTO "municipality_names" VALUES(12232,1,'しろいし');
INSERT INTO "municipality_names" VALUES(12233,0,'富里市');
INSERT INTO "municipality_names" VALUES(12233,1,'とみさとし');
INSERT INTO "municipality_names" VALUES(12234,0,'南房総市');
INSERT INTO "municipality_names" VALUES(12234,1,'みなみぼうそうし');
INSERT INTO "municipality_names" VALUES(12235,0,'匝瑳市');
INSERT INTO "municipality_names" VALUES(12235,1,'そうさし');
INSERT INTO "municipality_names" VALUES(12236,0,'香取市');
INSERT INTO "municipality_names" VALUES(12236,1,'かとりし');
INSERT INTO "municipality_names" VALUES(12237,0,'山武市');
INSERT INTO "municipality_names" VALUES(12237,1,'さんむし');
INSERT INTO "municipality_names" VALUES(12238,0,'いすみ市');
INSERT INTO "municipality_names" VALUES(12238,1,'いすみし');
INSERT INTO "municipality_names" VALUES(12239,0,'大網白里市');
INSERT INTO "municipality_names" VALUES(12239,1,'おおあみしらさとし');
INSERT INTO "municipality_names" VALUES(12320,0,'印旛郡');
INSERT INTO "municipality_names" VALUES(12320,1,'いんばぐん');
INSERT INTO "municipality_names" VALUES(12322,0,'酒々井町');
INSERT INTO "municipality_names" VALUES(12322,1,'しすいまち');
INSERT INTO "municipality_names" VALUES(12329,0,'栄町');
INSERT INTO "municipality_names" VALUES(12329,1,'さかえまち');
INSERT INTO "municipality_names" VALUES(12340,0,'香取郡');
INSERT INTO "municipality_names" VALUES(12340,1,'かとりぐん');
INSERT INTO "municipality_names" VALUES(12342,0,'神崎町');
INSERT INTO "municipality_names" VALUES(12342,1,'こうざきまち');
INSERT INTO "municipality_names" VALUES(12347,0,'多古町');
INSERT INTO "municipality_names" VALUES(12347,1,'たこまち');
INSERT INTO "municipality_names" VALUES(12349,0,'東庄町');
INSERT INTO "municipality_names" VALUES(12349,1,'とうのしょうまち');
INSERT INTO "municipality_names" VALUES(12400,0,'山武郡');
INSERT INTO "municipality_names" VALUES(12400,1,'さんぶぐん');
INSERT INTO "municipality_names" VALUES(12403,0,'九十九里町');
INSERT INTO "municipality_names" VALUES(12403,1,'くじゅうくりまち');
INSERT INTO "municipality_names" VALUES(12409,0,'芝山町');
INSERT INTO "municipality_names" VALUES(12409,1,'しばやままち');
INSERT INTO "municipality_names" VALUES(12410,0,'横芝光町');
INSERT INTO "municipality_names" VALUES(12410,1,'よこしばひかりまち');
INSERT INTO "municipality_names" VALUES(12420,0,'長生郡');
INSERT INTO "municipality_names" VALUES(12420,1,'ちょうせいぐん');
INSERT INTO "municipality_names" VALUES(12421,0,'一宮町');
INSERT INTO "municipality_names" VALUES(12421,1,'いちのみやまち');
INSERT INTO "municipality_names" VALUES(12422,0,'睦沢町');
INSERT INTO "municipality_names" VALUES(12422,1,'むつざわまち');
INSERT INTO "municipality_names" VALUES(12423,0,'長生村');
INSERT INTO "municipality_names" VALUES(12423,1,'ちょうせいむら');
INSERT INTO "municipality_names" VALUES(12424,0,'白子町');
INSERT INTO "municipality_names" VALUES(12424,1,'しらこまち');
INSERT INTO "municipality_names" VALUES(12426,0,'長柄町');
INSERT INTO "municipality_names" VALUES(12426,1,'ながらまち');
INSERT INTO "municipality_names" VALUES(12427,0,'長南町');
INSERT INTO "municipality_names" VALUES(12427,1,'ちょうなんまち');
INSERT INTO "municipality_names" VALUES(12440,0,'夷隅郡');
INSERT INTO "municipality_names" VALUES(12440,1,'いすみぐん');
INSERT INTO "municipality_names" VALUES(12441,0,'大多喜町');
INSERT INTO "municipality_names" VALUES(12441,1,'おおたきまち');
INSERT INTO "municipality_names" VALUES(12443,0,'御宿町');
INSERT INTO "municipality_names" VALUES(12443,1,'おんじゅくまち');
INSERT INTO "municipality_names" VALUES(12460,0,'安房郡');
INSERT INTO "municipality_names" VALUES(12460,1,'あわぐん');
INSERT INTO "municipality_names" VALUES(12463,0,'鋸南町');
INSERT INTO "municipality_names" VALUES(12463,1,'きょなんまち');
CREATE TABLE municipality_tree
(
    parent_id INTEGER NULL,
    child_id INTEGER NOT NULL
);
INSERT INTO "municipality_tree" VALUES(NULL,12000);
INSERT INTO "municipality_tree" VALUES(12000,12100);
INSERT INTO "municipality_tree" VALUES(12100,12101);
INSERT INTO "municipality_tree" VALUES(12100,12102);
INSERT INTO "municipality_tree" VALUES(12100,12103);
INSERT INTO "municipality_tree" VALUES(12100,12104);
INSERT INTO "municipality_tree" VALUES(12100,12105);
INSERT INTO "municipality_tree" VALUES(12100,12106);
INSERT INTO "municipality_tree" VALUES(12000,12202);
INSERT INTO "municipality_tree" VALUES(12000,12203);
INSERT INTO "municipality_tree" VALUES(12000,12204);
INSERT INTO "municipality_tree" VALUES(12000,12205);
INSERT INTO "municipality_tree" VALUES(12000,12206);
INSERT INTO "municipality_tree" VALUES(12000,12207);
INSERT INTO "municipality_tree" VALUES(12000,12208);
INSERT INTO "municipality_tree" VALUES(12000,12210);
INSERT INTO "municipality_tree" VALUES(12000,12211);
INSERT INTO "municipality_tree" VALUES(12000,12212);
INSERT INTO "municipality_tree" VALUES(12000,12213);
INSERT INTO "municipality_tree" VALUES(12000,12215);
INSERT INTO "municipality_tree" VALUES(12000,12216);
INSERT INTO "municipality_tree" VALUES(12000,12217);
INSERT INTO "municipality_tree" VALUES(12000,12218);
INSERT INTO "municipality_tree" VALUES(12000,12219);
INSERT INTO "municipality_tree" VALUES(12000,12220);
INSERT INTO "municipality_tree" VALUES(12000,12221);
INSERT INTO "municipality_tree" VALUES(12000,12222);
INSERT INTO "municipality_tree" VALUES(12000,12223);
INSERT INTO "municipality_tree" VALUES(12000,12224);
INSERT INTO "municipality_tree" VALUES(12000,12225);
INSERT INTO "municipality_tree" VALUES(12000,12226);
INSERT INTO "municipality_tree" VALUES(12000,12227);
INSERT INTO "municipality_tree" VALUES(12000,12228);
INSERT INTO "municipality_tree" VALUES(12000,12229);
INSERT INTO "municipality_tree" VALUES(12000,12230);
INSERT INTO "municipality_tree" VALUES(12000,12231);
INSERT INTO "municipality_tree" VALUES(12000,12232);
INSERT INTO "municipality_tree" VALUES(12000,12233);
INSERT INTO "municipality_tree" VALUES(12000,12234);
INSERT INTO "municipality_tree" VALUES(12000,12235);
INSERT INTO "municipality_tree" VALUES(12000,12236);
INSERT INTO "municipality_tree" VALUES(12000,12237);
INSERT INTO "municipality_tree" VALUES(12000,12238);
INSERT INTO "municipality_tree" VALUES(12000,12239);
INSERT INTO "municipality_tree" VALUES(12000,12320);
INSERT INTO "municipality_tree" VALUES(12320,12322);
INSERT INTO "municipality_tree" VALUES(12320,12329);
INSERT INTO "municipality_tree" VALUES(12000,12340);
INSERT INTO "municipality_tree" VALUES(12340,12342);
INSERT INTO "municipality_tree" VALUES(12340,12347);
INSERT INTO "municipality_tree" VALUES(12340,12349);
INSERT INTO "municipality_tree" VALUES(12000,12400);
INSERT INTO "municipality_tree" VALUES(12400,12403);
INSERT INTO "municipality_tree" VALUES(12400,12409);
INSERT INTO "municipality_tree" VALUES(12400,12410);
INSERT INTO "municipality_tree" VALUES(12000,12420);
INSERT INTO "municipality_tree" VALUES(12420,12421);
INSERT INTO "municipality_tree" VALUES(12420,12422);
INSERT INTO "municipality_tree" VALUES(12420,12423);
INSERT INTO "municipality_tree" VALUES(12420,12424);
INSERT INTO "municipality_tree" VALUES(12420,12426);
INSERT INTO "municipality_tree" VALUES(12420,12427);
INSERT INTO "municipality_tree" VALUES(12000,12440);
INSERT INTO "municipality_tree" VALUES(12440,12441);
INSERT INTO "municipality_tree" VALUES(12440,12443);
INSERT INTO "municipality_tree" VALUES(12000,12460);
INSERT INTO "municipality_tree" VALUES(12460,12463);
CREATE TABLE spot_addresses
(
    spot_id INTEGER PRIMARY KEY,
    spot_address TEXT NOT NULL
);
INSERT INTO "spot_addresses" VALUES(207134,'銚子市八木町1777-1');
INSERT INTO "spot_addresses" VALUES(207135,'館山市館山351-2');
INSERT INTO "spot_addresses" VALUES(207136,'成田市仲町381');
INSERT INTO "spot_addresses" VALUES(207137,'旭市萩園1437');
INSERT INTO "spot_addresses" VALUES(207138,'八街市八街ほ796-1');
INSERT INTO "spot_addresses" VALUES(207139,'八街市中央14-1');
INSERT INTO "spot_addresses" VALUES(207140,'香取市佐原イ1722-1');
INSERT INTO "spot_addresses" VALUES(207141,'夷隅郡御宿町岩和田702');
INSERT INTO "spot_addresses" VALUES(207143,'山武市蓮沼ハ4826');
INSERT INTO "spot_addresses" VALUES(207144,'船橋市山手1-1-8');
INSERT INTO "spot_addresses" VALUES(207145,'八千代市緑が丘2-1-3');
INSERT INTO "spot_addresses" VALUES(207146,'市川市鬼高1-1-1');
INSERT INTO "spot_addresses" VALUES(207147,'浦安市入船1-4-1');
INSERT INTO "spot_addresses" VALUES(207148,'習志野市谷津1-16-1');
INSERT INTO "spot_addresses" VALUES(207149,'千葉市中央区青葉町955-2');
INSERT INTO "spot_addresses" VALUES(207150,'千葉市中央区 中央港1-10-1');
INSERT INTO "spot_addresses" VALUES(208179,'野田市関宿三軒家143-4');
INSERT INTO "spot_addresses" VALUES(208180,'野田市東宝珠花237番地1いちいのホール5階');
INSERT INTO "spot_addresses" VALUES(208181,'野田市三ツ堀369');
INSERT INTO "spot_addresses" VALUES(208182,'野田市清水906');
INSERT INTO "spot_addresses" VALUES(208183,'野田市桜台210');
INSERT INTO "spot_addresses" VALUES(208184,'野田市野田370-8');
INSERT INTO "spot_addresses" VALUES(208185,'野田市野田250');
INSERT INTO "spot_addresses" VALUES(208186,'野田市関宿町1273');
INSERT INTO "spot_addresses" VALUES(208187,'野田市上花輪507');
INSERT INTO "spot_addresses" VALUES(208188,'流山市流山6-649');
INSERT INTO "spot_addresses" VALUES(208227,'流山市流山6-670-1');
INSERT INTO "spot_addresses" VALUES(208228,'流山市流山2-109-9');
INSERT INTO "spot_addresses" VALUES(208229,'流山市流山2-101-1');
INSERT INTO "spot_addresses" VALUES(208230,'流山市流山3-90');
INSERT INTO "spot_addresses" VALUES(208231,'流山市流山1-153');
INSERT INTO "spot_addresses" VALUES(208232,'流山市加1-1225-6');
INSERT INTO "spot_addresses" VALUES(208233,'流山市東深井368-1');
INSERT INTO "spot_addresses" VALUES(208234,'柏市中十余二399-1');
INSERT INTO "spot_addresses" VALUES(208235,'柏市布施1738');
INSERT INTO "spot_addresses" VALUES(208236,'柏市花野井字原974-1');
INSERT INTO "spot_addresses" VALUES(208237,'柏市呼塚新田字南道灌橋205他');
INSERT INTO "spot_addresses" VALUES(208238,'柏市柏市高田100');
INSERT INTO "spot_addresses" VALUES(208239,'柏市箕輪新田59-2');
INSERT INTO "spot_addresses" VALUES(208240,'柏市手賀666-2');
INSERT INTO "spot_addresses" VALUES(208241,'柏市布瀬89-1');
INSERT INTO "spot_addresses" VALUES(208242,'柏市岩井424');
INSERT INTO "spot_addresses" VALUES(208243,'柏市布施2005-2');
INSERT INTO "spot_addresses" VALUES(208244,'柏市柳戸612');
INSERT INTO "spot_addresses" VALUES(208245,'柏市増尾字稲荷下650他');
INSERT INTO "spot_addresses" VALUES(208246,'我孫子市若松1');
INSERT INTO "spot_addresses" VALUES(208247,'我孫子市高野山新田193');
INSERT INTO "spot_addresses" VALUES(208248,'我孫子市緑2-11-8');
INSERT INTO "spot_addresses" VALUES(208249,'我孫子市緑2-5-5');
INSERT INTO "spot_addresses" VALUES(208250,'我孫子市寿2-27-9');
INSERT INTO "spot_addresses" VALUES(208251,'我孫子市日秀90');
INSERT INTO "spot_addresses" VALUES(208252,'我孫子市新木1812');
INSERT INTO "spot_addresses" VALUES(208253,'千葉県松戸市松戸７１４−１ 戸定が丘歴史公園');
INSERT INTO "spot_addresses" VALUES(208254,'松戸市平賀63');
INSERT INTO "spot_addresses" VALUES(208255,'松戸市下矢切1257');
INSERT INTO "spot_addresses" VALUES(208256,'旭市イ2337');
INSERT INTO "spot_addresses" VALUES(208257,'松戸市千駄堀671');
INSERT INTO "spot_addresses" VALUES(208258,'松戸市五香8-31-1');
INSERT INTO "spot_addresses" VALUES(208259,'浦安市猫実1-2-7');
INSERT INTO "spot_addresses" VALUES(208260,'浦安市堀江3-1-8');
INSERT INTO "spot_addresses" VALUES(208261,'浦安市日の出7-9-1');
INSERT INTO "spot_addresses" VALUES(208262,'浦安市堀江3-3-1');
INSERT INTO "spot_addresses" VALUES(208263,'浦安市堀江3-4-8');
INSERT INTO "spot_addresses" VALUES(208264,'市川市鬼高1-1-3');
INSERT INTO "spot_addresses" VALUES(208265,'市川市福栄4-22-11');
INSERT INTO "spot_addresses" VALUES(208266,'市川市中山2-10-1');
INSERT INTO "spot_addresses" VALUES(208267,'市川市大町284-1');
INSERT INTO "spot_addresses" VALUES(208268,'市川市市川南1-10-1ザ・タワーズ・ウエスト45階');
INSERT INTO "spot_addresses" VALUES(208269,'市川市国分6-10-1');
INSERT INTO "spot_addresses" VALUES(208270,'市川市堀之内2-26-1');
INSERT INTO "spot_addresses" VALUES(208271,'市川市本塩21-3');
INSERT INTO "spot_addresses" VALUES(208272,'市川市菅野1-15-2');
INSERT INTO "spot_addresses" VALUES(208273,'市川市北国分1-1');
INSERT INTO "spot_addresses" VALUES(208274,'市川市真間4-9-1');
INSERT INTO "spot_addresses" VALUES(208275,'市川市八幡4-2-1');
INSERT INTO "spot_addresses" VALUES(208276,'鎌ケ谷市鎌ケ谷1-5');
INSERT INTO "spot_addresses" VALUES(208277,'鎌ケ谷市中沢459');
INSERT INTO "spot_addresses" VALUES(208278,'鎌ケ谷市初富本町2丁目22番');
INSERT INTO "spot_addresses" VALUES(208279,'鎌ケ谷市初富924-6他');
INSERT INTO "spot_addresses" VALUES(208280,'鎌ケ谷市東中沢2-1');
INSERT INTO "spot_addresses" VALUES(208281,'鎌ケ谷市中央1-8-31');
INSERT INTO "spot_addresses" VALUES(208282,'白井市復1459-12');
INSERT INTO "spot_addresses" VALUES(208283,'船橋市潮見町40');
INSERT INTO "spot_addresses" VALUES(208284,'船橋市金堀町525');
INSERT INTO "spot_addresses" VALUES(208285,'船橋市大神保町1356-3');
INSERT INTO "spot_addresses" VALUES(208286,'船橋市大神保町586-2');
INSERT INTO "spot_addresses" VALUES(208287,'船橋市潮見町40');
INSERT INTO "spot_addresses" VALUES(208288,'船橋市行田3-7-1');
INSERT INTO "spot_addresses" VALUES(208289,'船橋市宮本5-2-1');
INSERT INTO "spot_addresses" VALUES(208290,'船橋市日の出1-22-1');
INSERT INTO "spot_addresses" VALUES(208291,'八千代市大和田新田755');
INSERT INTO "spot_addresses" VALUES(208292,'八千代市米本4905−1');
INSERT INTO "spot_addresses" VALUES(208293,'八千代市村上901-2');
INSERT INTO "spot_addresses" VALUES(208294,'八千代市ゆりのき台3-8-1');
INSERT INTO "spot_addresses" VALUES(208295,'八千代市大和田新田640-7');
INSERT INTO "spot_addresses" VALUES(208296,'八千代市村上1170-2');
INSERT INTO "spot_addresses" VALUES(208297,'八千代市村上1530−1');
INSERT INTO "spot_addresses" VALUES(208298,'八千代市米本1587');
INSERT INTO "spot_addresses" VALUES(208299,'千葉県八千代市真木野２４４');
INSERT INTO "spot_addresses" VALUES(208300,'八千代市小池531');
INSERT INTO "spot_addresses" VALUES(208301,'八千代市保品917');
INSERT INTO "spot_addresses" VALUES(208302,'八千代市吉橋804');
INSERT INTO "spot_addresses" VALUES(208303,'千葉県八千代市高津１３４７');
INSERT INTO "spot_addresses" VALUES(208304,'八千代市萱田1427');
INSERT INTO "spot_addresses" VALUES(208305,'印西市原山1-12-1');
INSERT INTO "spot_addresses" VALUES(208306,'印西市木下1489-1');
INSERT INTO "spot_addresses" VALUES(208307,'印西市草深178-2');
INSERT INTO "spot_addresses" VALUES(208308,'習志野市谷津3-1-14');
INSERT INTO "spot_addresses" VALUES(208309,'習志野市秋津5-1-1');
INSERT INTO "spot_addresses" VALUES(208310,'千葉市若葉区野呂町108 泉自然公園内');
INSERT INTO "spot_addresses" VALUES(208311,'千葉市中央区亥鼻1-6-1');
INSERT INTO "spot_addresses" VALUES(208312,'千葉市中央区青葉町955-2（青葉の森公園内）');
INSERT INTO "spot_addresses" VALUES(208313,'千葉市若葉区桜木8-33-1');
INSERT INTO "spot_addresses" VALUES(208314,'千葉県千葉市若葉区富田町７１１−１ 富田さとにわ耕園');
INSERT INTO "spot_addresses" VALUES(208315,'千葉市若葉区富田町983-1');
INSERT INTO "spot_addresses" VALUES(208316,'千葉市若葉区源町280');
INSERT INTO "spot_addresses" VALUES(208317,'千葉市中央区中央4-5-1');
INSERT INTO "spot_addresses" VALUES(208318,'千葉市中央区中央3-10-8');
INSERT INTO "spot_addresses" VALUES(208319,'千葉市中央区中央港1-10-1');
INSERT INTO "spot_addresses" VALUES(208320,'千葉市中央区弁天3-1-1');
INSERT INTO "spot_addresses" VALUES(208321,'千葉市中央区弁天4-1-1');
INSERT INTO "spot_addresses" VALUES(208322,'千葉市中央区川崎町1-20');
INSERT INTO "spot_addresses" VALUES(208323,'千葉市美浜区美浜1');
INSERT INTO "spot_addresses" VALUES(208324,'千葉市美浜区中瀬2-1');
INSERT INTO "spot_addresses" VALUES(208325,'千葉市美浜区新港224-1');
INSERT INTO "spot_addresses" VALUES(208326,'千葉市緑区あすみが丘東3－15');
INSERT INTO "spot_addresses" VALUES(208327,'千葉市中央区中央港1-20-1');
INSERT INTO "spot_addresses" VALUES(208328,'千葉市中央区中央港1');
INSERT INTO "spot_addresses" VALUES(208329,'千葉市美浜区高浜7-2');
INSERT INTO "spot_addresses" VALUES(208330,'千葉市緑区土気町34');
INSERT INTO "spot_addresses" VALUES(208331,'千葉市稲毛区稲毛1-8-35(千葉市民ギャラリー･いなげ内)');
INSERT INTO "spot_addresses" VALUES(208332,'千葉市稲毛区稲毛1-16-12');
INSERT INTO "spot_addresses" VALUES(208333,'千葉市若葉区御殿町2549');
INSERT INTO "spot_addresses" VALUES(208334,'千葉市中央区院内1-16-1');
INSERT INTO "spot_addresses" VALUES(208335,'四街道市鹿放ヶ丘284-12');
INSERT INTO "spot_addresses" VALUES(208336,'佐倉市臼井田2714');
INSERT INTO "spot_addresses" VALUES(208337,'佐倉市城内町117');
INSERT INTO "spot_addresses" VALUES(208338,'佐倉市城内町官有無番地');
INSERT INTO "spot_addresses" VALUES(208339,'佐倉市新町210');
INSERT INTO "spot_addresses" VALUES(208340,'佐倉市飯野820');
INSERT INTO "spot_addresses" VALUES(208341,'佐倉市宮小路町57');
INSERT INTO "spot_addresses" VALUES(208342,'佐倉市裏新町1-4');
INSERT INTO "spot_addresses" VALUES(208343,'佐倉市本町81');
INSERT INTO "spot_addresses" VALUES(208344,'佐倉市鏑木町274');
INSERT INTO "spot_addresses" VALUES(208345,'佐倉市鏑木町933-1');
INSERT INTO "spot_addresses" VALUES(208346,'佐倉市城内町5-23');
INSERT INTO "spot_addresses" VALUES(208347,'千葉県佐倉市坂戸631');
INSERT INTO "spot_addresses" VALUES(208348,'印旛郡栄町龍角寺1028');
INSERT INTO "spot_addresses" VALUES(208349,'印旛郡栄町龍角寺1039-1');
INSERT INTO "spot_addresses" VALUES(208350,'印旛郡栄町龍角寺1039-1地先');
INSERT INTO "spot_addresses" VALUES(208351,'印旛郡栄町龍角寺239');
INSERT INTO "spot_addresses" VALUES(208352,'印旛郡栄町安食3620');
INSERT INTO "spot_addresses" VALUES(208353,'印旛郡酒々井町馬橋106');
INSERT INTO "spot_addresses" VALUES(208354,'印旛郡酒々井町本佐倉・佐倉市大佐倉');
INSERT INTO "spot_addresses" VALUES(208355,'印旛郡酒々井町墨1549-1（酒々井町コミュニティプラザ敷地内）');
INSERT INTO "spot_addresses" VALUES(208356,'成田市成田1');
INSERT INTO "spot_addresses" VALUES(208357,'成田市名木730-3');
INSERT INTO "spot_addresses" VALUES(208358,'成田市宗吾1-558');
INSERT INTO "spot_addresses" VALUES(208359,'成田市駒井野1353-1');
INSERT INTO "spot_addresses" VALUES(208360,'成田市駒井野1338-1');
INSERT INTO "spot_addresses" VALUES(208361,'成田市古込1-1');
INSERT INTO "spot_addresses" VALUES(208362,'成田市花崎町付近 （JR成田駅前参道口）');
INSERT INTO "spot_addresses" VALUES(208363,'成田市仲町383-1');
INSERT INTO "spot_addresses" VALUES(208364,'成田市大竹1450');
INSERT INTO "spot_addresses" VALUES(208365,'成田市三里塚御料1-34');
INSERT INTO "spot_addresses" VALUES(208366,'成田市高岡1500');
INSERT INTO "spot_addresses" VALUES(208367,'成田市天神峰80-1');
INSERT INTO "spot_addresses" VALUES(208368,'八街市八街ほ237');
INSERT INTO "spot_addresses" VALUES(208369,'八街市八街ほ796-1');
INSERT INTO "spot_addresses" VALUES(208370,'富里市七栄650-206（旧岩崎久彌末廣農場別邸公園隣）');
INSERT INTO "spot_addresses" VALUES(208371,'富里市高松101');
INSERT INTO "spot_addresses" VALUES(208372,'富里市七栄650-25（旧岩崎家末廣別邸所在地）');
INSERT INTO "spot_addresses" VALUES(208373,'富里市中沢593-1');
INSERT INTO "spot_addresses" VALUES(208374,'香取郡神崎町松崎855');
INSERT INTO "spot_addresses" VALUES(208375,'香取郡神崎町本宿1994');
INSERT INTO "spot_addresses" VALUES(208376,'香取郡神崎町神宿1982-3');
INSERT INTO "spot_addresses" VALUES(208377,'香取郡神崎町並木671');
INSERT INTO "spot_addresses" VALUES(208378,'香取市佐原イ3368（八坂神社境内）');
INSERT INTO "spot_addresses" VALUES(208379,'香取市佐原ｲ1903-1');
INSERT INTO "spot_addresses" VALUES(208380,'香取市佐原ｲ499-1');
INSERT INTO "spot_addresses" VALUES(208381,'香取市扇島1837-2');
INSERT INTO "spot_addresses" VALUES(208382,'香取市佐原イ3981-2（道の駅）佐原イ4051-3（川の駅）');
INSERT INTO "spot_addresses" VALUES(208383,'香取市鳩山344-4');
INSERT INTO "spot_addresses" VALUES(208384,'香取市香取1697-1');
INSERT INTO "spot_addresses" VALUES(208385,'香取市沢1372-1');
INSERT INTO "spot_addresses" VALUES(208386,'香取市牧野1752');
INSERT INTO "spot_addresses" VALUES(208387,'香取市佐原イ1722-1');
INSERT INTO "spot_addresses" VALUES(208388,'香取市佐原ｲ1900-1');
INSERT INTO "spot_addresses" VALUES(208389,'香取市府馬2395');
INSERT INTO "spot_addresses" VALUES(208390,'香取郡東庄町笹川い580-1');
INSERT INTO "spot_addresses" VALUES(208391,'香取郡東庄町小南639');
INSERT INTO "spot_addresses" VALUES(208392,'香取郡東庄町笹川い597');
INSERT INTO "spot_addresses" VALUES(208393,'香取郡東庄町小南690');
INSERT INTO "spot_addresses" VALUES(208394,'銚子市犬吠埼9576');
INSERT INTO "spot_addresses" VALUES(208395,'銚子市潮見町');
INSERT INTO "spot_addresses" VALUES(208396,'銚子市川口町2-6529-34');
INSERT INTO "spot_addresses" VALUES(208397,'銚子市川口町2-6385-267');
INSERT INTO "spot_addresses" VALUES(208398,'銚子市天王台1421-1');
INSERT INTO "spot_addresses" VALUES(208400,'銚子市八木町1777-1');
INSERT INTO "spot_addresses" VALUES(208401,'銚子市猿田町1677');
INSERT INTO "spot_addresses" VALUES(208402,'銚子市妙見町1465');
INSERT INTO "spot_addresses" VALUES(208403,'銚子市馬場町1-1');
INSERT INTO "spot_addresses" VALUES(208404,'銚子市外川町2-10610');
INSERT INTO "spot_addresses" VALUES(208405,'銚子市新生町2-1-5');
INSERT INTO "spot_addresses" VALUES(208406,'銚子市松岸町3-228');
INSERT INTO "spot_addresses" VALUES(208407,'香取郡多古町多古1069-1');
INSERT INTO "spot_addresses" VALUES(208408,'香取郡多古町北中83');
INSERT INTO "spot_addresses" VALUES(208409,'香取郡多古町多古2550');
INSERT INTO "spot_addresses" VALUES(208410,'香取郡多古町多古2444-1');
INSERT INTO "spot_addresses" VALUES(208411,'香取郡多古町多古2613');
INSERT INTO "spot_addresses" VALUES(208412,'香取郡多古町寺作117');
INSERT INTO "spot_addresses" VALUES(208413,'旭市ｲ4337-1イオンタウン旭2階');
INSERT INTO "spot_addresses" VALUES(208414,'旭市長部345-2');
INSERT INTO "spot_addresses" VALUES(208415,'旭市萩園1437（いいおか潮騒ホテル1階東側隣接）');
INSERT INTO "spot_addresses" VALUES(208416,'旭市飯岡2126-1');
INSERT INTO "spot_addresses" VALUES(208418,'松戸市小金359');
INSERT INTO "spot_addresses" VALUES(208419,'山武郡芝山町芝山438-1');
INSERT INTO "spot_addresses" VALUES(208420,'山武郡芝山町岩山111-3');
INSERT INTO "spot_addresses" VALUES(208421,'山武郡芝山町小池2568');
INSERT INTO "spot_addresses" VALUES(208422,'山武郡芝山町岩山2012-6');
INSERT INTO "spot_addresses" VALUES(208423,'山武郡芝山町岩山1864-2');
INSERT INTO "spot_addresses" VALUES(208424,'山武郡芝山町朝倉394-15');
INSERT INTO "spot_addresses" VALUES(208425,'匝瑳市松山1127');
INSERT INTO "spot_addresses" VALUES(208426,'匝瑳市八日市場イ2939');
INSERT INTO "spot_addresses" VALUES(208427,'匝瑳市八日市場ｲ2435');
INSERT INTO "spot_addresses" VALUES(208429,'匝瑳市山桑108');
INSERT INTO "spot_addresses" VALUES(208430,'匝瑳市西小笹1031');
INSERT INTO "spot_addresses" VALUES(208431,'匝瑳市今泉363番地');
INSERT INTO "spot_addresses" VALUES(208432,'匝瑳市八日市場イ2291');
INSERT INTO "spot_addresses" VALUES(208433,'匝瑳市飯高1789');
INSERT INTO "spot_addresses" VALUES(208434,'匝瑳市松山630');
INSERT INTO "spot_addresses" VALUES(208435,'匝瑳市飯塚299-2');
INSERT INTO "spot_addresses" VALUES(208436,'匝瑳市八日市場イ137-1');
INSERT INTO "spot_addresses" VALUES(208437,'匝瑳市安久山197');
INSERT INTO "spot_addresses" VALUES(208438,'山武郡横芝光町坂田字登城地先');
INSERT INTO "spot_addresses" VALUES(208439,'山武郡横芝光町屋形地先');
INSERT INTO "spot_addresses" VALUES(208440,'山武郡横芝光町尾垂浜');
INSERT INTO "spot_addresses" VALUES(208441,'山武郡横芝光町横芝1355-2');
INSERT INTO "spot_addresses" VALUES(208442,'山武郡横芝光町虫生483');
INSERT INTO "spot_addresses" VALUES(208443,'山武市蓮沼ハ4826');
INSERT INTO "spot_addresses" VALUES(208444,'山武市成東2551');
INSERT INTO "spot_addresses" VALUES(208445,'山武市殿台343-2（山武市歴史民俗資料館）');
INSERT INTO "spot_addresses" VALUES(208446,'HGV6+3W 日本、千葉県山武市');
INSERT INTO "spot_addresses" VALUES(208447,'山武市埴谷1904-5');
INSERT INTO "spot_addresses" VALUES(208450,'東金市大豆谷860');
INSERT INTO "spot_addresses" VALUES(208451,'東金市東金1693');
INSERT INTO "spot_addresses" VALUES(208452,'東金市松之郷');
INSERT INTO "spot_addresses" VALUES(208453,'東金市田間1300-3');
INSERT INTO "spot_addresses" VALUES(208454,'大網白里市小中1703');
INSERT INTO "spot_addresses" VALUES(208455,'大網白里市北吉田758');
INSERT INTO "spot_addresses" VALUES(208456,'大網白里市大網2990');
INSERT INTO "spot_addresses" VALUES(208457,'大網白里市土気飛地1876（カーナビ検索不可）／最寄り・季美の森南1丁目1番地／Googleマップ『縣神社\u3000千葉県』で検索');
INSERT INTO "spot_addresses" VALUES(208458,'山武郡九十九里町小関2347-98');
INSERT INTO "spot_addresses" VALUES(208459,'山武郡九十九里町小関854');
INSERT INTO "spot_addresses" VALUES(208460,'山武郡九十九里町田中荒生414-1');
INSERT INTO "spot_addresses" VALUES(208461,'山武郡九十九里町片貝4477');
INSERT INTO "spot_addresses" VALUES(208462,'山武郡九十九里町藤下797');
INSERT INTO "spot_addresses" VALUES(208463,'市原市不入75-1');
INSERT INTO "spot_addresses" VALUES(208464,'夷隅郡大多喜町粟又～市原市朝生原');
INSERT INTO "spot_addresses" VALUES(208465,'市原市八幡1057-1');
INSERT INTO "spot_addresses" VALUES(208466,'市原市五井南海岸1-12');
INSERT INTO "spot_addresses" VALUES(208467,'市原市国分寺台中央3-5-2');
INSERT INTO "spot_addresses" VALUES(208468,'市原市浅井小向492-1');
INSERT INTO "spot_addresses" VALUES(208469,'市原市五井中央東1-1-2');
INSERT INTO "spot_addresses" VALUES(208471,'市原市山倉1487');
INSERT INTO "spot_addresses" VALUES(208472,'市原市田淵1157');
INSERT INTO "spot_addresses" VALUES(208473,'市原市山小川937');
INSERT INTO "spot_addresses" VALUES(208474,'市原市飯給941-1');
INSERT INTO "spot_addresses" VALUES(208475,'市原市・長生郡長柄町');
INSERT INTO "spot_addresses" VALUES(208476,'長生郡長柄町徳増小榎本地先');
INSERT INTO "spot_addresses" VALUES(208477,'長生郡長柄町六地蔵138-1');
INSERT INTO "spot_addresses" VALUES(208479,'長生郡長柄町味庄東台1067');
INSERT INTO "spot_addresses" VALUES(208480,'茂原市本小轡1108-2');
INSERT INTO "spot_addresses" VALUES(208481,'長生郡白子町関5364');
INSERT INTO "spot_addresses" VALUES(208482,'袖ケ浦市飯富2360');
INSERT INTO "spot_addresses" VALUES(208483,'袖ケ浦市永吉419');
INSERT INTO "spot_addresses" VALUES(208484,'袖ケ浦市南袖36');
INSERT INTO "spot_addresses" VALUES(208485,'袖ケ浦市飯富1635-1');
INSERT INTO "spot_addresses" VALUES(208486,'袖ケ浦市百目木200');
INSERT INTO "spot_addresses" VALUES(208487,'袖ケ浦市上泉1506−10');
INSERT INTO "spot_addresses" VALUES(208488,'袖ケ浦市下新田1133');
INSERT INTO "spot_addresses" VALUES(208489,'袖ケ浦市永地1943');
INSERT INTO "spot_addresses" VALUES(208490,'長生郡長南町岩撫36-1');
INSERT INTO "spot_addresses" VALUES(208491,'長生郡長南町佐坪2388');
INSERT INTO "spot_addresses" VALUES(208492,'長生郡長南町笠森302');
INSERT INTO "spot_addresses" VALUES(208493,'長生郡長南町長南770-1');
INSERT INTO "spot_addresses" VALUES(208494,'長生郡睦沢町森2-1');
INSERT INTO "spot_addresses" VALUES(208497,'長生郡睦沢町下之郷1875');
INSERT INTO "spot_addresses" VALUES(208498,'長生郡長生村一松戊');
INSERT INTO "spot_addresses" VALUES(208499,'長生郡長生村一松丙916');
INSERT INTO "spot_addresses" VALUES(208500,'長生郡長生村本郷5366-1');
INSERT INTO "spot_addresses" VALUES(208501,'長生郡一宮町東浪見');
INSERT INTO "spot_addresses" VALUES(208502,'長生郡一宮町一宮3048');
INSERT INTO "spot_addresses" VALUES(208503,'木更津市富士見2-9-30');
INSERT INTO "spot_addresses" VALUES(208504,'木更津市富士見1-6-15');
INSERT INTO "spot_addresses" VALUES(208505,'木更津市金田東3-1-1 三井アウトレットパー木更津6400');
INSERT INTO "spot_addresses" VALUES(208506,'木更津市矢那1245');
INSERT INTO "spot_addresses" VALUES(208507,'木更津市太田2-16-2');
INSERT INTO "spot_addresses" VALUES(208508,'木更津市金田東2-10-1');
INSERT INTO "spot_addresses" VALUES(208509,'木更津市下郡1369-1');
INSERT INTO "spot_addresses" VALUES(208510,'木更津市富士見3-5');
INSERT INTO "spot_addresses" VALUES(208511,'木更津市かずさ鎌足2-3-9');
INSERT INTO "spot_addresses" VALUES(208512,'木更津市太田2-16');
INSERT INTO "spot_addresses" VALUES(208513,'富津市萩生8-2');
INSERT INTO "spot_addresses" VALUES(208514,'富津市田倉940-3');
INSERT INTO "spot_addresses" VALUES(208515,'富津市富津2280');
INSERT INTO "spot_addresses" VALUES(208516,'富津市金谷4303');
INSERT INTO "spot_addresses" VALUES(208517,'富津市金谷4052-1');
INSERT INTO "spot_addresses" VALUES(208518,'富津市数馬268-3');
INSERT INTO "spot_addresses" VALUES(208519,'富津市金谷2146-1');
INSERT INTO "spot_addresses" VALUES(208520,'富津市金谷2288');
INSERT INTO "spot_addresses" VALUES(208521,'富津市上後423-1');
INSERT INTO "spot_addresses" VALUES(208522,'富津市小久保1588');
INSERT INTO "spot_addresses" VALUES(208523,'富津市富津2280');
INSERT INTO "spot_addresses" VALUES(208524,'富津市富津2280');
INSERT INTO "spot_addresses" VALUES(208525,'君津市久留里字内山');
INSERT INTO "spot_addresses" VALUES(208526,'千葉県君津市鹿野山１１９−１ 鹿野山九十九谷（かのうざん くじゅうくたに）展望公園');
INSERT INTO "spot_addresses" VALUES(208527,'君津市笹1954');
INSERT INTO "spot_addresses" VALUES(208528,'君津市大井305');
INSERT INTO "spot_addresses" VALUES(208529,'君津市亀山湖');
INSERT INTO "spot_addresses" VALUES(208530,'君津市鹿野山324-1');
INSERT INTO "spot_addresses" VALUES(208531,'君津市笹1765-9');
INSERT INTO "spot_addresses" VALUES(208532,'君津市大野台815-85');
INSERT INTO "spot_addresses" VALUES(208533,'君津市向郷1687-1');
INSERT INTO "spot_addresses" VALUES(208534,'君津市久留里市場195-4');
INSERT INTO "spot_addresses" VALUES(208535,'夷隅郡大多喜町久保126');
INSERT INTO "spot_addresses" VALUES(208536,'夷隅郡大多喜町久保159');
INSERT INTO "spot_addresses" VALUES(208537,'夷隅郡大多喜町石神855');
INSERT INTO "spot_addresses" VALUES(208538,'夷隅郡大多喜町小田代148-24');
INSERT INTO "spot_addresses" VALUES(208539,'夷隅郡大多喜町粟又地先');
INSERT INTO "spot_addresses" VALUES(208540,'夷隅郡大多喜町小土呂2423');
INSERT INTO "spot_addresses" VALUES(208541,'夷隅郡大多喜町大多喜259-1');
INSERT INTO "spot_addresses" VALUES(208542,'いすみ市作田1298');
INSERT INTO "spot_addresses" VALUES(208543,'いすみ市万木2050');
INSERT INTO "spot_addresses" VALUES(208544,'いすみ市苅谷630');
INSERT INTO "spot_addresses" VALUES(208545,'安房郡鋸南町鋸山');
INSERT INTO "spot_addresses" VALUES(208546,'安房郡鋸南町保田724');
INSERT INTO "spot_addresses" VALUES(208547,'安房郡鋸南町大崩39');
INSERT INTO "spot_addresses" VALUES(208548,'安房郡鋸南町江月448');
INSERT INTO "spot_addresses" VALUES(208549,'安房郡鋸南町保田');
INSERT INTO "spot_addresses" VALUES(208550,'安房郡鋸南町吉浜517-1');
INSERT INTO "spot_addresses" VALUES(208551,'安房郡鋸南町大崩1114');
INSERT INTO "spot_addresses" VALUES(208552,'安房郡鋸南町吉浜99-5');
INSERT INTO "spot_addresses" VALUES(208553,'鴨川市東町1464-18');
INSERT INTO "spot_addresses" VALUES(208554,'鴨川市平塚540');
INSERT INTO "spot_addresses" VALUES(208555,'鴨川市小湊183-8');
INSERT INTO "spot_addresses" VALUES(208556,'鴨川市小湊183');
INSERT INTO "spot_addresses" VALUES(208557,'鴨川市清澄322-1');
INSERT INTO "spot_addresses" VALUES(208558,'鴨川市江見太夫崎22');
INSERT INTO "spot_addresses" VALUES(208559,'鴨川市広場');
INSERT INTO "spot_addresses" VALUES(208560,'鴨川市広場777');
INSERT INTO "spot_addresses" VALUES(208561,'鴨川市貝渚3277');
INSERT INTO "spot_addresses" VALUES(208562,'鴨川市四方木366（四方木ふれあい館から徒歩20分程度）');
INSERT INTO "spot_addresses" VALUES(208563,'鴨川市前原359-71');
INSERT INTO "spot_addresses" VALUES(208564,'鴨川市横渚1401-6');
INSERT INTO "spot_addresses" VALUES(208565,'鴨川市平塚1718');
INSERT INTO "spot_addresses" VALUES(208566,'勝浦市鵜原地先');
INSERT INTO "spot_addresses" VALUES(208567,'勝浦市守谷1512');
INSERT INTO "spot_addresses" VALUES(208569,'勝浦市川津1394');
INSERT INTO "spot_addresses" VALUES(208570,'勝浦市吉尾174');
INSERT INTO "spot_addresses" VALUES(208571,'勝浦市吉尾123');
INSERT INTO "spot_addresses" VALUES(208572,'勝浦市芳賀花立山1-14');
INSERT INTO "spot_addresses" VALUES(208573,'勝浦市浜勝浦･下本町朝市通り(毎月1日〜15日)･仲本町通り(毎月16日〜月末)');
INSERT INTO "spot_addresses" VALUES(208574,'勝浦市守谷地先');
INSERT INTO "spot_addresses" VALUES(208575,'勝浦市勝浦49');
INSERT INTO "spot_addresses" VALUES(208576,'勝浦市浜勝浦1');
INSERT INTO "spot_addresses" VALUES(208577,'夷隅郡御宿町六軒町505-1');
INSERT INTO "spot_addresses" VALUES(208578,'南房総市富浦町青木123-1');
INSERT INTO "spot_addresses" VALUES(208579,'南房総市二部2211');
INSERT INTO "spot_addresses" VALUES(208580,'南房総市富浦町大津320');
INSERT INTO "spot_addresses" VALUES(208582,'南房総市和田町仁我浦243');
INSERT INTO "spot_addresses" VALUES(208583,'南房総市白子1501');
INSERT INTO "spot_addresses" VALUES(208584,'南房総市千倉町千田1051');
INSERT INTO "spot_addresses" VALUES(208585,'南房総市白浜町滝口9240');
INSERT INTO "spot_addresses" VALUES(208586,'南房総市白浜町白浜630');
INSERT INTO "spot_addresses" VALUES(208587,'南房総市富浦町原岡地先');
INSERT INTO "spot_addresses" VALUES(208588,'南房総市白浜町白浜630');
INSERT INTO "spot_addresses" VALUES(208589,'南房総市和田町花園');
INSERT INTO "spot_addresses" VALUES(208590,'南房総市大井686');
INSERT INTO "spot_addresses" VALUES(208591,'南房総市和田町花園');
INSERT INTO "spot_addresses" VALUES(208592,'南房総市富浦町多田良1212-29');
INSERT INTO "spot_addresses" VALUES(208593,'南房総市白浜町白浜628-1');
INSERT INTO "spot_addresses" VALUES(208594,'南房総市白浜町白浜');
INSERT INTO "spot_addresses" VALUES(208595,'南房総市合戸');
INSERT INTO "spot_addresses" VALUES(208596,'南房総市千倉町白間津');
INSERT INTO "spot_addresses" VALUES(208597,'南房総市白浜町滝口5185-1');
INSERT INTO "spot_addresses" VALUES(208598,'南房総市千倉町白間津');
INSERT INTO "spot_addresses" VALUES(208599,'館山市富士見地先');
INSERT INTO "spot_addresses" VALUES(208600,'館山市館山1564-1');
INSERT INTO "spot_addresses" VALUES(208601,'館山市館山362');
INSERT INTO "spot_addresses" VALUES(208602,'館山市宮城192-2');
INSERT INTO "spot_addresses" VALUES(208603,'館山市藤原1497');
INSERT INTO "spot_addresses" VALUES(208604,'館山市船形835');
INSERT INTO "spot_addresses" VALUES(208605,'館山市上真倉1689');
INSERT INTO "spot_addresses" VALUES(208606,'館山市洲崎1043');
INSERT INTO "spot_addresses" VALUES(208607,'館山市布良1256');
INSERT INTO "spot_addresses" VALUES(208608,'館山市船形1422-6');
INSERT INTO "spot_addresses" VALUES(208609,'船橋市海神4-27-2');
INSERT INTO "spot_addresses" VALUES(208610,'夷隅郡大多喜町大多喜481');
INSERT INTO "spot_addresses" VALUES(208611,'木更津市中央1-3-5');
INSERT INTO "spot_addresses" VALUES(208612,'習志野市茜浜3');
INSERT INTO "spot_addresses" VALUES(208613,'習志野市実籾2-24-1（実籾本郷公園内）');
INSERT INTO "spot_addresses" VALUES(208614,'習志野市藤崎1-14-43（藤崎森林公園内）');
INSERT INTO "spot_addresses" VALUES(208617,'習志野市鷺沼5-4付近');
INSERT INTO "spot_addresses" VALUES(208618,'習志野市東習志野4-4（東習志野四丁目児童遊園内）');
INSERT INTO "spot_addresses" VALUES(208619,'習志野市津田沼2-17-1（千葉工業大学）');
INSERT INTO "spot_addresses" VALUES(208620,'茂原市茂原1201');
INSERT INTO "spot_addresses" VALUES(208621,'いすみ市岬町和泉2935-1');
INSERT INTO "spot_addresses" VALUES(208622,'館山市西長田1163-5');
INSERT INTO "spot_addresses" VALUES(208623,'市原市能満1489');
INSERT INTO "spot_addresses" VALUES(208624,'安房郡鋸南町吉浜516');
INSERT INTO "spot_addresses" VALUES(208625,'君津市笹1766-3');
INSERT INTO "spot_addresses" VALUES(208626,'長生郡白子町剃金2730-1');
INSERT INTO "spot_addresses" VALUES(208627,'長生郡一宮町東浪見5841');
INSERT INTO "spot_addresses" VALUES(208628,'白井市平塚939');
INSERT INTO "spot_addresses" VALUES(208629,'四街道市吉岡49');
INSERT INTO "spot_addresses" VALUES(208630,'八街市根古谷 塩古道');
INSERT INTO "spot_addresses" VALUES(208631,'市川市本行徳35番7号（旧浅子神輿店店舗兼主屋）、本行徳37番13号（休憩所）');
INSERT INTO "spot_addresses" VALUES(208632,'松戸市下矢切261\u3000西蓮寺境内');
INSERT INTO "spot_addresses" VALUES(208633,'我孫子市相島新田1');
INSERT INTO "spot_addresses" VALUES(208634,'銚子市北小川町2570');
INSERT INTO "spot_addresses" VALUES(208635,'長生郡睦沢町妙楽寺500');
INSERT INTO "spot_addresses" VALUES(208636,'長生郡長生村岩沼1番地');
INSERT INTO "spot_addresses" VALUES(208637,'夷隅郡御宿町岩和田702');
INSERT INTO "spot_addresses" VALUES(208638,'舘山市八幡68');
INSERT INTO "spot_addresses" VALUES(208640,'いすみ市下布施757');
INSERT INTO "spot_addresses" VALUES(208641,'君津市宿原844');
INSERT INTO "spot_addresses" VALUES(208643,'匝瑳市大寺1856');
INSERT INTO "spot_addresses" VALUES(208644,'浦安市北栄1-15-6北栄1-15-6');
INSERT INTO "spot_addresses" VALUES(208645,'浦安市富岡4-25');
INSERT INTO "spot_addresses" VALUES(208646,'君津市小香359-1');
INSERT INTO "spot_addresses" VALUES(208647,'市原市高滝1');
INSERT INTO "spot_addresses" VALUES(208648,'安房郡鋸南町元名1');
INSERT INTO "spot_addresses" VALUES(208649,'千葉市美浜区ひび野1-11');
INSERT INTO "spot_addresses" VALUES(208650,'千葉市緑区おゆみ野3-15-3（緑区役所）');
INSERT INTO "spot_addresses" VALUES(208651,'千葉市美浜区中瀬');
INSERT INTO "spot_addresses" VALUES(208652,'千葉市花見川区さつきが丘2-11-13');
INSERT INTO "spot_addresses" VALUES(208653,'東金市松之郷186');
INSERT INTO "spot_addresses" VALUES(208654,'成田市公津の杜4-8');
INSERT INTO "spot_addresses" VALUES(208655,'船橋市浜町2丁目地先');
INSERT INTO "spot_addresses" VALUES(208656,'船橋市夏見5丁目付近');
INSERT INTO "spot_addresses" VALUES(208657,'船橋市本町2-2-5');
INSERT INTO "spot_addresses" VALUES(208658,'南房総市白浜町根本無番地');
INSERT INTO "spot_addresses" VALUES(208659,'南房総市富浦町多田良地先');
INSERT INTO "spot_addresses" VALUES(208660,'茂原市高師821-11');
INSERT INTO "spot_addresses" VALUES(208661,'成田市成田1');
INSERT INTO "spot_addresses" VALUES(209281,'我孫子市本町2-1-10');
INSERT INTO "spot_addresses" VALUES(209282,'富里市七栄652-225');
INSERT INTO "spot_addresses" VALUES(209283,'銚子市双葉町3-6');
INSERT INTO "spot_addresses" VALUES(209284,'旭市上永井1309-1');
INSERT INTO "spot_addresses" VALUES(209285,'旭市イの5238');
INSERT INTO "spot_addresses" VALUES(209286,'山武郡横芝光町横芝');
INSERT INTO "spot_addresses" VALUES(209287,'木更津市中島地先海ほたる');
INSERT INTO "spot_addresses" VALUES(209288,'いすみ市岬町和泉');
INSERT INTO "spot_addresses" VALUES(209289,'いすみ市岬町和泉2363−17');
INSERT INTO "spot_addresses" VALUES(209290,'いすみ市万木834');
INSERT INTO "spot_addresses" VALUES(209291,'いすみ市大原9775');
INSERT INTO "spot_addresses" VALUES(209292,'安房郡鋸南町竜島165-1');
INSERT INTO "spot_addresses" VALUES(209293,'鴨川市宮山1696');
INSERT INTO "spot_addresses" VALUES(209294,'南房総市千倉町大貫1057');
INSERT INTO "spot_addresses" VALUES(209295,'南房総市千倉町南朝夷164');
INSERT INTO "spot_addresses" VALUES(209296,'柏市柏5-7-4');
INSERT INTO "spot_addresses" VALUES(209297,'印旛郡栄町西199');
INSERT INTO "spot_addresses" VALUES(209298,'東金市東金1415-1');
INSERT INTO "spot_addresses" VALUES(209460,'いすみ市大原11574');
INSERT INTO "spot_addresses" VALUES(209461,'南房総市久保587');
INSERT INTO "spot_addresses" VALUES(210057,'鴨川市太海浜445');
INSERT INTO "spot_addresses" VALUES(210058,'市川市中山1-16-2');
INSERT INTO "spot_addresses" VALUES(210059,'山武郡横芝光町中台1462');
INSERT INTO "spot_addresses" VALUES(210060,'山武郡横芝光町屋形921');
INSERT INTO "spot_addresses" VALUES(210061,'山武郡横芝光町木戸台1917');
INSERT INTO "spot_addresses" VALUES(210062,'山武郡横芝光町姥山宇台513−1');
INSERT INTO "spot_addresses" VALUES(210663,'匝瑳市春海15');
CREATE TABLE spot_names
(
    spot_id INTEGER,
    notation_id INTEGER,
    spot_name TEXT NOT NULL,
    PRIMARY KEY(spot_id, notation_id)
);
INSERT INTO "spot_names" VALUES(207134,0,'企画展「千葉の自然再発見\u3000～銚子から見つめるカコ・イマそしてミライへ～」');
INSERT INTO "spot_names" VALUES(207135,0,'千葉県誕生150周年記念 \u3000関東大震災100年企画展「関東大震災と館山」');
INSERT INTO "spot_names" VALUES(207136,0,'成田伝統芸能まつり秋の陣');
INSERT INTO "spot_names" VALUES(207137,0,'ぽるぽろ（Play Learn Protect and Live with the Ocean）');
INSERT INTO "spot_names" VALUES(207138,0,'企画展「土に実りぬ―八街の１５０年―」');
INSERT INTO "spot_names" VALUES(207139,0,'やちまた落花生まつり2023');
INSERT INTO "spot_names" VALUES(207140,0,'伊能忠敬記念館開館25周年特別展「描かれた日本～伊能図焼失100年目の再会～」');
INSERT INTO "spot_names" VALUES(207141,0,'日西墨友好の絆記念日事業');
INSERT INTO "spot_names" VALUES(207142,0,'鋸山・日本寺コンサート');
INSERT INTO "spot_names" VALUES(207143,0,'千葉県誕生150周年記念「田んぼアート in 山武市」稲刈りイベント');
INSERT INTO "spot_names" VALUES(207144,0,'「葛南地域５市で見つけた！夕焼け・夜景の名所フォトコンテスト」写真展');
INSERT INTO "spot_names" VALUES(207145,0,'「葛南地域５市で見つけた！夕焼け・夜景の名所フォトコンテスト」写真展');
INSERT INTO "spot_names" VALUES(207146,0,'「葛南地域５市で見つけた！夕焼け・夜景の名所フォトコンテスト」写真展');
INSERT INTO "spot_names" VALUES(207147,0,'「葛南地域５市で見つけた！夕焼け・夜景の名所フォトコンテスト」写真展');
INSERT INTO "spot_names" VALUES(207148,0,'「葛南地域５市で見つけた！夕焼け・夜景の名所フォトコンテスト」写真展');
INSERT INTO "spot_names" VALUES(207149,0,'県立中央博物館\u3000特別展「よみがえるチバニアン期の古生物」');
INSERT INTO "spot_names" VALUES(207150,0,'県立美術館「房総の海をめぐる光と影とアート展」');
INSERT INTO "spot_names" VALUES(208179,0,'千葉県立関宿城博物館');
INSERT INTO "spot_names" VALUES(208180,0,'関根名人記念館');
INSERT INTO "spot_names" VALUES(208181,0,'こうのとりの里');
INSERT INTO "spot_names" VALUES(208182,0,'清水公園');
INSERT INTO "spot_names" VALUES(208183,0,'櫻木神社');
INSERT INTO "spot_names" VALUES(208184,0,'野田市市民会館（旧茂木佐平治邸）');
INSERT INTO "spot_names" VALUES(208185,0,'興風会館');
INSERT INTO "spot_names" VALUES(208186,0,'野田市鈴木貫太郎記念館');
INSERT INTO "spot_names" VALUES(208187,0,'公益財団法人髙梨本家 上花輪歴史館');
INSERT INTO "spot_names" VALUES(208188,0,'赤城神社');
INSERT INTO "spot_names" VALUES(208227,0,'一茶双樹記念館');
INSERT INTO "spot_names" VALUES(208228,0,'近藤勇陣屋跡');
INSERT INTO "spot_names" VALUES(208229,0,'流山万華鏡ギャラリー＆ミュージアムと葉茶屋寺田園');
INSERT INTO "spot_names" VALUES(208230,0,'流山本町まちなかミュージアム');
INSERT INTO "spot_names" VALUES(208231,0,'浅間神社');
INSERT INTO "spot_names" VALUES(208232,0,'流山市立博物館');
INSERT INTO "spot_names" VALUES(208233,0,'運河水辺公園');
INSERT INTO "spot_names" VALUES(208234,0,'こんぶくろ池自然博物公園');
INSERT INTO "spot_names" VALUES(208235,0,'紅龍山布施弁天東海寺');
INSERT INTO "spot_names" VALUES(208236,0,'旧吉田家住宅歴史公園');
INSERT INTO "spot_names" VALUES(208237,0,'北柏ふるさと公園');
INSERT INTO "spot_names" VALUES(208238,0,'農産物直売所かしわで');
INSERT INTO "spot_names" VALUES(208239,0,'道の駅\u3000しょうなん');
INSERT INTO "spot_names" VALUES(208240,0,'旧手賀教会堂');
INSERT INTO "spot_names" VALUES(208241,0,'柏しょうなんゆめファーム');
INSERT INTO "spot_names" VALUES(208242,0,'龍光院・将門神社');
INSERT INTO "spot_names" VALUES(208243,0,'あけぼの山農業公園');
INSERT INTO "spot_names" VALUES(208244,0,'蓬莱山弘誓院福満寺');
INSERT INTO "spot_names" VALUES(208245,0,'増尾城址総合公園');
INSERT INTO "spot_names" VALUES(208246,0,'手賀沼公園');
INSERT INTO "spot_names" VALUES(208247,0,'手賀沼親水広場・水の館');
INSERT INTO "spot_names" VALUES(208248,0,'我孫子市白樺文学館');
INSERT INTO "spot_names" VALUES(208249,0,'我孫子市杉村楚人冠記念館');
INSERT INTO "spot_names" VALUES(208250,0,'旧村川別荘');
INSERT INTO "spot_names" VALUES(208251,0,'日秀観音');
INSERT INTO "spot_names" VALUES(208252,0,'葺不合神社');
INSERT INTO "spot_names" VALUES(208253,0,'戸定が丘歴史公園（戸定邸・戸定歴史館）');
INSERT INTO "spot_names" VALUES(208254,0,'長谷山 本土寺');
INSERT INTO "spot_names" VALUES(208255,0,'矢切の渡し');
INSERT INTO "spot_names" VALUES(208256,0,'東漸寺');
INSERT INTO "spot_names" VALUES(208257,0,'松戸市立博物館');
INSERT INTO "spot_names" VALUES(208258,0,'野馬除土手');
INSERT INTO "spot_names" VALUES(208259,0,'浦安市郷土博物館');
INSERT INTO "spot_names" VALUES(208260,0,'旧医院');
INSERT INTO "spot_names" VALUES(208261,0,'三番瀬環境観察館');
INSERT INTO "spot_names" VALUES(208262,0,'旧大塚家住宅');
INSERT INTO "spot_names" VALUES(208263,0,'旧宇田川家住宅');
INSERT INTO "spot_names" VALUES(208264,0,'千葉県立現代産業科学館');
INSERT INTO "spot_names" VALUES(208265,0,'市川市行徳野鳥観察舎「あいねすと」');
INSERT INTO "spot_names" VALUES(208266,0,'日蓮宗大本山\u3000中山法華経寺');
INSERT INTO "spot_names" VALUES(208267,0,'市川市動植物園');
INSERT INTO "spot_names" VALUES(208268,0,'アイ・リンクタウン展望施設');
INSERT INTO "spot_names" VALUES(208269,0,'道の駅\u3000いちかわ');
INSERT INTO "spot_names" VALUES(208270,0,'市立市川考古博物館');
INSERT INTO "spot_names" VALUES(208271,0,'行徳神輿ミュージアム');
INSERT INTO "spot_names" VALUES(208272,0,'白幡天神社');
INSERT INTO "spot_names" VALUES(208273,0,'小塚山フィールドアスレチック');
INSERT INTO "spot_names" VALUES(208274,0,'真間山\u3000弘法寺');
INSERT INTO "spot_names" VALUES(208275,0,'葛飾八幡宮');
INSERT INTO "spot_names" VALUES(208276,0,'鎌ケ谷大仏');
INSERT INTO "spot_names" VALUES(208277,0,'ファイターズ鎌ケ谷スタジアム');
INSERT INTO "spot_names" VALUES(208278,0,'貝柄山公園');
INSERT INTO "spot_names" VALUES(208279,0,'市制記念公園');
INSERT INTO "spot_names" VALUES(208280,0,'国史跡下総小金中野牧跡・捕込');
INSERT INTO "spot_names" VALUES(208281,0,'鎌ケ谷市郷土資料館');
INSERT INTO "spot_names" VALUES(208282,0,'白井そろばん博物館');
INSERT INTO "spot_names" VALUES(208283,0,'ふなばし三番瀬海浜公園');
INSERT INTO "spot_names" VALUES(208284,0,'ふなばしアンデルセン公園');
INSERT INTO "spot_names" VALUES(208285,0,'ふなばしメグスパ');
INSERT INTO "spot_names" VALUES(208286,0,'千葉県立船橋県民の森');
INSERT INTO "spot_names" VALUES(208287,0,'ふなばし三番瀬環境学習館');
INSERT INTO "spot_names" VALUES(208288,0,'農産物直売所 ふなっこ畑');
INSERT INTO "spot_names" VALUES(208289,0,'船橋大神宮（意富比神社）');
INSERT INTO "spot_names" VALUES(208290,0,'三番瀬みなとや');
INSERT INTO "spot_names" VALUES(208291,0,'京成バラ園');
INSERT INTO "spot_names" VALUES(208292,0,'道の駅 やちよ');
INSERT INTO "spot_names" VALUES(208293,0,'村上緑地公園');
INSERT INTO "spot_names" VALUES(208294,0,'萱田地区公園');
INSERT INTO "spot_names" VALUES(208295,0,'ファーマーズマーケット「よったいよ」');
INSERT INTO "spot_names" VALUES(208296,0,'八千代市立郷土博物館');
INSERT INTO "spot_names" VALUES(208297,0,'正覚院（毘沙門天）');
INSERT INTO "spot_names" VALUES(208298,0,'長福寺（弁財天）');
INSERT INTO "spot_names" VALUES(208299,0,'妙徳寺（大黒天）');
INSERT INTO "spot_names" VALUES(208300,0,'妙光寺（吉祥天）');
INSERT INTO "spot_names" VALUES(208301,0,'東栄寺（福禄寿）');
INSERT INTO "spot_names" VALUES(208302,0,'貞福寺（恵比寿）');
INSERT INTO "spot_names" VALUES(208303,0,'観音寺（布袋尊）');
INSERT INTO "spot_names" VALUES(208304,0,'長福寺（寿老人）');
INSERT INTO "spot_names" VALUES(208305,0,'北総花の丘公園');
INSERT INTO "spot_names" VALUES(208306,0,'木下交流の杜歴史資料センター');
INSERT INTO "spot_names" VALUES(208307,0,'草深の森（そうふけのもり）');
INSERT INTO "spot_names" VALUES(208308,0,'谷津バラ園');
INSERT INTO "spot_names" VALUES(208309,0,'谷津干潟自然観察センター');
INSERT INTO "spot_names" VALUES(208310,0,'フォレストアドベンチャー・千葉');
INSERT INTO "spot_names" VALUES(208311,0,'千葉市立郷土博物館');
INSERT INTO "spot_names" VALUES(208312,0,'千葉県立中央博物館');
INSERT INTO "spot_names" VALUES(208313,0,'千葉市立加曽利貝塚博物館');
INSERT INTO "spot_names" VALUES(208314,0,'富田さとにわ耕園');
INSERT INTO "spot_names" VALUES(208315,0,'千葉ウシノヒロバ');
INSERT INTO "spot_names" VALUES(208316,0,'千葉市動物公園');
INSERT INTO "spot_names" VALUES(208317,0,'千葉市科学館');
INSERT INTO "spot_names" VALUES(208318,0,'千葉市美術館');
INSERT INTO "spot_names" VALUES(208319,0,'千葉県立美術館');
INSERT INTO "spot_names" VALUES(208320,0,'千葉公園');
INSERT INTO "spot_names" VALUES(208321,0,'TIPSTAR DOME CHIBA');
INSERT INTO "spot_names" VALUES(208322,0,'フクダ電子アリーナ');
INSERT INTO "spot_names" VALUES(208323,0,'ZOZOマリンスタジアム');
INSERT INTO "spot_names" VALUES(208324,0,'幕張メッセ');
INSERT INTO "spot_names" VALUES(208325,0,'アクアリンクちば');
INSERT INTO "spot_names" VALUES(208326,0,'ホキ美術館');
INSERT INTO "spot_names" VALUES(208327,0,'千葉港めぐり（ケーズハーバー）');
INSERT INTO "spot_names" VALUES(208328,0,'千葉ポートタワー');
INSERT INTO "spot_names" VALUES(208329,0,'SUNSET BEACH PARK INAGE（稲毛海浜公園）');
INSERT INTO "spot_names" VALUES(208330,0,'昭和の森');
INSERT INTO "spot_names" VALUES(208331,0,'旧神谷傳兵衛稲毛別荘');
INSERT INTO "spot_names" VALUES(208332,0,'千葉市ゆかりの家・いなげ');
INSERT INTO "spot_names" VALUES(208333,0,'千葉御茶屋御殿跡');
INSERT INTO "spot_names" VALUES(208334,0,'千葉神社');
INSERT INTO "spot_names" VALUES(208335,0,'四街道市鹿放ヶ丘 ふれあいセンター');
INSERT INTO "spot_names" VALUES(208336,0,'佐倉ふるさと広場');
INSERT INTO "spot_names" VALUES(208337,0,'国立歴史民俗博物館');
INSERT INTO "spot_names" VALUES(208338,0,'佐倉城址公園');
INSERT INTO "spot_names" VALUES(208339,0,'佐倉市立美術館');
INSERT INTO "spot_names" VALUES(208340,0,'佐倉草ぶえの丘');
INSERT INTO "spot_names" VALUES(208341,0,'佐倉武家屋敷');
INSERT INTO "spot_names" VALUES(208342,0,'塚本刀剣美術館');
INSERT INTO "spot_names" VALUES(208343,0,'佐倉順天堂記念館');
INSERT INTO "spot_names" VALUES(208344,0,'旧堀田邸（さくら庭園）');
INSERT INTO "spot_names" VALUES(208345,0,'麻賀多神社');
INSERT INTO "spot_names" VALUES(208346,0,'ひよどり坂');
INSERT INTO "spot_names" VALUES(208347,0,'DIC川村記念美術館');
INSERT INTO "spot_names" VALUES(208348,0,'千葉県立房総のむら');
INSERT INTO "spot_names" VALUES(208349,0,'コスプレの館');
INSERT INTO "spot_names" VALUES(208350,0,'龍角寺古墳群・岩屋古墳');
INSERT INTO "spot_names" VALUES(208351,0,'龍角寺');
INSERT INTO "spot_names" VALUES(208352,0,'大鷲神社');
INSERT INTO "spot_names" VALUES(208353,0,'飯沼本家 きのえねまがり家');
INSERT INTO "spot_names" VALUES(208354,0,'本佐倉城跡');
INSERT INTO "spot_names" VALUES(208355,0,'しすい・ハーブガーデン');
INSERT INTO "spot_names" VALUES(208356,0,'成田山新勝寺');
INSERT INTO "spot_names" VALUES(208357,0,'成田ゆめ牧場');
INSERT INTO "spot_names" VALUES(208358,0,'宗吾霊堂');
INSERT INTO "spot_names" VALUES(208359,0,'空の駅 さくら館');
INSERT INTO "spot_names" VALUES(208360,0,'成田市さくらの山');
INSERT INTO "spot_names" VALUES(208361,0,'成田空港');
INSERT INTO "spot_names" VALUES(208362,0,'からくり時計');
INSERT INTO "spot_names" VALUES(208363,0,'成田観光館');
INSERT INTO "spot_names" VALUES(208364,0,'坂田ヶ池総合公園');
INSERT INTO "spot_names" VALUES(208365,0,'三里塚御料牧場記念館');
INSERT INTO "spot_names" VALUES(208366,0,'下総歴史民俗資料館');
INSERT INTO "spot_names" VALUES(208367,0,'新生成田市場（成田市公設地方卸売市場）');
INSERT INTO "spot_names" VALUES(208368,0,'八街市推奨の店\u3000ぼっち');
INSERT INTO "spot_names" VALUES(208369,0,'八街市郷土資料館');
INSERT INTO "spot_names" VALUES(208370,0,'観光・交流拠点施設「末廣農場」');
INSERT INTO "spot_names" VALUES(208371,0,'富里鎮守\u3000香取神社');
INSERT INTO "spot_names" VALUES(208372,0,'旧岩崎久彌末廣農場別邸公園');
INSERT INTO "spot_names" VALUES(208373,0,'三谷胤政供養塔');
INSERT INTO "spot_names" VALUES(208374,0,'道の駅\u3000発酵の里こうざき');
INSERT INTO "spot_names" VALUES(208375,0,'神崎神社（なんじゃもんじゃの木）');
INSERT INTO "spot_names" VALUES(208376,0,'こうざき天の川公園');
INSERT INTO "spot_names" VALUES(208377,0,'西の城貝塚');
INSERT INTO "spot_names" VALUES(208378,0,'水郷佐原山車会館');
INSERT INTO "spot_names" VALUES(208379,0,'佐原町並み交流館・佐原三菱館');
INSERT INTO "spot_names" VALUES(208380,0,'さわら町屋館（上川岸小公園）');
INSERT INTO "spot_names" VALUES(208381,0,'水郷佐原あやめパーク');
INSERT INTO "spot_names" VALUES(208382,0,'道の駅・川の駅\u3000水の郷さわら');
INSERT INTO "spot_names" VALUES(208383,0,'やます蔵 風土村');
INSERT INTO "spot_names" VALUES(208384,0,'香取神宮');
INSERT INTO "spot_names" VALUES(208385,0,'道の駅\u3000くりもと紅小町の郷');
INSERT INTO "spot_names" VALUES(208386,0,'観福寺');
INSERT INTO "spot_names" VALUES(208387,0,'伊能忠敬記念館');
INSERT INTO "spot_names" VALUES(208388,0,'伊能忠敬旧宅');
INSERT INTO "spot_names" VALUES(208389,0,'府馬の大クス');
INSERT INTO "spot_names" VALUES(208390,0,'天保水滸伝遺品館/諏訪神社');
INSERT INTO "spot_names" VALUES(208391,0,'千葉県立東庄県民の森');
INSERT INTO "spot_names" VALUES(208392,0,'延命寺');
INSERT INTO "spot_names" VALUES(208393,0,'福聚寺');
INSERT INTO "spot_names" VALUES(208394,0,'犬吠埼灯台');
INSERT INTO "spot_names" VALUES(208395,0,'屏風ケ浦/銚子マリーナ海水浴場');
INSERT INTO "spot_names" VALUES(208396,0,'ウオッセ21');
INSERT INTO "spot_names" VALUES(208397,0,'銚子ポートタワー');
INSERT INTO "spot_names" VALUES(208398,0,'地球の丸く見える丘展望館');
INSERT INTO "spot_names" VALUES(208399,0,'外川町の町並み');
INSERT INTO "spot_names" VALUES(208400,0,'銚子ジオパークミュージアム');
INSERT INTO "spot_names" VALUES(208401,0,'猿田神社');
INSERT INTO "spot_names" VALUES(208402,0,'妙見宮\u3000妙福寺');
INSERT INTO "spot_names" VALUES(208403,0,'飯沼観音（圓福寺）');
INSERT INTO "spot_names" VALUES(208404,0,'外川ミニ郷土資料館');
INSERT INTO "spot_names" VALUES(208405,0,'旧公正会館');
INSERT INTO "spot_names" VALUES(208406,0,'銚子ちぢみ伝統工芸館');
INSERT INTO "spot_names" VALUES(208407,0,'道の駅\u3000多古あじさい館');
INSERT INTO "spot_names" VALUES(208408,0,'澁谷嘉助旧宅正門');
INSERT INTO "spot_names" VALUES(208409,0,'妙印山\u3000妙光寺');
INSERT INTO "spot_names" VALUES(208410,0,'多古町魅力発信交流館「たこらぼ」');
INSERT INTO "spot_names" VALUES(208411,0,'木内家住宅');
INSERT INTO "spot_names" VALUES(208412,0,'土橋山東禅寺');
INSERT INTO "spot_names" VALUES(208413,0,'おひさまテラス');
INSERT INTO "spot_names" VALUES(208414,0,'大原幽学記念館');
INSERT INTO "spot_names" VALUES(208415,0,'旭市防災資料館');
INSERT INTO "spot_names" VALUES(208416,0,'玉﨑神社');
INSERT INTO "spot_names" VALUES(208417,0,'中央児童遊園');
INSERT INTO "spot_names" VALUES(208418,0,'東漸寺');
INSERT INTO "spot_names" VALUES(208419,0,'芝山町立芝山古墳・はにわ博物館');
INSERT INTO "spot_names" VALUES(208420,0,'航空科学博物館');
INSERT INTO "spot_names" VALUES(208421,0,'道の駅 \u3000風和里しばやま');
INSERT INTO "spot_names" VALUES(208422,0,'ひこうきの丘');
INSERT INTO "spot_names" VALUES(208423,0,'グリーンポートエコ・アグリパーク');
INSERT INTO "spot_names" VALUES(208424,0,'空の駅\u3000風和里しばやま');
INSERT INTO "spot_names" VALUES(208425,0,'松山神社');
INSERT INTO "spot_names" VALUES(208426,0,'八重垣神社');
INSERT INTO "spot_names" VALUES(208427,0,'八日市場東照宮');
INSERT INTO "spot_names" VALUES(208428,0,'老尾神社');
INSERT INTO "spot_names" VALUES(208429,0,'曾我兄弟の墓');
INSERT INTO "spot_names" VALUES(208430,0,'西小笹八幡神社');
INSERT INTO "spot_names" VALUES(208431,0,'野栄ふれあい公園');
INSERT INTO "spot_names" VALUES(208432,0,'天神山公園');
INSERT INTO "spot_names" VALUES(208433,0,'飯高檀林跡（飯高寺）');
INSERT INTO "spot_names" VALUES(208434,0,'松山庭園美術館');
INSERT INTO "spot_names" VALUES(208435,0,'ふれあいパーク八日市場');
INSERT INTO "spot_names" VALUES(208436,0,'そうさ観光物産センター\u3000匝りの里');
INSERT INTO "spot_names" VALUES(208437,0,'安久山のスダジイ');
INSERT INTO "spot_names" VALUES(208438,0,'坂田城跡');
INSERT INTO "spot_names" VALUES(208439,0,'マリンピアくりやまがわ');
INSERT INTO "spot_names" VALUES(208440,0,'成田山御本尊 上陸の地');
INSERT INTO "spot_names" VALUES(208441,0,'横芝駅前情報交流館「ヨリドコロ」');
INSERT INTO "spot_names" VALUES(208442,0,'広済寺');
INSERT INTO "spot_names" VALUES(208443,0,'道の駅\u3000オライはすぬま');
INSERT INTO "spot_names" VALUES(208444,0,'浪切不動院（成東山不動院長勝寺）');
INSERT INTO "spot_names" VALUES(208445,0,'伊藤左千夫の生家（山武市歴史民俗資料館）');
INSERT INTO "spot_names" VALUES(208446,0,'蓮沼海浜公園');
INSERT INTO "spot_names" VALUES(208447,0,'さんぶの森公園');
INSERT INTO "spot_names" VALUES(208448,0,'雄蛇ヶ池');
INSERT INTO "spot_names" VALUES(208449,0,'山王台公園');
INSERT INTO "spot_names" VALUES(208450,0,'日吉神社');
INSERT INTO "spot_names" VALUES(208451,0,'最福寺');
INSERT INTO "spot_names" VALUES(208452,0,'ときがね湖（東金ダム）');
INSERT INTO "spot_names" VALUES(208453,0,'道の駅\u3000みのりの郷東金');
INSERT INTO "spot_names" VALUES(208454,0,'小中池公園');
INSERT INTO "spot_names" VALUES(208455,0,'十枝の森');
INSERT INTO "spot_names" VALUES(208456,0,'宮谷八幡神社');
INSERT INTO "spot_names" VALUES(208457,0,'縣神社');
INSERT INTO "spot_names" VALUES(208458,0,'海の駅\u3000九十九里');
INSERT INTO "spot_names" VALUES(208459,0,'伊能忠敬記念公園（伊能忠敬出生地）');
INSERT INTO "spot_names" VALUES(208460,0,'宮島池親水公園');
INSERT INTO "spot_names" VALUES(208461,0,'九十九里ハーブガーデン');
INSERT INTO "spot_names" VALUES(208462,0,'Sghr 菅原工芸硝子');
INSERT INTO "spot_names" VALUES(208463,0,'市原湖畔美術館');
INSERT INTO "spot_names" VALUES(208464,0,'養老渓谷');
INSERT INTO "spot_names" VALUES(208465,0,'飯香岡八幡宮');
INSERT INTO "spot_names" VALUES(208466,0,'養老川臨海公園');
INSERT INTO "spot_names" VALUES(208467,0,'史跡上総国分尼寺跡展示館');
INSERT INTO "spot_names" VALUES(208468,0,'道の駅\u3000あずの里いちはら');
INSERT INTO "spot_names" VALUES(208469,0,'こみなと待合室');
INSERT INTO "spot_names" VALUES(208470,0,'西願寺');
INSERT INTO "spot_names" VALUES(208471,0,'千葉こどもの国キッズダム');
INSERT INTO "spot_names" VALUES(208472,0,'チバニアンビジターセンター');
INSERT INTO "spot_names" VALUES(208473,0,'ANIMAL WONDER REZOURT 市原ぞうの国');
INSERT INTO "spot_names" VALUES(208474,0,'Toilet in Nature／飯給駅');
INSERT INTO "spot_names" VALUES(208475,0,'長柄ダム');
INSERT INTO "spot_names" VALUES(208476,0,'史跡長柄横穴群');
INSERT INTO "spot_names" VALUES(208477,0,'道の駅\u3000ながら');
INSERT INTO "spot_names" VALUES(208478,0,'大田中将顕彰碑');
INSERT INTO "spot_names" VALUES(208479,0,'フォレストアドベンチャー・ターザニア');
INSERT INTO "spot_names" VALUES(208480,0,'掩体壕');
INSERT INTO "spot_names" VALUES(208481,0,'白子神社');
INSERT INTO "spot_names" VALUES(208482,0,'袖ケ浦公園');
INSERT INTO "spot_names" VALUES(208483,0,'東京ドイツ村');
INSERT INTO "spot_names" VALUES(208484,0,'袖ケ浦海浜公園');
INSERT INTO "spot_names" VALUES(208485,0,'袖ケ浦市農畜産物直売所「ゆりの里」');
INSERT INTO "spot_names" VALUES(208486,0,'百目木公園');
INSERT INTO "spot_names" VALUES(208487,0,'袖ケ浦ふれあいどうぶつ縁');
INSERT INTO "spot_names" VALUES(208488,0,'袖ケ浦市郷土博物館');
INSERT INTO "spot_names" VALUES(208489,0,'ひらおかの里農村公園');
INSERT INTO "spot_names" VALUES(208490,0,'野見金公園');
INSERT INTO "spot_names" VALUES(208491,0,'熊野の清水');
INSERT INTO "spot_names" VALUES(208492,0,'笠森観音（笠森寺観音堂）');
INSERT INTO "spot_names" VALUES(208493,0,'長南集学校');
INSERT INTO "spot_names" VALUES(208494,0,'道の駅\u3000むつざわつどいの郷');
INSERT INTO "spot_names" VALUES(208495,0,'諏訪神社');
INSERT INTO "spot_names" VALUES(208496,0,'鵜羽神社');
INSERT INTO "spot_names" VALUES(208497,0,'お寺カフェそわか');
INSERT INTO "spot_names" VALUES(208498,0,'長生観音');
INSERT INTO "spot_names" VALUES(208499,0,'一松神社');
INSERT INTO "spot_names" VALUES(208500,0,'尼ヶ台総合公園');
INSERT INTO "spot_names" VALUES(208501,0,'釣ヶ崎海岸');
INSERT INTO "spot_names" VALUES(208502,0,'上総国一之宮\u3000玉前神社');
INSERT INTO "spot_names" VALUES(208503,0,'證誠寺');
INSERT INTO "spot_names" VALUES(208504,0,'八剱八幡神社');
INSERT INTO "spot_names" VALUES(208505,0,'チーバくんプラザ-千葉県観光情報館-');
INSERT INTO "spot_names" VALUES(208506,0,'高倉観音（高蔵寺）');
INSERT INTO "spot_names" VALUES(208507,0,'木更津市郷土博物館金のすず');
INSERT INTO "spot_names" VALUES(208508,0,'木更津かんらんしゃパーク\u3000キサラピア');
INSERT INTO "spot_names" VALUES(208509,0,'道の駅\u3000木更津うまくたの里');
INSERT INTO "spot_names" VALUES(208510,0,'鳥居崎海浜公園');
INSERT INTO "spot_names" VALUES(208511,0,'かずさアーク');
INSERT INTO "spot_names" VALUES(208512,0,'きみさらずタワー／太田山公園');
INSERT INTO "spot_names" VALUES(208513,0,'燈籠坂大師の切通しトンネル');
INSERT INTO "spot_names" VALUES(208514,0,'マザー牧場');
INSERT INTO "spot_names" VALUES(208515,0,'明治百年記念展望塔');
INSERT INTO "spot_names" VALUES(208516,0,'金谷港');
INSERT INTO "spot_names" VALUES(208517,0,'鋸山ロープウェー');
INSERT INTO "spot_names" VALUES(208518,0,'岩谷観音堂やぐら群');
INSERT INTO "spot_names" VALUES(208519,0,'鋸山美術館');
INSERT INTO "spot_names" VALUES(208520,0,'ザ・フィッシュ');
INSERT INTO "spot_names" VALUES(208521,0,'小泉酒造合資会社ソムリエハウス酒匠の館');
INSERT INTO "spot_names" VALUES(208522,0,'東京湾観音');
INSERT INTO "spot_names" VALUES(208523,0,'富津元洲堡塁砲台（中の島）');
INSERT INTO "spot_names" VALUES(208524,0,'富津公園');
INSERT INTO "spot_names" VALUES(208525,0,'久留里城（君津市立久留里城址資料館）');
INSERT INTO "spot_names" VALUES(208526,0,'九十九谷展望公園');
INSERT INTO "spot_names" VALUES(208527,0,'清水渓流広場（濃溝の滝・亀岩の洞窟）');
INSERT INTO "spot_names" VALUES(208528,0,'はちみつとミードのはちみつ工房');
INSERT INTO "spot_names" VALUES(208529,0,'亀山湖');
INSERT INTO "spot_names" VALUES(208530,0,'鹿野山\u3000神野寺');
INSERT INTO "spot_names" VALUES(208531,0,'猟師工房ドライブイン');
INSERT INTO "spot_names" VALUES(208532,0,'ドリプレ・ローズガーデン');
INSERT INTO "spot_names" VALUES(208533,0,'カズサの郷 愛彩畑');
INSERT INTO "spot_names" VALUES(208534,0,'君津市久留里観光交流センター');
INSERT INTO "spot_names" VALUES(208535,0,'渡辺家住宅');
INSERT INTO "spot_names" VALUES(208536,0,'釜屋（旧江澤邸）');
INSERT INTO "spot_names" VALUES(208537,0,'道の駅\u3000たけゆらの里おおたき');
INSERT INTO "spot_names" VALUES(208538,0,'山の駅 養老渓谷 喜楽里');
INSERT INTO "spot_names" VALUES(208539,0,'粟又の滝');
INSERT INTO "spot_names" VALUES(208540,0,'大多喜ハーブガーデン');
INSERT INTO "spot_names" VALUES(208541,0,'天然ガス記念館');
INSERT INTO "spot_names" VALUES(208542,0,'ポッポの丘');
INSERT INTO "spot_names" VALUES(208543,0,'千葉県いすみ環境と文化のさとセンター');
INSERT INTO "spot_names" VALUES(208544,0,'国吉神社・上総出雲大社');
INSERT INTO "spot_names" VALUES(208545,0,'鋸山 日本寺（地獄のぞき）');
INSERT INTO "spot_names" VALUES(208546,0,'都市交流施設・道の駅 保田小学校');
INSERT INTO "spot_names" VALUES(208547,0,'佐久間ダム湖親水公園');
INSERT INTO "spot_names" VALUES(208548,0,'江月水仙ロード');
INSERT INTO "spot_names" VALUES(208549,0,'保田海水浴場');
INSERT INTO "spot_names" VALUES(208550,0,'道の駅\u3000きょなん');
INSERT INTO "spot_names" VALUES(208551,0,'をくづれ水仙郷');
INSERT INTO "spot_names" VALUES(208552,0,'保田漁協ばんや');
INSERT INTO "spot_names" VALUES(208553,0,'鴨川シーワールド');
INSERT INTO "spot_names" VALUES(208554,0,'大山千枚田');
INSERT INTO "spot_names" VALUES(208555,0,'鯛の浦遊覧船');
INSERT INTO "spot_names" VALUES(208556,0,'誕生寺');
INSERT INTO "spot_names" VALUES(208557,0,'大本山\u3000清澄寺');
INSERT INTO "spot_names" VALUES(208558,0,'道の駅\u3000鴨川オーシャンパーク');
INSERT INTO "spot_names" VALUES(208559,0,'菜な畑ロード');
INSERT INTO "spot_names" VALUES(208560,0,'潮騒市場');
INSERT INTO "spot_names" VALUES(208561,0,'魚見塚展望台');
INSERT INTO "spot_names" VALUES(208562,0,'四方木不動滝');
INSERT INTO "spot_names" VALUES(208563,0,'鴨川ウォールアート');
INSERT INTO "spot_names" VALUES(208564,0,'鴨川市郷土資料館');
INSERT INTO "spot_names" VALUES(208565,0,'大山寺不動尊');
INSERT INTO "spot_names" VALUES(208566,0,'鵜原海岸（白い鳥居）');
INSERT INTO "spot_names" VALUES(208567,0,'SGT美術館');
INSERT INTO "spot_names" VALUES(208568,0,'八幡岬公園');
INSERT INTO "spot_names" VALUES(208569,0,'官軍塚');
INSERT INTO "spot_names" VALUES(208570,0,'かつうら海中公園');
INSERT INTO "spot_names" VALUES(208571,0,'千葉県立中央博物館分館\u3000海の博物館');
INSERT INTO "spot_names" VALUES(208572,0,'JAXA勝浦宇宙通信所');
INSERT INTO "spot_names" VALUES(208573,0,'勝浦朝市');
INSERT INTO "spot_names" VALUES(208574,0,'守谷海岸（渡島）');
INSERT INTO "spot_names" VALUES(208575,0,'高照寺');
INSERT INTO "spot_names" VALUES(208576,0,'遠見岬神社');
INSERT INTO "spot_names" VALUES(208577,0,'月の沙漠記念館');
INSERT INTO "spot_names" VALUES(208578,0,'道の駅\u3000とみうら枇杷倶楽部');
INSERT INTO "spot_names" VALUES(208579,0,'道の駅\u3000富楽里とみやま');
INSERT INTO "spot_names" VALUES(208580,0,'道の駅\u3000おおつの里花俱楽部');
INSERT INTO "spot_names" VALUES(208581,0,'道の駅\u3000三芳村鄙の里');
INSERT INTO "spot_names" VALUES(208582,0,'道の駅\u3000和田浦WA・O！');
INSERT INTO "spot_names" VALUES(208583,0,'道の駅\u3000ローズマリー公園');
INSERT INTO "spot_names" VALUES(208584,0,'道の駅\u3000ちくら潮風王国');
INSERT INTO "spot_names" VALUES(208585,0,'道の駅\u3000白浜野島崎');
INSERT INTO "spot_names" VALUES(208586,0,'野島埼灯台');
INSERT INTO "spot_names" VALUES(208587,0,'岡本桟橋（原岡桟橋）');
INSERT INTO "spot_names" VALUES(208588,0,'最果てのベンチ［ラバーズベンチ］');
INSERT INTO "spot_names" VALUES(208589,0,'抱湖園（元朝桜）');
INSERT INTO "spot_names" VALUES(208590,0,'千葉県\u3000酪農のさと');
INSERT INTO "spot_names" VALUES(208591,0,'花嫁街道\u3000黒滝');
INSERT INTO "spot_names" VALUES(208592,0,'大房岬自然公園（ビジターセンター）');
INSERT INTO "spot_names" VALUES(208593,0,'白浜海洋美術館');
INSERT INTO "spot_names" VALUES(208594,0,'白浜城');
INSERT INTO "spot_names" VALUES(208595,0,'伏姫籠穴');
INSERT INTO "spot_names" VALUES(208596,0,'南房千倉大橋（公園）');
INSERT INTO "spot_names" VALUES(208597,0,'シラハマ校舎');
INSERT INTO "spot_names" VALUES(208598,0,'白間津のお花畑');
INSERT INTO "spot_names" VALUES(208599,0,'沖ノ島公園');
INSERT INTO "spot_names" VALUES(208600,0,'"渚の駅"たてやま');
INSERT INTO "spot_names" VALUES(208601,0,'城山公園');
INSERT INTO "spot_names" VALUES(208602,0,'館山海軍航空隊 赤山地下壕跡');
INSERT INTO "spot_names" VALUES(208603,0,'道の駅 南房パラダイス/アロハガーデンたてやま');
INSERT INTO "spot_names" VALUES(208604,0,'大福寺（崖観音）');
INSERT INTO "spot_names" VALUES(208605,0,'安房高野山\u3000妙音院');
INSERT INTO "spot_names" VALUES(208606,0,'洲埼灯台');
INSERT INTO "spot_names" VALUES(208607,0,'青木繁「海の幸」記念館');
INSERT INTO "spot_names" VALUES(208608,0,'ギャラリー ＆ カフェ\u3000船形倉庫');
INSERT INTO "spot_names" VALUES(208609,0,'飛ノ台史跡公園博物館');
INSERT INTO "spot_names" VALUES(208610,0,'大多喜城（県立中央博物館大多喜城分館）');
INSERT INTO "spot_names" VALUES(208611,0,'光明寺');
INSERT INTO "spot_names" VALUES(208612,0,'茜浜緑地（関東富士見百景）');
INSERT INTO "spot_names" VALUES(208613,0,'旧鴇田家住宅');
INSERT INTO "spot_names" VALUES(208614,0,'旧大沢家住宅');
INSERT INTO "spot_names" VALUES(208615,0,'有森裕子記念碑');
INSERT INTO "spot_names" VALUES(208616,0,'鈴木大地記念碑');
INSERT INTO "spot_names" VALUES(208617,0,'山縣飛行士殉空之地碑');
INSERT INTO "spot_names" VALUES(208618,0,'ドイツ捕虜オーケストラの碑');
INSERT INTO "spot_names" VALUES(208619,0,'千葉工業大学通用門（旧陸軍鉄道第二聯隊表門）');
INSERT INTO "spot_names" VALUES(208620,0,'東身延 本山 藻原寺');
INSERT INTO "spot_names" VALUES(208621,0,'飯縄寺');
INSERT INTO "spot_names" VALUES(208622,0,'館山ジビエセンター');
INSERT INTO "spot_names" VALUES(208623,0,'市原歴史博物館');
INSERT INTO "spot_names" VALUES(208624,0,'菱川師宣記念館');
INSERT INTO "spot_names" VALUES(208625,0,'道の駅 ふれあいパーク・きみつ');
INSERT INTO "spot_names" VALUES(208626,0,'ウミガメの丘');
INSERT INTO "spot_names" VALUES(208627,0,'稲花酒造');
INSERT INTO "spot_names" VALUES(208628,0,'延命寺観音堂');
INSERT INTO "spot_names" VALUES(208629,0,'蔵の図書館');
INSERT INTO "spot_names" VALUES(208630,0,'寝釈迦');
INSERT INTO "spot_names" VALUES(208631,0,'市川市行徳ふれあい伝承館');
INSERT INTO "spot_names" VALUES(208632,0,'野菊の墓文学碑（西蓮寺）');
INSERT INTO "spot_names" VALUES(208633,0,'旧井上家住宅');
INSERT INTO "spot_names" VALUES(208634,0,'ヤマサ醤油 しょうゆ味わい体験館');
INSERT INTO "spot_names" VALUES(208635,0,'妙楽寺');
INSERT INTO "spot_names" VALUES(208636,0,'皇産靈神社');
INSERT INTO "spot_names" VALUES(208637,0,'メキシコ記念公園（日西墨三国交通発祥記念之碑）');
INSERT INTO "spot_names" VALUES(208638,0,'鶴谷八幡宮');
INSERT INTO "spot_names" VALUES(208639,0,'光福寺');
INSERT INTO "spot_names" VALUES(208640,0,'長福寺');
INSERT INTO "spot_names" VALUES(208641,0,'三島神社');
INSERT INTO "spot_names" VALUES(208642,0,'龍腹寺');
INSERT INTO "spot_names" VALUES(208643,0,'龍尾寺');
INSERT INTO "spot_names" VALUES(208644,0,'喫茶さくら');
INSERT INTO "spot_names" VALUES(208645,0,'中央公園');
INSERT INTO "spot_names" VALUES(208646,0,'三舟山');
INSERT INTO "spot_names" VALUES(208647,0,'髙瀧神社');
INSERT INTO "spot_names" VALUES(208648,0,'音楽と珈琲の店\u3000岬');
INSERT INTO "spot_names" VALUES(208649,0,'ホテルスプリングス幕張');
INSERT INTO "spot_names" VALUES(208650,0,'おゆみ野四季のみち');
INSERT INTO "spot_names" VALUES(208651,0,'メッセモール');
INSERT INTO "spot_names" VALUES(208652,0,'さつきが丘名店街');
INSERT INTO "spot_names" VALUES(208653,0,'東金青年の森公園');
INSERT INTO "spot_names" VALUES(208654,0,'公津の杜コミュニティセンター（もりんぴあこうづ）');
INSERT INTO "spot_names" VALUES(208655,0,'船橋港親水公園');
INSERT INTO "spot_names" VALUES(208656,0,'海老川ジョギングロード');
INSERT INTO "spot_names" VALUES(208657,0,'船橋市民文化ホール');
INSERT INTO "spot_names" VALUES(208658,0,'根本海水浴場');
INSERT INTO "spot_names" VALUES(208659,0,'多田良北浜海水浴場');
INSERT INTO "spot_names" VALUES(208660,0,'榎町商店街');
INSERT INTO "spot_names" VALUES(208661,0,'成田山公園');
INSERT INTO "spot_names" VALUES(208662,0,'八日市場本町通り商店街の町並み');
INSERT INTO "spot_names" VALUES(208663,0,'大土手山（ルボン山）');
INSERT INTO "spot_names" VALUES(209281,0,'我孫子インフォメーションセンター（アビシルベ）');
INSERT INTO "spot_names" VALUES(209282,0,'JA富里市産直センター');
INSERT INTO "spot_names" VALUES(209283,0,'銚子セレクト市場');
INSERT INTO "spot_names" VALUES(209284,0,'上永井公園（飯岡灯台、飯岡刑部岬展望館）');
INSERT INTO "spot_names" VALUES(209285,0,'道の駅\u3000季楽里あさひ');
INSERT INTO "spot_names" VALUES(209286,0,'JR横芝駅舎');
INSERT INTO "spot_names" VALUES(209287,0,'海ほたるパーキングエリア');
INSERT INTO "spot_names" VALUES(209288,0,'太東埼灯台');
INSERT INTO "spot_names" VALUES(209289,0,'夫婦岩');
INSERT INTO "spot_names" VALUES(209290,0,'万木城跡公園');
INSERT INTO "spot_names" VALUES(209291,0,'大原公園「平和の鐘」');
INSERT INTO "spot_names" VALUES(209292,0,'源頼朝上陸地');
INSERT INTO "spot_names" VALUES(209293,0,'里のMUJI みんなみの里');
INSERT INTO "spot_names" VALUES(209294,0,'檀特山 小松寺');
INSERT INTO "spot_names" VALUES(209295,0,'高家神社');
INSERT INTO "spot_names" VALUES(209296,0,'下総国 柏鎮守 諏訪神社');
INSERT INTO "spot_names" VALUES(209297,0,'布鎌惣社水神社');
INSERT INTO "spot_names" VALUES(209298,0,'八鶴湖');
INSERT INTO "spot_names" VALUES(209460,0,'大原漁港 港の朝市');
INSERT INTO "spot_names" VALUES(209461,0,'真野寺');
INSERT INTO "spot_names" VALUES(210057,0,'仁右衛門島');
INSERT INTO "spot_names" VALUES(210058,0,'市川市東山魁夷記念館');
INSERT INTO "spot_names" VALUES(210059,0,'殿塚・姫塚');
INSERT INTO "spot_names" VALUES(210060,0,'屋形四社神社');
INSERT INTO "spot_names" VALUES(210061,0,'町原大銀杏');
INSERT INTO "spot_names" VALUES(210062,0,'山武姥山貝塚');
INSERT INTO "spot_names" VALUES(210663,0,'椿ノ海水神社');
CREATE TABLE spot_uris
(
    spot_id INTEGER PRIMARY KEY,
    spot_uri TEXT NOT NULL
);
INSERT INTO "spot_uris" VALUES(207134,'https://www.city.choshi.chiba.jp/edu/sg-guide/index.html');
INSERT INTO "spot_uris" VALUES(207135,'https://www.city.tateyama.chiba.jp/hakubutukan/page100065.html');
INSERT INTO "spot_uris" VALUES(207136,'http://www.nrtk.jp/enjoy/shikisaisai/traditional-performing-arts.html');
INSERT INTO "spot_uris" VALUES(207137,'https://www.city.asahi.lg.jp/soshiki/30/21573.html');
INSERT INTO "spot_uris" VALUES(207138,'https://www.city.yachimata.lg.jp/soshiki/39/');
INSERT INTO "spot_uris" VALUES(207139,'https://www.city.yachimata.lg.jp/soshiki/20/37204.html');
INSERT INTO "spot_uris" VALUES(207140,'https://www.city.katori.lg.jp/sightseeing/museum/index.html');
INSERT INTO "spot_uris" VALUES(207141,'https://www.town.onjuku.chiba.jp/sub4/3/mexico_kinentou1.html');
INSERT INTO "spot_uris" VALUES(207143,'https://chiba150th-tamboart.com/');
INSERT INTO "spot_uris" VALUES(207144,'https://www.pref.chiba.lg.jp/kc-katsunan/event/2023/photocontest.html');
INSERT INTO "spot_uris" VALUES(207145,'https://www.pref.chiba.lg.jp/kc-katsunan/event/2023/photocontest.html');
INSERT INTO "spot_uris" VALUES(207146,'https://www.pref.chiba.lg.jp/kc-katsunan/event/2023/photocontest.html');
INSERT INTO "spot_uris" VALUES(207147,'https://www.pref.chiba.lg.jp/kc-katsunan/event/2023/photocontest.html');
INSERT INTO "spot_uris" VALUES(207148,'https://www.pref.chiba.lg.jp/kc-katsunan/event/2023/photocontest.html');
INSERT INTO "spot_uris" VALUES(207149,'http://www2.chiba-muse.or.jp/NATURAL/');
INSERT INTO "spot_uris" VALUES(207150,'http://www2.chiba-muse.or.jp/ART/');
INSERT INTO "spot_uris" VALUES(208179,'http://www2.chiba-muse.or.jp/www/SEKIYADO/index.html');
INSERT INTO "spot_uris" VALUES(208180,'https://www.city.noda.chiba.jp/shisetsu/bunka/1028434.html');
INSERT INTO "spot_uris" VALUES(208181,'https://www.city.noda.chiba.jp/shisetsu/etc/1001113.html');
INSERT INTO "spot_uris" VALUES(208182,'https://www.shimizu-kouen.com/');
INSERT INTO "spot_uris" VALUES(208183,'https://sakuragi.info/');
INSERT INTO "spot_uris" VALUES(208184,'https://noda-muse.jp/');
INSERT INTO "spot_uris" VALUES(208185,'https://www.kouhoo1929.or.jp/');
INSERT INTO "spot_uris" VALUES(208186,'https://www.city.noda.chiba.jp/kantaro_museum/index.html');
INSERT INTO "spot_uris" VALUES(208187,'https://kamihanawa.jp/');
INSERT INTO "spot_uris" VALUES(208188,'https://nagareyamakankou.com/tourism-information/akagi-2/');
INSERT INTO "spot_uris" VALUES(208227,'https://nagareyama-td.com/issasouju/');
INSERT INTO "spot_uris" VALUES(208228,'https://nagareyamakankou.com/tourism-information/kondo-isami-3/');
INSERT INTO "spot_uris" VALUES(208229,'https://nagareyama-td.com/misegura/');
INSERT INTO "spot_uris" VALUES(208230,'https://nagareyamakankou.com/tourism-information/machinaka-museum-2/');
INSERT INTO "spot_uris" VALUES(208231,'https://nagareyamakankou.com/tourism-information/asama/');
INSERT INTO "spot_uris" VALUES(208232,'https://www.city.nagareyama.chiba.jp/life/1001780/1001785/index.html');
INSERT INTO "spot_uris" VALUES(208233,'https://www.city.nagareyama.chiba.jp/institution/1004355/1004357/1004358.html');
INSERT INTO "spot_uris" VALUES(208234,'https://www.konbukuroike.com/');
INSERT INTO "spot_uris" VALUES(208235,'https://www.fusebenten.com/');
INSERT INTO "spot_uris" VALUES(208236,'http://former-yoshida.jp/');
INSERT INTO "spot_uris" VALUES(208237,'https://www.city.kashiwa.lg.jp/facilities/park/kitakashiwa.html');
INSERT INTO "spot_uris" VALUES(208238,'http://www.kasiwade.com/');
INSERT INTO "spot_uris" VALUES(208239,'https://www.michinoeki-shonan.jp/');
INSERT INTO "spot_uris" VALUES(208240,'https://www.city.kashiwa.lg.jp/bunka/about_kashiwa/culture/rekishi/shiteibunkazai/ken/kyokaido.html');
INSERT INTO "spot_uris" VALUES(208241,'https://www.yumefarm.jp/');
INSERT INTO "spot_uris" VALUES(208242,'https://kankou.kashiwa-cci.or.jp/spots/masakado-jinjya/');
INSERT INTO "spot_uris" VALUES(208243,'https://www.akebonoyama-nougyoukouen.jp/');
INSERT INTO "spot_uris" VALUES(208244,'https://kankou.kashiwa-cci.or.jp/spots/guzein/');
INSERT INTO "spot_uris" VALUES(208245,'https://www.city.kashiwa.lg.jp/facilities/park/masuojoshi.html');
INSERT INTO "spot_uris" VALUES(208246,'https://www.city.abiko.chiba.jp/event/shizennonaka/kouenryokuchi/park/citypark/teganuma.html');
INSERT INTO "spot_uris" VALUES(208247,'https://www.abiko831.jp/');
INSERT INTO "spot_uris" VALUES(208248,'https://www.city.abiko.chiba.jp/event/shiseki_bunkazai/shirakaba/');
INSERT INTO "spot_uris" VALUES(208249,'https://www.city.abiko.chiba.jp/event/shiseki_bunkazai/sugimurasojinkan/');
INSERT INTO "spot_uris" VALUES(208250,'https://www.city.abiko.chiba.jp/event/shiseki_bunkazai/kyu_murakawa/');
INSERT INTO "spot_uris" VALUES(208251,'https://jiminzan.com/');
INSERT INTO "spot_uris" VALUES(208252,'https://www.city.abiko.chiba.jp/kouko/siteibunkazai/hukiaezu.html');
INSERT INTO "spot_uris" VALUES(208253,'https://www.city.matsudo.chiba.jp/tojo/index.html');
INSERT INTO "spot_uris" VALUES(208254,'https://www.hondoji.net/index.html');
INSERT INTO "spot_uris" VALUES(208255,'https://www.city.matsudo.chiba.jp/miryoku/kankoumiryokubunka/odekakemap/sanpo-map/yakiri-nogiku.html');
INSERT INTO "spot_uris" VALUES(208256,'http://tozenji.life.coocan.jp/index.html');
INSERT INTO "spot_uris" VALUES(208257,'https://www.city.matsudo.chiba.jp/m_muse/');
INSERT INTO "spot_uris" VALUES(208258,'https://66map.main.jp/p5/p5-07/p5-07-01');
INSERT INTO "spot_uris" VALUES(208259,'https://www.city.urayasu.lg.jp/kanko/kyodo/index.html');
INSERT INTO "spot_uris" VALUES(208260,'https://www.city.urayasu.lg.jp/shisetsu/bunka/bunka/1005591.html');
INSERT INTO "spot_uris" VALUES(208261,'https://www.ces-net.jp/sanbanze/');
INSERT INTO "spot_uris" VALUES(208262,'https://www.urayasu-zaidan.or.jp/bunkazai/index.html');
INSERT INTO "spot_uris" VALUES(208263,'https://www.urayasu-zaidan.or.jp/bunkazai/index.html');
INSERT INTO "spot_uris" VALUES(208264,'http://www2.chiba-muse.or.jp/SCIENCE/');
INSERT INTO "spot_uris" VALUES(208265,'https://www.city.ichikawa.lg.jp/env09/1111000028.html');
INSERT INTO "spot_uris" VALUES(208266,'https://temple.nichiren.or.jp/1041026-hokekyoji/');
INSERT INTO "spot_uris" VALUES(208267,'https://www.city.ichikawa.lg.jp/zoo/');
INSERT INTO "spot_uris" VALUES(208268,'https://www.city.ichikawa.lg.jp/eco04/1111000055.html');
INSERT INTO "spot_uris" VALUES(208269,'https://www.michinoeki-ichikawa.jp/');
INSERT INTO "spot_uris" VALUES(208270,'https://www.city.ichikawa.lg.jp/edu14/');
INSERT INTO "spot_uris" VALUES(208271,'http://www.mikoshiya.com/museum/');
INSERT INTO "spot_uris" VALUES(208272,'https://www.shirahatatenjinsya.com/');
INSERT INTO "spot_uris" VALUES(208273,'https://www.city.ichikawa.lg.jp/gre04/1111000002.html');
INSERT INTO "spot_uris" VALUES(208274,'http://mamasan.or.jp/');
INSERT INTO "spot_uris" VALUES(208275,'https://www.katsushikahachimangu.com/');
INSERT INTO "spot_uris" VALUES(208276,'http://www.kama-navi.jp/spot/history/shiteibunkazai/1396502320519.html');
INSERT INTO "spot_uris" VALUES(208277,'https://www.fighters.co.jp/stadium/kamagaya/');
INSERT INTO "spot_uris" VALUES(208278,'http://www.city.kamagaya.chiba.jp/sisetsu/park/kaigarayama.html');
INSERT INTO "spot_uris" VALUES(208279,'http://www.city.kamagaya.chiba.jp/sisetsu/park/shiseikinen.html');
INSERT INTO "spot_uris" VALUES(208280,'http://www.kama-navi.jp/spot/history/shiteibunkazai/1396497581166.html');
INSERT INTO "spot_uris" VALUES(208281,'https://www.city.kamagaya.chiba.jp/sisetsu/kyoudo_2/index.html');
INSERT INTO "spot_uris" VALUES(208282,'https://soroban-muse.com/');
INSERT INTO "spot_uris" VALUES(208283,'https://www.sambanze.jp/');
INSERT INTO "spot_uris" VALUES(208284,'https://www.park-funabashi.or.jp/and/');
INSERT INTO "spot_uris" VALUES(208285,'https://f-meguspa.jp/');
INSERT INTO "spot_uris" VALUES(208286,'http://funabashi-mori.jp/');
INSERT INTO "spot_uris" VALUES(208287,'https://www.sambanze.jp/');
INSERT INTO "spot_uris" VALUES(208288,'http://www.ja-chibatoukatu.or.jp/directsales/');
INSERT INTO "spot_uris" VALUES(208289,'http://www.oohijinja.jp/');
INSERT INTO "spot_uris" VALUES(208290,'http://www.funabashi-gyokyou.jp/minatoya');
INSERT INTO "spot_uris" VALUES(208291,'https://www.keiseirose.co.jp/garden/');
INSERT INTO "spot_uris" VALUES(208292,'http://yachiyo-agri.org/');
INSERT INTO "spot_uris" VALUES(208293,'https://www.city.yachiyo.lg.jp/soshiki/46/4035.html');
INSERT INTO "spot_uris" VALUES(208294,'https://yachiyo-park.jp/kayadachiku-park/');
INSERT INTO "spot_uris" VALUES(208295,'http://www.ja-yachiyo.or.jp/farmers_market/farmers_market.html');
INSERT INTO "spot_uris" VALUES(208296,'https://www.yachiyo.ed.jp/yachiyo/sosiki/rekisi/');
INSERT INTO "spot_uris" VALUES(208297,'https://www.yachiyo-kankou.com/spot/hachifukujin/');
INSERT INTO "spot_uris" VALUES(208298,'https://www.yachiyo-kankou.com/spot/hachifukujin/');
INSERT INTO "spot_uris" VALUES(208299,'https://www.yachiyo-kankou.com/spot/hachifukujin/');
INSERT INTO "spot_uris" VALUES(208300,'https://www.yachiyo-kankou.com/spot/hachifukujin/');
INSERT INTO "spot_uris" VALUES(208301,'https://www.yachiyo-kankou.com/spot/hachifukujin/');
INSERT INTO "spot_uris" VALUES(208302,'https://www.yachiyo-kankou.com/spot/hachifukujin/');
INSERT INTO "spot_uris" VALUES(208303,'https://www.yachiyo-kankou.com/spot/hachifukujin/');
INSERT INTO "spot_uris" VALUES(208304,'https://www.yachiyo-kankou.com/spot/hachifukujin/');
INSERT INTO "spot_uris" VALUES(208305,'https://www.seibu-la.co.jp/hokusou/');
INSERT INTO "spot_uris" VALUES(208306,'https://www.city.inzai.lg.jp/0000005283.html');
INSERT INTO "spot_uris" VALUES(208307,'https://www.city.inzai.lg.jp/0000013226.html');
INSERT INTO "spot_uris" VALUES(208308,'http://www.yatsu-rosegarden.jp/');
INSERT INTO "spot_uris" VALUES(208309,'https://www.seibu-la.co.jp/yatsuhigata/');
INSERT INTO "spot_uris" VALUES(208310,'https://fa-chiba.foret-aventure.jp/');
INSERT INTO "spot_uris" VALUES(208311,'https://www.city.chiba.jp/kyodo/');
INSERT INTO "spot_uris" VALUES(208312,'http://www.chiba-muse.or.jp/NATURAL/');
INSERT INTO "spot_uris" VALUES(208313,'https://www.city.chiba.jp/kasori/');
INSERT INTO "spot_uris" VALUES(208314,'http://www.tomita-kan.jp/');
INSERT INTO "spot_uris" VALUES(208315,'https://ushinohiroba.com/');
INSERT INTO "spot_uris" VALUES(208316,'https://www.city.chiba.jp/zoo/');
INSERT INTO "spot_uris" VALUES(208317,'https://www.kagakukanq.com/');
INSERT INTO "spot_uris" VALUES(208318,'https://www.ccma-net.jp/');
INSERT INTO "spot_uris" VALUES(208319,'http://www2.chiba-muse.or.jp/ART/');
INSERT INTO "spot_uris" VALUES(208320,'https://www.city.chiba.jp/toshi/koenryokuchi/kanri/chuo-mihama/chibakouen.html');
INSERT INTO "spot_uris" VALUES(208321,'https://www.pist6.com/');
INSERT INTO "spot_uris" VALUES(208322,'https://sogasportspark.com/');
INSERT INTO "spot_uris" VALUES(208323,'https://www.marines.co.jp/');
INSERT INTO "spot_uris" VALUES(208324,'https://www.m-messe.co.jp/');
INSERT INTO "spot_uris" VALUES(208325,'http://www.aquarink-chiba.jp/');
INSERT INTO "spot_uris" VALUES(208326,'https://www.hoki-museum.jp/');
INSERT INTO "spot_uris" VALUES(208327,'http://ksnetwork.co.jp/');
INSERT INTO "spot_uris" VALUES(208328,'https://chiba-porttower.com/');
INSERT INTO "spot_uris" VALUES(208329,'https://sunsetbeachpark.jp/');
INSERT INTO "spot_uris" VALUES(208330,'https://www.showanomori.jp/');
INSERT INTO "spot_uris" VALUES(208331,'https://galleryinage.jp/');
INSERT INTO "spot_uris" VALUES(208332,'https://www.city.chiba.jp/kyoiku/shogaigakushu/bunkazai/yukarinoieinage.html');
INSERT INTO "spot_uris" VALUES(208333,'https://www.city.chiba.jp/kyoiku/shogaigakushu/bunkazai/ochayagoten.html');
INSERT INTO "spot_uris" VALUES(208334,'https://www.chibajinja.com/');
INSERT INTO "spot_uris" VALUES(208335,'http://yotsu-foundation.or.jp/fureai/index.php');
INSERT INTO "spot_uris" VALUES(208336,'https://www.sakurashi-kankou.or.jp/facility/furusato/');
INSERT INTO "spot_uris" VALUES(208337,'https://www.rekihaku.ac.jp/');
INSERT INTO "spot_uris" VALUES(208338,'https://www.city.sakura.lg.jp/soshiki/koenryokuchika/3/13/4609.html#wrapper');
INSERT INTO "spot_uris" VALUES(208339,'https://www.city.sakura.lg.jp/section/museum/');
INSERT INTO "spot_uris" VALUES(208340,'https://www.city.sakura.lg.jp/section/kusabue/');
INSERT INTO "spot_uris" VALUES(208341,'https://www.city.sakura.lg.jp/soshiki/bunkaka/bunkazai/buke/3032.html');
INSERT INTO "spot_uris" VALUES(208342,'https://www.city.sakura.lg.jp/soshiki/sakuranomiryoku/1/3036.html');
INSERT INTO "spot_uris" VALUES(208343,'https://www.city.sakura.lg.jp/soshiki/bunkaka/bunkazai/juntendou/5797.html');
INSERT INTO "spot_uris" VALUES(208344,'https://www.city.sakura.lg.jp/soshiki/bunkaka/bunkazai/hotta/4595.html');
INSERT INTO "spot_uris" VALUES(208345,'http://www.makata.jp/');
INSERT INTO "spot_uris" VALUES(208346,'https://www.city.sakura.lg.jp/soshiki/sakuranomiryoku/1/3599.html');
INSERT INTO "spot_uris" VALUES(208347,'https://kawamura-museum.dic.co.jp/');
INSERT INTO "spot_uris" VALUES(208348,'http://www2.chiba-muse.or.jp/MURA/');
INSERT INTO "spot_uris" VALUES(208349,'http://www.town.sakae.chiba.jp/news.php?type=8');
INSERT INTO "spot_uris" VALUES(208350,'https://www.pref.chiba.lg.jp/kyouiku/bunkazai/bunkazai/n411-017.html');
INSERT INTO "spot_uris" VALUES(208351,'https://www.town.sakae.chiba.jp/page/page005873.html');
INSERT INTO "spot_uris" VALUES(208352,'https://www.town.sakae.chiba.jp/page/page001249.html');
INSERT INTO "spot_uris" VALUES(208353,'https://www.iinumahonke.co.jp/lp/shisui-magariya');
INSERT INTO "spot_uris" VALUES(208354,'https://www.town.shisui.chiba.jp/docs/2017120600025/');
INSERT INTO "spot_uris" VALUES(208355,'https://www.town.shisui.chiba.jp/docs/2017112200059/');
INSERT INTO "spot_uris" VALUES(208356,'https://www.naritasan.or.jp/');
INSERT INTO "spot_uris" VALUES(208357,'https://www.yumebokujo.com/');
INSERT INTO "spot_uris" VALUES(208358,'http://sougo.frenchkiss.jp/');
INSERT INTO "spot_uris" VALUES(208359,'https://www.soranoekisakurakan.com/');
INSERT INTO "spot_uris" VALUES(208360,'https://www.soranoekisakurakan.com/');
INSERT INTO "spot_uris" VALUES(208361,'https://www.narita-airport.jp/jp/');
INSERT INTO "spot_uris" VALUES(208362,'https://www.nrtk.jp/news/20181007.html');
INSERT INTO "spot_uris" VALUES(208363,'http://www.nrtk.jp/mypage/00109.html');
INSERT INTO "spot_uris" VALUES(208364,'https://www.city.narita.chiba.jp/shisetsu/page000195.html');
INSERT INTO "spot_uris" VALUES(208365,'https://www.city.narita.chiba.jp/bunka_sports/page205700.html');
INSERT INTO "spot_uris" VALUES(208366,'https://www.city.narita.chiba.jp/shisetsu/page000176.html');
INSERT INTO "spot_uris" VALUES(208367,'https://www.city.narita.chiba.jp/business/page0139_00039.html');
INSERT INTO "spot_uris" VALUES(208368,'https://www.city.yachimata.lg.jp/site/peanuts/43.html');
INSERT INTO "spot_uris" VALUES(208369,'https://www.city.yachimata.lg.jp/soshiki/39/');
INSERT INTO "spot_uris" VALUES(208370,'https://suehiro-gs.com/');
INSERT INTO "spot_uris" VALUES(208371,'http://tomisatokatori.com/');
INSERT INTO "spot_uris" VALUES(208372,'https://www.city.tomisato.lg.jp/0000013134.html');
INSERT INTO "spot_uris" VALUES(208373,'https://www.city.tomisato.lg.jp/0000001199.html');
INSERT INTO "spot_uris" VALUES(208374,'https://www.hakkounosato.com/');
INSERT INTO "spot_uris" VALUES(208375,'https://www.pref.chiba.lg.jp/kyouiku/bunkazai/bunkazai/n431-005.html');
INSERT INTO "spot_uris" VALUES(208376,'https://www.town.kozaki.chiba.jp/kanko_iju/kanko/park.html');
INSERT INTO "spot_uris" VALUES(208377,'https://www.town.kozaki.chiba.jp/kanko_iju/kanko/history.html');
INSERT INTO "spot_uris" VALUES(208378,'https://www.city.katori.lg.jp/smph/sightseeing/matsuri/dashikaikan/');
INSERT INTO "spot_uris" VALUES(208379,'https://sawara-machinami.com/');
INSERT INTO "spot_uris" VALUES(208380,'https://www.nipponia-sawara.com/uwagashi/');
INSERT INTO "spot_uris" VALUES(208381,'https://ayamepark.jp/');
INSERT INTO "spot_uris" VALUES(208382,'http://www.e-sawara.com/');
INSERT INTO "spot_uris" VALUES(208383,'http://www.yamasu.com/foodmura/');
INSERT INTO "spot_uris" VALUES(208384,'https://katori-jingu.or.jp/');
INSERT INTO "spot_uris" VALUES(208385,'https://www.benikomachi.jp/');
INSERT INTO "spot_uris" VALUES(208386,'http://kanpukuji.or.jp/');
INSERT INTO "spot_uris" VALUES(208387,'https://www.city.katori.lg.jp/smph/sightseeing/museum/index.html');
INSERT INTO "spot_uris" VALUES(208388,'https://www.city.katori.lg.jp/smph/sightseeing/museum/index.html');
INSERT INTO "spot_uris" VALUES(208389,'https://www.city.katori.lg.jp/smph/sightseeing/meisho/rekishi/kusu.html');
INSERT INTO "spot_uris" VALUES(208390,'https://www.tohnosho-kanko.jp/spot/tenposuikodenihinkan/');
INSERT INTO "spot_uris" VALUES(208391,'http://tonosho-mori.jp/');
INSERT INTO "spot_uris" VALUES(208392,'https://www.tohnosho-kanko.jp/spot/enmeiji/');
INSERT INTO "spot_uris" VALUES(208393,'https://www.tohnosho-kanko.jp/spot/fukusyuuji/');
INSERT INTO "spot_uris" VALUES(208394,'https://www.tokokai.org/tourlight/tourlight03/');
INSERT INTO "spot_uris" VALUES(208395,'https://www.choshi-geopark.jp/geosite/22/index.html');
INSERT INTO "spot_uris" VALUES(208396,'http://www.wosse21.net/');
INSERT INTO "spot_uris" VALUES(208397,'http://www.wosse21.net/porttower.html');
INSERT INTO "spot_uris" VALUES(208398,'https://www.choshikanko.com/tenbokan/');
INSERT INTO "spot_uris" VALUES(208400,'https://www.choshi-geopark.jp/');
INSERT INTO "spot_uris" VALUES(208401,'https://www.choshikanko.com/kankoDB/%E7%8C%BF%E7%94%B0%E7%A5%9E%E7%A4%BE/');
INSERT INTO "spot_uris" VALUES(208402,'https://www.myokensama.jp/');
INSERT INTO "spot_uris" VALUES(208403,'http://iinumakannon.com/');
INSERT INTO "spot_uris" VALUES(208404,'http://www.tokawa.jp/');
INSERT INTO "spot_uris" VALUES(208405,'https://www.city.choshi.chiba.jp/edu/sg-guide/page2101_00015.html');
INSERT INTO "spot_uris" VALUES(208406,'https://www.facebook.com/people/%E9%8A%9A%E5%AD%90%E3%81%A1%E3%81%A2%E3%81%BF%E4%BC%9D%E7%B5%B1%E5%B7%A5%E8%8A%B8%E9%A4%A8/100054283311038/?sk=about');
INSERT INTO "spot_uris" VALUES(208407,'https://www.michinoeki-tako.com/');
INSERT INTO "spot_uris" VALUES(208408,'https://www.pref.chiba.lg.jp/kyouiku/bunkazai/bunkazai/q111-039.html');
INSERT INTO "spot_uris" VALUES(208409,'https://www.town.tako.chiba.jp/docs/2018012900278/');
INSERT INTO "spot_uris" VALUES(208410,'https://www.town.tako.chiba.jp/docs/2018020700020/');
INSERT INTO "spot_uris" VALUES(208411,'https://www.pref.chiba.lg.jp/kyouiku/bunkazai/bunkazai/q111-040.html');
INSERT INTO "spot_uris" VALUES(208412,'https://www.town.tako.chiba.jp/docs/2018012900261/');
INSERT INTO "spot_uris" VALUES(208413,'https://ohisama-terrace.jp/');
INSERT INTO "spot_uris" VALUES(208414,'http://www.city.asahi.chiba.jp/yugaku/');
INSERT INTO "spot_uris" VALUES(208415,'https://www.city.asahi.lg.jp/soshiki/3/2421.html');
INSERT INTO "spot_uris" VALUES(208416,'https://www.tamasakijinja.com/');
INSERT INTO "spot_uris" VALUES(208418,'https://tozenji.sakura.ne.jp/');
INSERT INTO "spot_uris" VALUES(208419,'https://www.haniwakan.com/');
INSERT INTO "spot_uris" VALUES(208420,'http://www.aeromuseum.or.jp/');
INSERT INTO "spot_uris" VALUES(208421,'https://www.fuwarishibayama.com/');
INSERT INTO "spot_uris" VALUES(208422,'https://www.town.shibayama.lg.jp/0000002556.html');
INSERT INTO "spot_uris" VALUES(208423,'https://www.naa.jp/jp/csr/syuhen_04.html');
INSERT INTO "spot_uris" VALUES(208424,'https://sorafuwa.com/');
INSERT INTO "spot_uris" VALUES(208425,'https://www.matsuyamajinja.jp/');
INSERT INTO "spot_uris" VALUES(208426,'https://sosa-kanko.com/sightseeing/spot/yaegakijinjya/');
INSERT INTO "spot_uris" VALUES(208427,'https://sosa-kanko.com/sightseeing/spot/toshogu/');
INSERT INTO "spot_uris" VALUES(208429,'https://www.city.sosa.lg.jp/page/page001246.html');
INSERT INTO "spot_uris" VALUES(208430,'https://sosa-kanko.com/sightseeing/spot/hachimanjinjya/');
INSERT INTO "spot_uris" VALUES(208431,'https://www.city.sosa.lg.jp/page/page001342.html');
INSERT INTO "spot_uris" VALUES(208432,'https://www.city.sosa.lg.jp/page/dir001623.html');
INSERT INTO "spot_uris" VALUES(208433,'https://www.city.sosa.lg.jp/page/page000918.html');
INSERT INTO "spot_uris" VALUES(208434,'http://matuyamaartmuseum.web.fc2.com/');
INSERT INTO "spot_uris" VALUES(208435,'http://fureaipark.jp/');
INSERT INTO "spot_uris" VALUES(208436,'https://www.city.sosa.lg.jp/page/page000905.html');
INSERT INTO "spot_uris" VALUES(208437,'https://www.imth.jp/');
INSERT INTO "spot_uris" VALUES(208438,'https://www.town.yokoshibahikari.chiba.jp/site/yokoshibahikari-navi/');
INSERT INTO "spot_uris" VALUES(208439,'https://www.town.yokoshibahikari.chiba.jp/soshiki/8/1398.html');
INSERT INTO "spot_uris" VALUES(208440,'https://www.town.yokoshibahikari.chiba.jp/site/yokoshibahikari-navi/8715.html#3');
INSERT INTO "spot_uris" VALUES(208441,'https://yoridokoro.chiba.jp/article/207/');
INSERT INTO "spot_uris" VALUES(208442,'https://twitter.com/ko_saiji');
INSERT INTO "spot_uris" VALUES(208443,'https://oraihasunuma.jimdofree.com/');
INSERT INTO "spot_uris" VALUES(208444,'https://sammukanko.jp/attraction/245/');
INSERT INTO "spot_uris" VALUES(208445,'https://www.city.sammu.lg.jp/page/page001467.html');
INSERT INTO "spot_uris" VALUES(208446,'http://www.hasunuma.co.jp/');
INSERT INTO "spot_uris" VALUES(208447,'https://www.city.sammu.lg.jp/page/page003746.html');
INSERT INTO "spot_uris" VALUES(208450,'https://www.touganehiyoshi.org/');
INSERT INTO "spot_uris" VALUES(208451,'https://saifukuji-togane.org/');
INSERT INTO "spot_uris" VALUES(208452,'https://www.water.go.jp/kanto/bouso/01shinchaku/news.html');
INSERT INTO "spot_uris" VALUES(208453,'https://minorinosato-togane.com/');
INSERT INTO "spot_uris" VALUES(208454,'https://www.city.oamishirasato.lg.jp/0000011840.html');
INSERT INTO "spot_uris" VALUES(208455,'https://www.city.oamishirasato.lg.jp/0000010995.html');
INSERT INTO "spot_uris" VALUES(208456,'https://sanmu-jinja.jimdo.com/%E5%B7%AB%E5%A5%B3%E9%B3%A5%E3%82%A2%E3%82%B8%E3%82%B5%E3%82%A4%E6%97%A5%E8%AA%8C/%E5%AE%AE%E8%B0%B7%E5%85%AB%E5%B9%A1%E7%A5%9E%E7%A4%BE/');
INSERT INTO "spot_uris" VALUES(208457,'https://www.city.oamishirasato.lg.jp/0000000255.html');
INSERT INTO "spot_uris" VALUES(208458,'https://uminoeki99.com/');
INSERT INTO "spot_uris" VALUES(208459,'https://www.town.kujukuri.chiba.jp/0000000336.html');
INSERT INTO "spot_uris" VALUES(208460,'https://www.town.kujukuri.chiba.jp/0000000338.html');
INSERT INTO "spot_uris" VALUES(208461,'https://www.herb-cool.com/');
INSERT INTO "spot_uris" VALUES(208462,'https://www.sugahara.com/');
INSERT INTO "spot_uris" VALUES(208463,'https://lsm-ichihara.jp/');
INSERT INTO "spot_uris" VALUES(208464,'http://kankouotaki.com/Yourou.html');
INSERT INTO "spot_uris" VALUES(208465,'https://www.facebook.com/iigaokahatimangu?locale=ja_JP');
INSERT INTO "spot_uris" VALUES(208466,'https://www.city.ichihara.chiba.jp/article?articleId=61fa37ff5df8b3573930cfe8');
INSERT INTO "spot_uris" VALUES(208467,'https://www.city.ichihara.chiba.jp/article?articleId=60236e9eece4651c88c17b6d');
INSERT INTO "spot_uris" VALUES(208468,'https://azunosato.tsukahara-ri.com/');
INSERT INTO "spot_uris" VALUES(208469,'https://kominatomachiai.com/');
INSERT INTO "spot_uris" VALUES(208471,'https://kidsdom.jp/');
INSERT INTO "spot_uris" VALUES(208472,'https://www.city.ichihara.chiba.jp/article?articleId=60236e72ece4651c88c17b26');
INSERT INTO "spot_uris" VALUES(208473,'https://zounokuni.com/');
INSERT INTO "spot_uris" VALUES(208474,'https://ichihara-kankou.or.jp/introduce/toiletinnature/');
INSERT INTO "spot_uris" VALUES(208475,'http://wakuwaku-nagara.com/');
INSERT INTO "spot_uris" VALUES(208476,'https://adeac.jp/nagara-town/top/');
INSERT INTO "spot_uris" VALUES(208477,'http://www.nagaramitinoeki.com/');
INSERT INTO "spot_uris" VALUES(208479,'https://www.tarzania.jp/');
INSERT INTO "spot_uris" VALUES(208480,'https://www.city.mobara.chiba.jp/0000007259.html');
INSERT INTO "spot_uris" VALUES(208481,'https://shirakojinja.jp/');
INSERT INTO "spot_uris" VALUES(208482,'https://www.park-sodegaura.or.jp/');
INSERT INTO "spot_uris" VALUES(208483,'https://t-doitsumura.co.jp/');
INSERT INTO "spot_uris" VALUES(208484,'https://sodegaura-kaihinpark.com/');
INSERT INTO "spot_uris" VALUES(208485,'https://www.city.sodegaura.lg.jp/soshiki/nourin/yurinosato.html');
INSERT INTO "spot_uris" VALUES(208486,'https://www.doumeki-park.jp/');
INSERT INTO "spot_uris" VALUES(208487,'https://www.sodegaura-animal.jp/');
INSERT INTO "spot_uris" VALUES(208488,'https://www.city.sodegaura.lg.jp/soshiki/hakubutsukan/');
INSERT INTO "spot_uris" VALUES(208489,'https://www.city.sodegaura.lg.jp/soshiki/nourin/tanbonogakkoujigyou.html');
INSERT INTO "spot_uris" VALUES(208490,'https://www.town.chonan.chiba.jp/shoukai/nomikane/514/');
INSERT INTO "spot_uris" VALUES(208491,'https://www.town.chonan.chiba.jp/shoukai/kankou/511/');
INSERT INTO "spot_uris" VALUES(208492,'https://kasamori-ji.or.jp/');
INSERT INTO "spot_uris" VALUES(208493,'https://chonan.shugakko.jp/');
INSERT INTO "spot_uris" VALUES(208494,'https://mutsuzawa-swt.jp/');
INSERT INTO "spot_uris" VALUES(208497,'https://sowaka.gugyouji.jp/');
INSERT INTO "spot_uris" VALUES(208498,'https://www.vill.chosei.chiba.jp/0000000304.html');
INSERT INTO "spot_uris" VALUES(208499,'https://www.vill.chosei.chiba.jp/0000000310.html');
INSERT INTO "spot_uris" VALUES(208500,'https://www.vill.chosei.chiba.jp/0000000170.html');
INSERT INTO "spot_uris" VALUES(208501,'https://www.town.ichinomiya.chiba.jp/machizukuri/2/408.html');
INSERT INTO "spot_uris" VALUES(208502,'https://tamasaki.org/index.htm');
INSERT INTO "spot_uris" VALUES(208503,'https://shojoji.net/');
INSERT INTO "spot_uris" VALUES(208504,'http://www.yaturugi.net/');
INSERT INTO "spot_uris" VALUES(208505,'https://mitsui-shopping-park.com/mop/kisarazu/shop/800689.html');
INSERT INTO "spot_uris" VALUES(208506,'https://takakurakannon.com/');
INSERT INTO "spot_uris" VALUES(208507,'https://www.city.kisarazu.lg.jp/shokai/rekishi/hakubutsukan/1002106.html');
INSERT INTO "spot_uris" VALUES(208508,'http://kisarapia.com/');
INSERT INTO "spot_uris" VALUES(208509,'http://chiba-kisarazu.com/');
INSERT INTO "spot_uris" VALUES(208510,'https://parkbay-totriizaki.com/');
INSERT INTO "spot_uris" VALUES(208511,'http://www.kap.co.jp/');
INSERT INTO "spot_uris" VALUES(208512,'https://www.city.kisarazu.lg.jp/shokai/shisetsu/kouen/1000844.html');
INSERT INTO "spot_uris" VALUES(208513,'https://www.futtsu-kanko.info/places/tourouzakadaishi/');
INSERT INTO "spot_uris" VALUES(208514,'https://www.motherfarm.co.jp/');
INSERT INTO "spot_uris" VALUES(208515,'https://www.city.futtsu.lg.jp/0000000524.html');
INSERT INTO "spot_uris" VALUES(208516,'https://www.tokyowanferry.com/');
INSERT INTO "spot_uris" VALUES(208517,'http://www.mt-nokogiri.co.jp/');
INSERT INTO "spot_uris" VALUES(208518,'https://www.futtsu-kanko.info/places/%e5%b2%a9%e8%b0%b7%e8%a6%b3%e9%9f%b3%e5%a0%82/');
INSERT INTO "spot_uris" VALUES(208519,'https://nokogiriyama.com/');
INSERT INTO "spot_uris" VALUES(208520,'https://thefish.co.jp/');
INSERT INTO "spot_uris" VALUES(208521,'http://www.sommelier.co.jp/');
INSERT INTO "spot_uris" VALUES(208522,'http://www.t-kannon.jp/');
INSERT INTO "spot_uris" VALUES(208523,'https://www.cue-net.or.jp/kouen/futtsu/index.html');
INSERT INTO "spot_uris" VALUES(208524,'https://www.cue-net.or.jp/kouen/futtsu/index.html');
INSERT INTO "spot_uris" VALUES(208525,'https://www.city.kimitsu.lg.jp/site/kanko/2189.html');
INSERT INTO "spot_uris" VALUES(208526,'https://www.city.kimitsu.lg.jp/site/kanko/2230.html');
INSERT INTO "spot_uris" VALUES(208527,'https://www.city.kimitsu.lg.jp/site/kanko/2259.html');
INSERT INTO "spot_uris" VALUES(208528,'http://hachimitsu-koubou.com/');
INSERT INTO "spot_uris" VALUES(208529,'https://www.city.kimitsu.lg.jp/site/kanko/2180.html');
INSERT INTO "spot_uris" VALUES(208530,'https://jinyaji.web.fc2.com/index.html');
INSERT INTO "spot_uris" VALUES(208531,'https://www.facebook.com/people/%E7%8C%9F%E5%B8%AB%E5%B7%A5%E6%88%BF%E3%83%89%E3%83%A9%E3%82%A4%E3%83%96%E3%82%A4%E3%83%B3/100087274105871/');
INSERT INTO "spot_uris" VALUES(208532,'https://www.dreaming-place-garden.com/');
INSERT INTO "spot_uris" VALUES(208533,'http://www.aisaibatake.com/');
INSERT INTO "spot_uris" VALUES(208534,'https://www.city.kimitsu.lg.jp/site/kanko/2188.html');
INSERT INTO "spot_uris" VALUES(208535,'https://www.pref.chiba.lg.jp/kyouiku/bunkazai/bunkazai/n111-020.html');
INSERT INTO "spot_uris" VALUES(208536,'http://www.kankouotaki.com/jokamachi.html');
INSERT INTO "spot_uris" VALUES(208537,'https://www.takeyura.net/');
INSERT INTO "spot_uris" VALUES(208538,'https://yourokeikoku-kirari.jp/');
INSERT INTO "spot_uris" VALUES(208539,'http://www.youroukeikoku.com/spot/awamata/');
INSERT INTO "spot_uris" VALUES(208540,'https://herbisland.co.jp/');
INSERT INTO "spot_uris" VALUES(208541,'http://kankouotaki.com/Midokoro.html');
INSERT INTO "spot_uris" VALUES(208542,'https://www.popponooka.com/');
INSERT INTO "spot_uris" VALUES(208543,'http://www.isumi-sato.com/');
INSERT INTO "spot_uris" VALUES(208544,'https://ttn7raz24z.wixsite.com/kuniyosijinja');
INSERT INTO "spot_uris" VALUES(208545,'http://www.nihonji.jp/index.html');
INSERT INTO "spot_uris" VALUES(208546,'https://hotasho.jp/');
INSERT INTO "spot_uris" VALUES(208547,'http://sakumadam.com/');
INSERT INTO "spot_uris" VALUES(208548,'https://www.town.kyonan.chiba.jp/soshiki/10/2453.html');
INSERT INTO "spot_uris" VALUES(208549,'https://www.town.kyonan.chiba.jp/soshiki/10/2454.html');
INSERT INTO "spot_uris" VALUES(208550,'https://www.town.kyonan.chiba.jp/soshiki/10/2505.html');
INSERT INTO "spot_uris" VALUES(208551,'http://www.okuzure.com/');
INSERT INTO "spot_uris" VALUES(208552,'https://banya-grp.jp/');
INSERT INTO "spot_uris" VALUES(208553,'https://www.kamogawa-seaworld.jp/');
INSERT INTO "spot_uris" VALUES(208554,'https://www.senmaida.com/');
INSERT INTO "spot_uris" VALUES(208555,'https://tainoura.jp/');
INSERT INTO "spot_uris" VALUES(208556,'http://www.tanjoh-ji.jp/');
INSERT INTO "spot_uris" VALUES(208557,'http://www.seichoji.com/index.html');
INSERT INTO "spot_uris" VALUES(208558,'http://www.kamogawaocean-park.com/');
INSERT INTO "spot_uris" VALUES(208559,'https://nanabatake.jp/');
INSERT INTO "spot_uris" VALUES(208560,'https://shiosaig.jp/');
INSERT INTO "spot_uris" VALUES(208561,'https://www.city.kamogawa.lg.jp/site/nobinobi-kamokko/1189.html');
INSERT INTO "spot_uris" VALUES(208562,'http://yomogiyomogi.jp/');
INSERT INTO "spot_uris" VALUES(208563,'https://www.city.kamogawa.lg.jp/site/kamogawa-kanko/9715.html');
INSERT INTO "spot_uris" VALUES(208564,'https://www.city.kamogawa.lg.jp/site/shiryoukan/');
INSERT INTO "spot_uris" VALUES(208565,'https://www.city.kamogawa.lg.jp/site/kamogawa-kanko/1001.html');
INSERT INTO "spot_uris" VALUES(208566,'https://www.katsuura-kankou.net/');
INSERT INTO "spot_uris" VALUES(208567,'http://sgtmuseum.s2.xrea.com/');
INSERT INTO "spot_uris" VALUES(208569,'https://www.city.katsuura.lg.jp/Info/19');
INSERT INTO "spot_uris" VALUES(208570,'https://www.katsuura.org/');
INSERT INTO "spot_uris" VALUES(208571,'http://www2.chiba-muse.or.jp/UMIHAKU/index.html');
INSERT INTO "spot_uris" VALUES(208572,'https://track.sfo.jaxa.jp/facilities/katsuura.html');
INSERT INTO "spot_uris" VALUES(208573,'https://www.katsuura-kankou.net/asaichitop/');
INSERT INTO "spot_uris" VALUES(208574,'https://www.city.katsuura.lg.jp/Info/206');
INSERT INTO "spot_uris" VALUES(208575,'https://temple.nichiren.or.jp/1031004-kousyouji/');
INSERT INTO "spot_uris" VALUES(208576,'http://www.tomisaki.or.jp/');
INSERT INTO "spot_uris" VALUES(208577,'https://www.town.onjuku.chiba.jp/sub4/3/2043.html');
INSERT INTO "spot_uris" VALUES(208578,'https://www.biwakurabu.jp/index.html');
INSERT INTO "spot_uris" VALUES(208579,'https://www.furaritomiyama.jp/index.html');
INSERT INTO "spot_uris" VALUES(208580,'https://www.hana-kurabu.jp/');
INSERT INTO "spot_uris" VALUES(208582,'http://wa-o.awa.jp/');
INSERT INTO "spot_uris" VALUES(208583,'https://rosemary-park.jp/');
INSERT INTO "spot_uris" VALUES(208584,'https://shiokaze-oukoku.jp/');
INSERT INTO "spot_uris" VALUES(208585,'https://www.michi-no-eki.jp/stations/views/19143');
INSERT INTO "spot_uris" VALUES(208586,'https://www.tokokai.org/tourlight/tourlight04/');
INSERT INTO "spot_uris" VALUES(208587,'https://toritabi.enjoyboso.jp/tomiura/');
INSERT INTO "spot_uris" VALUES(208588,'https://toritabi.enjoyboso.jp/shirahama/');
INSERT INTO "spot_uris" VALUES(208589,'https://toritabi.enjoyboso.jp/wada/');
INSERT INTO "spot_uris" VALUES(208590,'https://www.e-makiba.jp/facility/index.html');
INSERT INTO "spot_uris" VALUES(208591,'https://toritabi.enjoyboso.jp/wada/');
INSERT INTO "spot_uris" VALUES(208592,'http://taibusa-misaki.jp/');
INSERT INTO "spot_uris" VALUES(208593,'http://kaibi.art.coocan.jp/');
INSERT INTO "spot_uris" VALUES(208594,'https://www.cm-boso.com/gojoin3.html');
INSERT INTO "spot_uris" VALUES(208595,'https://www.mboso-etoko.jp/cgi-bin/co_kanihp/info.asp?uid=1304&p=4');
INSERT INTO "spot_uris" VALUES(208596,'https://www.mboso-etoko.jp/cgi-bin/co_kaniHP/info.asp?uid=1044');
INSERT INTO "spot_uris" VALUES(208597,'https://www.awashirahama.com/nagao/index.html');
INSERT INTO "spot_uris" VALUES(208598,'https://toritabi.enjoyboso.jp/special/');
INSERT INTO "spot_uris" VALUES(208599,'https://www.city.tateyama.chiba.jp/kankou-bunka/cate00385.html');
INSERT INTO "spot_uris" VALUES(208600,'https://www.city.tateyama.chiba.jp/minato/page100034.html');
INSERT INTO "spot_uris" VALUES(208601,'https://tateyamacastle.jp/');
INSERT INTO "spot_uris" VALUES(208602,'https://www.city.tateyama.chiba.jp/syougaigaku/page001892.html');
INSERT INTO "spot_uris" VALUES(208603,'https://www.aloha-garden-t.com/');
INSERT INTO "spot_uris" VALUES(208604,'http://www.gakekannon.jp/');
INSERT INTO "spot_uris" VALUES(208605,'https://myoonin.jimdofree.com/');
INSERT INTO "spot_uris" VALUES(208606,'https://tateyamacity.com/archives/295');
INSERT INTO "spot_uris" VALUES(208607,'https://awa-ecom.jp/aoki-shigeru/');
INSERT INTO "spot_uris" VALUES(208608,'https://funakatasoko.com/');
INSERT INTO "spot_uris" VALUES(208609,'https://www.city.funabashi.lg.jp/shisetsu/bunka/0001/0006/0001/p036786.html');
INSERT INTO "spot_uris" VALUES(208610,'http://www2.chiba-muse.or.jp/www/SONAN/index.html');
INSERT INTO "spot_uris" VALUES(208611,'https://temple.nichiren.or.jp/1021096-komyoji/');
INSERT INTO "spot_uris" VALUES(208612,'https://www.city.narashino.lg.jp/shisetu/koenshiseki/akanehamaryokuti.html');
INSERT INTO "spot_uris" VALUES(208613,'https://www.city.narashino.lg.jp/soshiki/shakaikyoiku/gyomu/shisetu/koenshiseki/kyutokitake.html');
INSERT INTO "spot_uris" VALUES(208614,'https://www.city.narashino.lg.jp/soshiki/shakaikyoiku/gyomu/shisetu/koenshiseki/kyuosawake.html');
INSERT INTO "spot_uris" VALUES(208617,'https://www.city.narashino.lg.jp/citysales/kanko/mamechishiki.html');
INSERT INTO "spot_uris" VALUES(208618,'https://www.city.narashino.lg.jp/soshiki/shakaikyoiku/gyomu/shisetu/koenshiseki/doituhoryookenohi.html');
INSERT INTO "spot_uris" VALUES(208619,'https://www.city.narashino.lg.jp/citysales/kanko/bunkahistory/rekishi/tetudourentai/gate_railway_regiment.html');
INSERT INTO "spot_uris" VALUES(208620,'https://higashiminobu.sougenji.nichiren-shu.jp/');
INSERT INTO "spot_uris" VALUES(208621,'http://www.isumi-kankou.com/isumi-kanko-tousyu/iduna.html');
INSERT INTO "spot_uris" VALUES(208622,'https://tateyamagibiercenter.com/');
INSERT INTO "spot_uris" VALUES(208623,'https://www.imuseum.jp/');
INSERT INTO "spot_uris" VALUES(208624,'https://www.town.kyonan.chiba.jp/site/hishikawamoronobukinenkan/');
INSERT INTO "spot_uris" VALUES(208625,'https://www.city.kimitsu.lg.jp/soshiki/24/2122.html');
INSERT INTO "spot_uris" VALUES(208626,'https://shirako.net/tourism/');
INSERT INTO "spot_uris" VALUES(208627,'https://inahana.co.jp/');
INSERT INTO "spot_uris" VALUES(208628,'http://enmeijishiroi.web.fc2.com/index.html');
INSERT INTO "spot_uris" VALUES(208629,'https://peraichi.com/landing_pages/view/kuratosyo');
INSERT INTO "spot_uris" VALUES(208630,'https://www.city.yachimata.lg.jp/site/iju/21274.html');
INSERT INTO "spot_uris" VALUES(208631,'https://www.city.ichikawa.lg.jp/cul01/1111000189.html');
INSERT INTO "spot_uris" VALUES(208632,'https://www.matsudo-kankou.jp/sightseeing/%E9%87%8E%E8%8F%8A%E3%81%AE%E5%A2%93%E6%96%87%E5%AD%A6%E7%A2%91/');
INSERT INTO "spot_uris" VALUES(208633,'https://www.city.abiko.chiba.jp/event/shiseki_bunkazai/inoueke/index.html');
INSERT INTO "spot_uris" VALUES(208634,'https://www.yamasa.com/enjoy/factory-visit/');
INSERT INTO "spot_uris" VALUES(208635,'https://tougaku.exblog.jp/');
INSERT INTO "spot_uris" VALUES(208636,'https://www.vill.chosei.chiba.jp/0000000302.html');
INSERT INTO "spot_uris" VALUES(208637,'https://onjuku-kankou.com/spot/kinento/');
INSERT INTO "spot_uris" VALUES(208638,'https://tateyamacity.com/archives/2824');
INSERT INTO "spot_uris" VALUES(208640,'https://www.suzurisan.info/');
INSERT INTO "spot_uris" VALUES(208641,'https://www.city.kimitsu.lg.jp/site/kanko/2224.html');
INSERT INTO "spot_uris" VALUES(208643,'https://sosa-kanko.com/sightseeing/spot/ryubiji/');
INSERT INTO "spot_uris" VALUES(208644,'https://www.instagram.com/kissasakura/?hl=ja');
INSERT INTO "spot_uris" VALUES(208645,'https://www.city.urayasu.lg.jp/shisetsu/kouen/1005638.html');
INSERT INTO "spot_uris" VALUES(208646,'https://www.city.kimitsu.lg.jp/site/kanko/2219.html');
INSERT INTO "spot_uris" VALUES(208647,'https://twitter.com/Takataki_jinja');
INSERT INTO "spot_uris" VALUES(208648,'https://www.instagram.com/coffee.misaki/');
INSERT INTO "spot_uris" VALUES(208649,'https://springs.co.jp/');
INSERT INTO "spot_uris" VALUES(208650,'https://fc.ccb.or.jp/movie/detail.html?CN=332033');
INSERT INTO "spot_uris" VALUES(208651,'https://fc.ccb.or.jp/movie/detail.html?CN=317680');
INSERT INTO "spot_uris" VALUES(208652,'https://fc.ccb.or.jp/movie/detail.html?CN=329242');
INSERT INTO "spot_uris" VALUES(208653,'https://www.togane-bunspo.or.jp/arena/');
INSERT INTO "spot_uris" VALUES(208654,'http://morinpiakozu.jp/');
INSERT INTO "spot_uris" VALUES(208655,'https://funabashiport-shinsuipark.com/');
INSERT INTO "spot_uris" VALUES(208656,'https://funakan.or.jp/tourism/853/');
INSERT INTO "spot_uris" VALUES(208657,'https://www.city.funabashi.lg.jp/shisetsu/bunka/0001/0001/index.html');
INSERT INTO "spot_uris" VALUES(208658,'http://business4.plala.or.jp/nemotoku/index.html');
INSERT INTO "spot_uris" VALUES(208659,'https://www.cm-boso.com/');
INSERT INTO "spot_uris" VALUES(208660,'https://fc.ccb.or.jp/movie/detail.html?CN=304263');
INSERT INTO "spot_uris" VALUES(208661,'https://www.naritasan.or.jp/');
INSERT INTO "spot_uris" VALUES(209281,'https://www.abikoinfo.jp/');
INSERT INTO "spot_uris" VALUES(209282,'https://www.ja-tomisato.or.jp/shop/index.html');
INSERT INTO "spot_uris" VALUES(209283,'http://www.choshiselect.jp/index.html');
INSERT INTO "spot_uris" VALUES(209284,'http://gyobumisaki.com/index.html');
INSERT INTO "spot_uris" VALUES(209285,'http://kirari-asahi.com/');
INSERT INTO "spot_uris" VALUES(209286,'https://www.jreast.co.jp/estation/station/info.aspx?StationCd=1634');
INSERT INTO "spot_uris" VALUES(209287,'https://www.umihotaru.com/');
INSERT INTO "spot_uris" VALUES(209288,'http://www.isumi-kankou.com/isumi-kanko-tousyu/toudai.html');
INSERT INTO "spot_uris" VALUES(209289,'http://www.isumi-kankou.com/');
INSERT INTO "spot_uris" VALUES(209290,'https://www.city.isumi.lg.jp/gyosei/bunka_sports/rekishi/2281.html');
INSERT INTO "spot_uris" VALUES(209291,'https://www.city.isumi.lg.jp/gyosei/bunka_sports/rekishi/2281.html');
INSERT INTO "spot_uris" VALUES(209292,'https://www.town.kyonan.chiba.jp/soshiki/19/2498.html');
INSERT INTO "spot_uris" VALUES(209293,'https://www.muji.com/jp/ja/shop/detail/046602');
INSERT INTO "spot_uris" VALUES(209294,'https://www.komatsuji.jp/index.html');
INSERT INTO "spot_uris" VALUES(209295,'https://takabejinja.com/');
INSERT INTO "spot_uris" VALUES(209296,'https://jinjya.wixsite.com/kashiwa');
INSERT INTO "spot_uris" VALUES(209297,'https://www.town.sakae.chiba.jp/page/page001248.html');
INSERT INTO "spot_uris" VALUES(209298,'https://www.toganekanko.jp/');
INSERT INTO "spot_uris" VALUES(209460,'https://minato-asaichi.com/');
INSERT INTO "spot_uris" VALUES(209461,'https://www.manodaikoku.com/');
INSERT INTO "spot_uris" VALUES(210057,'http://www.niemonjima.com/');
INSERT INTO "spot_uris" VALUES(210058,'https://www.city.ichikawa.lg.jp/higashiyama/');
INSERT INTO "spot_uris" VALUES(210059,'https://www.town.yokoshibahikari.chiba.jp/soshiki/14/1395.html#a01');
INSERT INTO "spot_uris" VALUES(210060,'https://www.town.yokoshibahikari.chiba.jp/map/15-011.html');
INSERT INTO "spot_uris" VALUES(210061,'https://www.town.yokoshibahikari.chiba.jp/soshiki/14/1395.html#a02');
INSERT INTO "spot_uris" VALUES(210062,'https://www.town.yokoshibahikari.chiba.jp/soshiki/14/1395.html#a08');
INSERT INTO "spot_uris" VALUES(210663,'https://twitter.com/harumi_suijinja');
COMMIT;
