BEGIN TRANSACTION;
CREATE TABLE area_names
(
    area_id INTEGER NOT NULL,
    notation_id INTEGER NOT NULL,
    area_name TEXT UNIQUE NOT NULL,
    PRIMARY KEY(area_id, notation_id)
);
INSERT INTO "area_names" VALUES(1,0,'ベイエリア');
INSERT INTO "area_names" VALUES(2,0,'東葛飾エリア');
INSERT INTO "area_names" VALUES(3,0,'北総エリア');
INSERT INTO "area_names" VALUES(4,0,'九十九里エリア');
INSERT INTO "area_names" VALUES(5,0,'南房総エリア');
INSERT INTO "area_names" VALUES(6,0,'かずさ・臨海エリア');
CREATE TABLE municipality_list
(
    `index` INTEGER PRIMARY KEY,
    id INTEGER UNIQUE NOT NULL
);
INSERT INTO "municipality_list" VALUES(1,12208);
INSERT INTO "municipality_list" VALUES(2,12220);
INSERT INTO "municipality_list" VALUES(3,12217);
INSERT INTO "municipality_list" VALUES(4,12222);
INSERT INTO "municipality_list" VALUES(5,12207);
INSERT INTO "municipality_list" VALUES(6,12227);
INSERT INTO "municipality_list" VALUES(7,12203);
INSERT INTO "municipality_list" VALUES(8,12224);
INSERT INTO "municipality_list" VALUES(9,12232);
INSERT INTO "municipality_list" VALUES(10,12204);
INSERT INTO "municipality_list" VALUES(11,12221);
INSERT INTO "municipality_list" VALUES(12,12231);
INSERT INTO "municipality_list" VALUES(13,12216);
INSERT INTO "municipality_list" VALUES(14,12104);
INSERT INTO "municipality_list" VALUES(15,12101);
INSERT INTO "municipality_list" VALUES(16,12106);
INSERT INTO "municipality_list" VALUES(17,12105);
INSERT INTO "municipality_list" VALUES(18,12103);
INSERT INTO "municipality_list" VALUES(19,12102);
INSERT INTO "municipality_list" VALUES(20,12228);
INSERT INTO "municipality_list" VALUES(21,12212);
INSERT INTO "municipality_list" VALUES(22,12329);
INSERT INTO "municipality_list" VALUES(23,12322);
INSERT INTO "municipality_list" VALUES(24,12211);
INSERT INTO "municipality_list" VALUES(25,12230);
INSERT INTO "municipality_list" VALUES(26,12233);
INSERT INTO "municipality_list" VALUES(27,12342);
INSERT INTO "municipality_list" VALUES(28,12349);
INSERT INTO "municipality_list" VALUES(29,12347);
INSERT INTO "municipality_list" VALUES(30,12236);
INSERT INTO "municipality_list" VALUES(31,12202);
INSERT INTO "municipality_list" VALUES(32,12215);
INSERT INTO "municipality_list" VALUES(33,12409);
INSERT INTO "municipality_list" VALUES(34,12410);
INSERT INTO "municipality_list" VALUES(35,12403);
INSERT INTO "municipality_list" VALUES(36,12235);
INSERT INTO "municipality_list" VALUES(37,12237);
INSERT INTO "municipality_list" VALUES(38,12213);
INSERT INTO "municipality_list" VALUES(39,12239);
INSERT INTO "municipality_list" VALUES(40,12219);
INSERT INTO "municipality_list" VALUES(41,12441);
INSERT INTO "municipality_list" VALUES(42,12443);
INSERT INTO "municipality_list" VALUES(43,12426);
INSERT INTO "municipality_list" VALUES(44,12424);
INSERT INTO "municipality_list" VALUES(45,12427);
INSERT INTO "municipality_list" VALUES(46,12422);
INSERT INTO "municipality_list" VALUES(47,12423);
INSERT INTO "municipality_list" VALUES(48,12421);
INSERT INTO "municipality_list" VALUES(49,12210);
INSERT INTO "municipality_list" VALUES(50,12229);
INSERT INTO "municipality_list" VALUES(51,12206);
INSERT INTO "municipality_list" VALUES(52,12226);
INSERT INTO "municipality_list" VALUES(53,12225);
INSERT INTO "municipality_list" VALUES(54,12238);
INSERT INTO "municipality_list" VALUES(55,12463);
INSERT INTO "municipality_list" VALUES(56,12223);
INSERT INTO "municipality_list" VALUES(57,12218);
INSERT INTO "municipality_list" VALUES(58,12234);
INSERT INTO "municipality_list" VALUES(59,12205);
CREATE TABLE municipality_names
(
    municipality_id INTEGER NOT NULL,
    notation_id INTEGER NOT NULL,
    municipality_name TEXT UNIQUE NOT NULL,
    PRIMARY KEY(municipality_id, notation_id)
);
INSERT INTO "municipality_names" VALUES(12000,0,'千葉県');
INSERT INTO "municipality_names" VALUES(12000,1,'ちばけん');
INSERT INTO "municipality_names" VALUES(12100,0,'千葉市');
INSERT INTO "municipality_names" VALUES(12100,1,'ちばし');
INSERT INTO "municipality_names" VALUES(12101,0,'中央区');
INSERT INTO "municipality_names" VALUES(12101,1,'ちゅうおうく');
INSERT INTO "municipality_names" VALUES(12102,0,'花見川区');
INSERT INTO "municipality_names" VALUES(12102,1,'はなみがわく');
INSERT INTO "municipality_names" VALUES(12103,0,'稲毛区');
INSERT INTO "municipality_names" VALUES(12103,1,'いなげく');
INSERT INTO "municipality_names" VALUES(12104,0,'若葉区');
INSERT INTO "municipality_names" VALUES(12104,1,'わかばく');
INSERT INTO "municipality_names" VALUES(12105,0,'緑区');
INSERT INTO "municipality_names" VALUES(12105,1,'みどりく');
INSERT INTO "municipality_names" VALUES(12106,0,'美浜区');
INSERT INTO "municipality_names" VALUES(12106,1,'みはまく');
INSERT INTO "municipality_names" VALUES(12202,0,'銚子市');
INSERT INTO "municipality_names" VALUES(12202,1,'ちょうしし');
INSERT INTO "municipality_names" VALUES(12203,0,'市川市');
INSERT INTO "municipality_names" VALUES(12203,1,'いちかわし');
INSERT INTO "municipality_names" VALUES(12204,0,'船橋市');
INSERT INTO "municipality_names" VALUES(12204,1,'ふなばしし');
INSERT INTO "municipality_names" VALUES(12205,0,'館山市');
INSERT INTO "municipality_names" VALUES(12205,1,'たてやまし');
INSERT INTO "municipality_names" VALUES(12206,0,'木更津市');
INSERT INTO "municipality_names" VALUES(12206,1,'きさらづし');
INSERT INTO "municipality_names" VALUES(12207,0,'松戸市');
INSERT INTO "municipality_names" VALUES(12207,1,'まつどし');
INSERT INTO "municipality_names" VALUES(12208,0,'野田市');
INSERT INTO "municipality_names" VALUES(12208,1,'のだし');
INSERT INTO "municipality_names" VALUES(12210,0,'茂原市');
INSERT INTO "municipality_names" VALUES(12210,1,'もばらし');
INSERT INTO "municipality_names" VALUES(12211,0,'成田市');
INSERT INTO "municipality_names" VALUES(12211,1,'なりたし');
INSERT INTO "municipality_names" VALUES(12212,0,'佐倉市');
INSERT INTO "municipality_names" VALUES(12212,1,'さくらし');
INSERT INTO "municipality_names" VALUES(12213,0,'東金市');
INSERT INTO "municipality_names" VALUES(12213,1,'とうがねし');
INSERT INTO "municipality_names" VALUES(12215,0,'旭市');
INSERT INTO "municipality_names" VALUES(12215,1,'あさひし');
INSERT INTO "municipality_names" VALUES(12216,0,'習志野市');
INSERT INTO "municipality_names" VALUES(12216,1,'ならしのし');
INSERT INTO "municipality_names" VALUES(12217,0,'柏市');
INSERT INTO "municipality_names" VALUES(12217,1,'かしわし');
INSERT INTO "municipality_names" VALUES(12218,0,'勝浦市');
INSERT INTO "municipality_names" VALUES(12218,1,'かつうらし');
INSERT INTO "municipality_names" VALUES(12219,0,'市原市');
INSERT INTO "municipality_names" VALUES(12219,1,'いちはらし');
INSERT INTO "municipality_names" VALUES(12220,0,'流山市');
INSERT INTO "municipality_names" VALUES(12220,1,'ながれやまし');
INSERT INTO "municipality_names" VALUES(12221,0,'八千代市');
INSERT INTO "municipality_names" VALUES(12221,1,'やちよし');
INSERT INTO "municipality_names" VALUES(12222,0,'我孫子市');
INSERT INTO "municipality_names" VALUES(12222,1,'あびこし');
INSERT INTO "municipality_names" VALUES(12223,0,'鴨川市');
INSERT INTO "municipality_names" VALUES(12223,1,'かもがわし');
INSERT INTO "municipality_names" VALUES(12224,0,'鎌ヶ谷市');
INSERT INTO "municipality_names" VALUES(12224,1,'かまがやし');
INSERT INTO "municipality_names" VALUES(12225,0,'君津市');
INSERT INTO "municipality_names" VALUES(12225,1,'きみつし');
INSERT INTO "municipality_names" VALUES(12226,0,'富津市');
INSERT INTO "municipality_names" VALUES(12226,1,'ふっつし');
INSERT INTO "municipality_names" VALUES(12227,0,'浦安市');
INSERT INTO "municipality_names" VALUES(12227,1,'うらやすし');
INSERT INTO "municipality_names" VALUES(12228,0,'四街道市');
INSERT INTO "municipality_names" VALUES(12228,1,'よつかいどうし');
INSERT INTO "municipality_names" VALUES(12229,0,'袖ヶ浦市');
INSERT INTO "municipality_names" VALUES(12229,1,'そでがうらし');
INSERT INTO "municipality_names" VALUES(12230,0,'八街市');
INSERT INTO "municipality_names" VALUES(12230,1,'やちまたし');
INSERT INTO "municipality_names" VALUES(12231,0,'印西市');
INSERT INTO "municipality_names" VALUES(12231,1,'いんざいし');
INSERT INTO "municipality_names" VALUES(12232,0,'白井市');
INSERT INTO "municipality_names" VALUES(12232,1,'しろいし');
INSERT INTO "municipality_names" VALUES(12233,0,'富里市');
INSERT INTO "municipality_names" VALUES(12233,1,'とみさとし');
INSERT INTO "municipality_names" VALUES(12234,0,'南房総市');
INSERT INTO "municipality_names" VALUES(12234,1,'みなみぼうそうし');
INSERT INTO "municipality_names" VALUES(12235,0,'匝瑳市');
INSERT INTO "municipality_names" VALUES(12235,1,'そうさし');
INSERT INTO "municipality_names" VALUES(12236,0,'香取市');
INSERT INTO "municipality_names" VALUES(12236,1,'かとりし');
INSERT INTO "municipality_names" VALUES(12237,0,'山武市');
INSERT INTO "municipality_names" VALUES(12237,1,'さんむし');
INSERT INTO "municipality_names" VALUES(12238,0,'いすみ市');
INSERT INTO "municipality_names" VALUES(12238,1,'いすみし');
INSERT INTO "municipality_names" VALUES(12239,0,'大網白里市');
INSERT INTO "municipality_names" VALUES(12239,1,'おおあみしらさとし');
INSERT INTO "municipality_names" VALUES(12320,0,'印旛郡');
INSERT INTO "municipality_names" VALUES(12320,1,'いんばぐん');
INSERT INTO "municipality_names" VALUES(12322,0,'酒々井町');
INSERT INTO "municipality_names" VALUES(12322,1,'しすいまち');
INSERT INTO "municipality_names" VALUES(12329,0,'栄町');
INSERT INTO "municipality_names" VALUES(12329,1,'さかえまち');
INSERT INTO "municipality_names" VALUES(12340,0,'香取郡');
INSERT INTO "municipality_names" VALUES(12340,1,'かとりぐん');
INSERT INTO "municipality_names" VALUES(12342,0,'神崎町');
INSERT INTO "municipality_names" VALUES(12342,1,'こうざきまち');
INSERT INTO "municipality_names" VALUES(12347,0,'多古町');
INSERT INTO "municipality_names" VALUES(12347,1,'たこまち');
INSERT INTO "municipality_names" VALUES(12349,0,'東庄町');
INSERT INTO "municipality_names" VALUES(12349,1,'とうのしょうまち');
INSERT INTO "municipality_names" VALUES(12400,0,'山武郡');
INSERT INTO "municipality_names" VALUES(12400,1,'さんぶぐん');
INSERT INTO "municipality_names" VALUES(12403,0,'九十九里町');
INSERT INTO "municipality_names" VALUES(12403,1,'くじゅうくりまち');
INSERT INTO "municipality_names" VALUES(12409,0,'芝山町');
INSERT INTO "municipality_names" VALUES(12409,1,'しばやままち');
INSERT INTO "municipality_names" VALUES(12410,0,'横芝光町');
INSERT INTO "municipality_names" VALUES(12410,1,'よこしばひかりまち');
INSERT INTO "municipality_names" VALUES(12420,0,'長生郡');
INSERT INTO "municipality_names" VALUES(12420,1,'ちょうせいぐん');
INSERT INTO "municipality_names" VALUES(12421,0,'一宮町');
INSERT INTO "municipality_names" VALUES(12421,1,'いちのみやまち');
INSERT INTO "municipality_names" VALUES(12422,0,'睦沢町');
INSERT INTO "municipality_names" VALUES(12422,1,'むつざわまち');
INSERT INTO "municipality_names" VALUES(12423,0,'長生村');
INSERT INTO "municipality_names" VALUES(12423,1,'ちょうせいむら');
INSERT INTO "municipality_names" VALUES(12424,0,'白子町');
INSERT INTO "municipality_names" VALUES(12424,1,'しらこまち');
INSERT INTO "municipality_names" VALUES(12426,0,'長柄町');
INSERT INTO "municipality_names" VALUES(12426,1,'ながらまち');
INSERT INTO "municipality_names" VALUES(12427,0,'長南町');
INSERT INTO "municipality_names" VALUES(12427,1,'ちょうなんまち');
INSERT INTO "municipality_names" VALUES(12440,0,'夷隅郡');
INSERT INTO "municipality_names" VALUES(12440,1,'いすみぐん');
INSERT INTO "municipality_names" VALUES(12441,0,'大多喜町');
INSERT INTO "municipality_names" VALUES(12441,1,'おおたきまち');
INSERT INTO "municipality_names" VALUES(12443,0,'御宿町');
INSERT INTO "municipality_names" VALUES(12443,1,'おんじゅくまち');
INSERT INTO "municipality_names" VALUES(12460,0,'安房郡');
INSERT INTO "municipality_names" VALUES(12460,1,'あわぐん');
INSERT INTO "municipality_names" VALUES(12463,0,'鋸南町');
INSERT INTO "municipality_names" VALUES(12463,1,'きょなんまち');
CREATE TABLE municipality_tree
(
    parent_id INTEGER NULL,
    child_id INTEGER NOT NULL
);
INSERT INTO "municipality_tree" VALUES(NULL,12000);
INSERT INTO "municipality_tree" VALUES(12000,12100);
INSERT INTO "municipality_tree" VALUES(12100,12101);
INSERT INTO "municipality_tree" VALUES(12100,12102);
INSERT INTO "municipality_tree" VALUES(12100,12103);
INSERT INTO "municipality_tree" VALUES(12100,12104);
INSERT INTO "municipality_tree" VALUES(12100,12105);
INSERT INTO "municipality_tree" VALUES(12100,12106);
INSERT INTO "municipality_tree" VALUES(12000,12202);
INSERT INTO "municipality_tree" VALUES(12000,12203);
INSERT INTO "municipality_tree" VALUES(12000,12204);
INSERT INTO "municipality_tree" VALUES(12000,12205);
INSERT INTO "municipality_tree" VALUES(12000,12206);
INSERT INTO "municipality_tree" VALUES(12000,12207);
INSERT INTO "municipality_tree" VALUES(12000,12208);
INSERT INTO "municipality_tree" VALUES(12000,12210);
INSERT INTO "municipality_tree" VALUES(12000,12211);
INSERT INTO "municipality_tree" VALUES(12000,12212);
INSERT INTO "municipality_tree" VALUES(12000,12213);
INSERT INTO "municipality_tree" VALUES(12000,12215);
INSERT INTO "municipality_tree" VALUES(12000,12216);
INSERT INTO "municipality_tree" VALUES(12000,12217);
INSERT INTO "municipality_tree" VALUES(12000,12218);
INSERT INTO "municipality_tree" VALUES(12000,12219);
INSERT INTO "municipality_tree" VALUES(12000,12220);
INSERT INTO "municipality_tree" VALUES(12000,12221);
INSERT INTO "municipality_tree" VALUES(12000,12222);
INSERT INTO "municipality_tree" VALUES(12000,12223);
INSERT INTO "municipality_tree" VALUES(12000,12224);
INSERT INTO "municipality_tree" VALUES(12000,12225);
INSERT INTO "municipality_tree" VALUES(12000,12226);
INSERT INTO "municipality_tree" VALUES(12000,12227);
INSERT INTO "municipality_tree" VALUES(12000,12228);
INSERT INTO "municipality_tree" VALUES(12000,12229);
INSERT INTO "municipality_tree" VALUES(12000,12230);
INSERT INTO "municipality_tree" VALUES(12000,12231);
INSERT INTO "municipality_tree" VALUES(12000,12232);
INSERT INTO "municipality_tree" VALUES(12000,12233);
INSERT INTO "municipality_tree" VALUES(12000,12234);
INSERT INTO "municipality_tree" VALUES(12000,12235);
INSERT INTO "municipality_tree" VALUES(12000,12236);
INSERT INTO "municipality_tree" VALUES(12000,12237);
INSERT INTO "municipality_tree" VALUES(12000,12238);
INSERT INTO "municipality_tree" VALUES(12000,12239);
INSERT INTO "municipality_tree" VALUES(12000,12320);
INSERT INTO "municipality_tree" VALUES(12320,12322);
INSERT INTO "municipality_tree" VALUES(12320,12329);
INSERT INTO "municipality_tree" VALUES(12000,12340);
INSERT INTO "municipality_tree" VALUES(12340,12342);
INSERT INTO "municipality_tree" VALUES(12340,12347);
INSERT INTO "municipality_tree" VALUES(12340,12349);
INSERT INTO "municipality_tree" VALUES(12000,12400);
INSERT INTO "municipality_tree" VALUES(12400,12403);
INSERT INTO "municipality_tree" VALUES(12400,12409);
INSERT INTO "municipality_tree" VALUES(12400,12410);
INSERT INTO "municipality_tree" VALUES(12000,12420);
INSERT INTO "municipality_tree" VALUES(12420,12421);
INSERT INTO "municipality_tree" VALUES(12420,12422);
INSERT INTO "municipality_tree" VALUES(12420,12423);
INSERT INTO "municipality_tree" VALUES(12420,12424);
INSERT INTO "municipality_tree" VALUES(12420,12426);
INSERT INTO "municipality_tree" VALUES(12420,12427);
INSERT INTO "municipality_tree" VALUES(12000,12440);
INSERT INTO "municipality_tree" VALUES(12440,12441);
INSERT INTO "municipality_tree" VALUES(12440,12443);
INSERT INTO "municipality_tree" VALUES(12000,12460);
INSERT INTO "municipality_tree" VALUES(12460,12463);
CREATE TABLE spot_areas
(
    spot_id INTEGER PRIMARY KEY,
    area_id INTEGER NOT NULL
);
INSERT INTO "spot_areas" VALUES(1,2);
INSERT INTO "spot_areas" VALUES(2,2);
INSERT INTO "spot_areas" VALUES(3,2);
INSERT INTO "spot_areas" VALUES(4,2);
INSERT INTO "spot_areas" VALUES(5,2);
INSERT INTO "spot_areas" VALUES(6,2);
INSERT INTO "spot_areas" VALUES(7,2);
INSERT INTO "spot_areas" VALUES(8,2);
INSERT INTO "spot_areas" VALUES(9,2);
INSERT INTO "spot_areas" VALUES(10,2);
INSERT INTO "spot_areas" VALUES(11,2);
INSERT INTO "spot_areas" VALUES(12,2);
INSERT INTO "spot_areas" VALUES(13,2);
INSERT INTO "spot_areas" VALUES(14,2);
INSERT INTO "spot_areas" VALUES(15,2);
INSERT INTO "spot_areas" VALUES(16,2);
INSERT INTO "spot_areas" VALUES(17,2);
INSERT INTO "spot_areas" VALUES(18,2);
INSERT INTO "spot_areas" VALUES(19,2);
INSERT INTO "spot_areas" VALUES(20,2);
INSERT INTO "spot_areas" VALUES(21,2);
INSERT INTO "spot_areas" VALUES(22,2);
INSERT INTO "spot_areas" VALUES(23,2);
INSERT INTO "spot_areas" VALUES(24,2);
INSERT INTO "spot_areas" VALUES(25,2);
INSERT INTO "spot_areas" VALUES(26,2);
INSERT INTO "spot_areas" VALUES(27,2);
INSERT INTO "spot_areas" VALUES(28,2);
INSERT INTO "spot_areas" VALUES(29,2);
INSERT INTO "spot_areas" VALUES(30,2);
INSERT INTO "spot_areas" VALUES(31,2);
INSERT INTO "spot_areas" VALUES(32,2);
INSERT INTO "spot_areas" VALUES(33,2);
INSERT INTO "spot_areas" VALUES(34,2);
INSERT INTO "spot_areas" VALUES(35,2);
INSERT INTO "spot_areas" VALUES(36,2);
INSERT INTO "spot_areas" VALUES(37,2);
INSERT INTO "spot_areas" VALUES(38,2);
INSERT INTO "spot_areas" VALUES(39,2);
INSERT INTO "spot_areas" VALUES(40,2);
INSERT INTO "spot_areas" VALUES(41,2);
INSERT INTO "spot_areas" VALUES(42,2);
INSERT INTO "spot_areas" VALUES(43,2);
INSERT INTO "spot_areas" VALUES(44,2);
INSERT INTO "spot_areas" VALUES(45,2);
INSERT INTO "spot_areas" VALUES(46,2);
INSERT INTO "spot_areas" VALUES(47,2);
INSERT INTO "spot_areas" VALUES(48,2);
INSERT INTO "spot_areas" VALUES(49,2);
INSERT INTO "spot_areas" VALUES(50,2);
INSERT INTO "spot_areas" VALUES(51,1);
INSERT INTO "spot_areas" VALUES(52,1);
INSERT INTO "spot_areas" VALUES(53,1);
INSERT INTO "spot_areas" VALUES(54,1);
INSERT INTO "spot_areas" VALUES(55,1);
INSERT INTO "spot_areas" VALUES(56,1);
INSERT INTO "spot_areas" VALUES(57,1);
INSERT INTO "spot_areas" VALUES(58,1);
INSERT INTO "spot_areas" VALUES(59,1);
INSERT INTO "spot_areas" VALUES(60,1);
INSERT INTO "spot_areas" VALUES(61,1);
INSERT INTO "spot_areas" VALUES(62,1);
INSERT INTO "spot_areas" VALUES(63,1);
INSERT INTO "spot_areas" VALUES(64,1);
INSERT INTO "spot_areas" VALUES(65,1);
INSERT INTO "spot_areas" VALUES(66,1);
INSERT INTO "spot_areas" VALUES(67,1);
INSERT INTO "spot_areas" VALUES(68,1);
INSERT INTO "spot_areas" VALUES(69,1);
INSERT INTO "spot_areas" VALUES(70,2);
INSERT INTO "spot_areas" VALUES(71,2);
INSERT INTO "spot_areas" VALUES(72,2);
INSERT INTO "spot_areas" VALUES(73,2);
INSERT INTO "spot_areas" VALUES(74,2);
INSERT INTO "spot_areas" VALUES(75,2);
INSERT INTO "spot_areas" VALUES(76,3);
INSERT INTO "spot_areas" VALUES(77,1);
INSERT INTO "spot_areas" VALUES(78,1);
INSERT INTO "spot_areas" VALUES(79,1);
INSERT INTO "spot_areas" VALUES(80,1);
INSERT INTO "spot_areas" VALUES(81,1);
INSERT INTO "spot_areas" VALUES(82,1);
INSERT INTO "spot_areas" VALUES(83,1);
INSERT INTO "spot_areas" VALUES(84,1);
INSERT INTO "spot_areas" VALUES(85,1);
INSERT INTO "spot_areas" VALUES(86,1);
INSERT INTO "spot_areas" VALUES(87,1);
INSERT INTO "spot_areas" VALUES(88,1);
INSERT INTO "spot_areas" VALUES(89,1);
INSERT INTO "spot_areas" VALUES(90,1);
INSERT INTO "spot_areas" VALUES(91,1);
INSERT INTO "spot_areas" VALUES(92,1);
INSERT INTO "spot_areas" VALUES(93,1);
INSERT INTO "spot_areas" VALUES(94,1);
INSERT INTO "spot_areas" VALUES(95,1);
INSERT INTO "spot_areas" VALUES(96,1);
INSERT INTO "spot_areas" VALUES(97,1);
INSERT INTO "spot_areas" VALUES(98,1);
INSERT INTO "spot_areas" VALUES(99,1);
INSERT INTO "spot_areas" VALUES(100,3);
INSERT INTO "spot_areas" VALUES(101,3);
INSERT INTO "spot_areas" VALUES(102,3);
INSERT INTO "spot_areas" VALUES(103,3);
INSERT INTO "spot_areas" VALUES(104,1);
INSERT INTO "spot_areas" VALUES(105,1);
INSERT INTO "spot_areas" VALUES(106,1);
INSERT INTO "spot_areas" VALUES(107,1);
INSERT INTO "spot_areas" VALUES(108,1);
INSERT INTO "spot_areas" VALUES(109,1);
INSERT INTO "spot_areas" VALUES(110,1);
INSERT INTO "spot_areas" VALUES(111,1);
INSERT INTO "spot_areas" VALUES(112,1);
INSERT INTO "spot_areas" VALUES(113,1);
INSERT INTO "spot_areas" VALUES(114,1);
INSERT INTO "spot_areas" VALUES(115,1);
INSERT INTO "spot_areas" VALUES(116,1);
INSERT INTO "spot_areas" VALUES(117,1);
INSERT INTO "spot_areas" VALUES(118,1);
INSERT INTO "spot_areas" VALUES(119,1);
INSERT INTO "spot_areas" VALUES(120,1);
INSERT INTO "spot_areas" VALUES(121,1);
INSERT INTO "spot_areas" VALUES(122,1);
INSERT INTO "spot_areas" VALUES(123,1);
INSERT INTO "spot_areas" VALUES(124,1);
INSERT INTO "spot_areas" VALUES(125,1);
INSERT INTO "spot_areas" VALUES(126,1);
INSERT INTO "spot_areas" VALUES(127,1);
INSERT INTO "spot_areas" VALUES(128,1);
INSERT INTO "spot_areas" VALUES(129,1);
INSERT INTO "spot_areas" VALUES(130,1);
INSERT INTO "spot_areas" VALUES(131,1);
INSERT INTO "spot_areas" VALUES(132,1);
INSERT INTO "spot_areas" VALUES(133,1);
INSERT INTO "spot_areas" VALUES(134,1);
INSERT INTO "spot_areas" VALUES(135,1);
INSERT INTO "spot_areas" VALUES(136,1);
INSERT INTO "spot_areas" VALUES(137,1);
INSERT INTO "spot_areas" VALUES(138,1);
INSERT INTO "spot_areas" VALUES(139,1);
INSERT INTO "spot_areas" VALUES(140,3);
INSERT INTO "spot_areas" VALUES(141,3);
INSERT INTO "spot_areas" VALUES(142,3);
INSERT INTO "spot_areas" VALUES(143,3);
INSERT INTO "spot_areas" VALUES(144,3);
INSERT INTO "spot_areas" VALUES(145,3);
INSERT INTO "spot_areas" VALUES(146,3);
INSERT INTO "spot_areas" VALUES(147,3);
INSERT INTO "spot_areas" VALUES(148,3);
INSERT INTO "spot_areas" VALUES(149,3);
INSERT INTO "spot_areas" VALUES(150,3);
INSERT INTO "spot_areas" VALUES(151,3);
INSERT INTO "spot_areas" VALUES(152,3);
INSERT INTO "spot_areas" VALUES(153,3);
INSERT INTO "spot_areas" VALUES(154,3);
INSERT INTO "spot_areas" VALUES(155,3);
INSERT INTO "spot_areas" VALUES(156,3);
INSERT INTO "spot_areas" VALUES(157,3);
INSERT INTO "spot_areas" VALUES(158,3);
INSERT INTO "spot_areas" VALUES(159,3);
INSERT INTO "spot_areas" VALUES(160,3);
INSERT INTO "spot_areas" VALUES(161,3);
INSERT INTO "spot_areas" VALUES(162,3);
INSERT INTO "spot_areas" VALUES(163,3);
INSERT INTO "spot_areas" VALUES(164,3);
INSERT INTO "spot_areas" VALUES(165,3);
INSERT INTO "spot_areas" VALUES(166,3);
INSERT INTO "spot_areas" VALUES(167,3);
INSERT INTO "spot_areas" VALUES(168,3);
INSERT INTO "spot_areas" VALUES(169,3);
INSERT INTO "spot_areas" VALUES(170,3);
INSERT INTO "spot_areas" VALUES(171,3);
INSERT INTO "spot_areas" VALUES(172,3);
INSERT INTO "spot_areas" VALUES(173,3);
INSERT INTO "spot_areas" VALUES(174,3);
INSERT INTO "spot_areas" VALUES(175,3);
INSERT INTO "spot_areas" VALUES(176,3);
INSERT INTO "spot_areas" VALUES(177,3);
INSERT INTO "spot_areas" VALUES(178,3);
INSERT INTO "spot_areas" VALUES(179,3);
INSERT INTO "spot_areas" VALUES(180,3);
INSERT INTO "spot_areas" VALUES(181,3);
INSERT INTO "spot_areas" VALUES(182,3);
INSERT INTO "spot_areas" VALUES(183,3);
INSERT INTO "spot_areas" VALUES(184,3);
INSERT INTO "spot_areas" VALUES(185,3);
INSERT INTO "spot_areas" VALUES(186,3);
INSERT INTO "spot_areas" VALUES(187,3);
INSERT INTO "spot_areas" VALUES(188,3);
INSERT INTO "spot_areas" VALUES(189,3);
INSERT INTO "spot_areas" VALUES(190,3);
INSERT INTO "spot_areas" VALUES(191,3);
INSERT INTO "spot_areas" VALUES(192,3);
INSERT INTO "spot_areas" VALUES(193,3);
INSERT INTO "spot_areas" VALUES(194,3);
INSERT INTO "spot_areas" VALUES(195,3);
INSERT INTO "spot_areas" VALUES(196,3);
INSERT INTO "spot_areas" VALUES(197,3);
INSERT INTO "spot_areas" VALUES(198,3);
INSERT INTO "spot_areas" VALUES(199,3);
INSERT INTO "spot_areas" VALUES(200,3);
INSERT INTO "spot_areas" VALUES(201,3);
INSERT INTO "spot_areas" VALUES(202,3);
INSERT INTO "spot_areas" VALUES(203,3);
INSERT INTO "spot_areas" VALUES(204,3);
INSERT INTO "spot_areas" VALUES(205,3);
INSERT INTO "spot_areas" VALUES(206,3);
INSERT INTO "spot_areas" VALUES(207,3);
INSERT INTO "spot_areas" VALUES(208,3);
INSERT INTO "spot_areas" VALUES(209,3);
INSERT INTO "spot_areas" VALUES(210,3);
INSERT INTO "spot_areas" VALUES(211,3);
INSERT INTO "spot_areas" VALUES(212,3);
INSERT INTO "spot_areas" VALUES(213,3);
INSERT INTO "spot_areas" VALUES(214,3);
INSERT INTO "spot_areas" VALUES(215,3);
INSERT INTO "spot_areas" VALUES(216,3);
INSERT INTO "spot_areas" VALUES(217,3);
INSERT INTO "spot_areas" VALUES(218,3);
INSERT INTO "spot_areas" VALUES(219,3);
INSERT INTO "spot_areas" VALUES(220,3);
INSERT INTO "spot_areas" VALUES(221,3);
INSERT INTO "spot_areas" VALUES(222,3);
INSERT INTO "spot_areas" VALUES(223,3);
INSERT INTO "spot_areas" VALUES(224,3);
INSERT INTO "spot_areas" VALUES(225,3);
INSERT INTO "spot_areas" VALUES(226,3);
INSERT INTO "spot_areas" VALUES(227,3);
INSERT INTO "spot_areas" VALUES(228,3);
INSERT INTO "spot_areas" VALUES(229,3);
INSERT INTO "spot_areas" VALUES(230,3);
INSERT INTO "spot_areas" VALUES(231,3);
INSERT INTO "spot_areas" VALUES(232,4);
INSERT INTO "spot_areas" VALUES(233,4);
INSERT INTO "spot_areas" VALUES(234,4);
INSERT INTO "spot_areas" VALUES(235,4);
INSERT INTO "spot_areas" VALUES(236,4);
INSERT INTO "spot_areas" VALUES(237,4);
INSERT INTO "spot_areas" VALUES(238,4);
INSERT INTO "spot_areas" VALUES(239,4);
INSERT INTO "spot_areas" VALUES(240,4);
INSERT INTO "spot_areas" VALUES(241,4);
INSERT INTO "spot_areas" VALUES(242,3);
INSERT INTO "spot_areas" VALUES(243,3);
INSERT INTO "spot_areas" VALUES(244,3);
INSERT INTO "spot_areas" VALUES(245,3);
INSERT INTO "spot_areas" VALUES(246,3);
INSERT INTO "spot_areas" VALUES(247,3);
INSERT INTO "spot_areas" VALUES(248,4);
INSERT INTO "spot_areas" VALUES(249,4);
INSERT INTO "spot_areas" VALUES(250,4);
INSERT INTO "spot_areas" VALUES(251,4);
INSERT INTO "spot_areas" VALUES(252,4);
INSERT INTO "spot_areas" VALUES(253,4);
INSERT INTO "spot_areas" VALUES(254,4);
INSERT INTO "spot_areas" VALUES(255,4);
INSERT INTO "spot_areas" VALUES(256,4);
INSERT INTO "spot_areas" VALUES(257,4);
INSERT INTO "spot_areas" VALUES(258,4);
INSERT INTO "spot_areas" VALUES(259,4);
INSERT INTO "spot_areas" VALUES(260,4);
INSERT INTO "spot_areas" VALUES(261,4);
INSERT INTO "spot_areas" VALUES(262,4);
INSERT INTO "spot_areas" VALUES(263,4);
INSERT INTO "spot_areas" VALUES(264,4);
INSERT INTO "spot_areas" VALUES(265,4);
INSERT INTO "spot_areas" VALUES(266,4);
INSERT INTO "spot_areas" VALUES(267,4);
INSERT INTO "spot_areas" VALUES(268,4);
INSERT INTO "spot_areas" VALUES(269,4);
INSERT INTO "spot_areas" VALUES(270,4);
INSERT INTO "spot_areas" VALUES(271,4);
INSERT INTO "spot_areas" VALUES(272,4);
INSERT INTO "spot_areas" VALUES(273,4);
INSERT INTO "spot_areas" VALUES(274,4);
INSERT INTO "spot_areas" VALUES(275,4);
INSERT INTO "spot_areas" VALUES(276,4);
INSERT INTO "spot_areas" VALUES(277,4);
INSERT INTO "spot_areas" VALUES(278,4);
INSERT INTO "spot_areas" VALUES(279,4);
INSERT INTO "spot_areas" VALUES(280,4);
INSERT INTO "spot_areas" VALUES(281,4);
INSERT INTO "spot_areas" VALUES(282,4);
INSERT INTO "spot_areas" VALUES(283,4);
INSERT INTO "spot_areas" VALUES(284,4);
INSERT INTO "spot_areas" VALUES(285,4);
INSERT INTO "spot_areas" VALUES(286,4);
INSERT INTO "spot_areas" VALUES(287,4);
INSERT INTO "spot_areas" VALUES(288,4);
INSERT INTO "spot_areas" VALUES(289,4);
INSERT INTO "spot_areas" VALUES(290,4);
INSERT INTO "spot_areas" VALUES(291,4);
INSERT INTO "spot_areas" VALUES(292,4);
INSERT INTO "spot_areas" VALUES(293,4);
INSERT INTO "spot_areas" VALUES(294,4);
INSERT INTO "spot_areas" VALUES(295,4);
INSERT INTO "spot_areas" VALUES(296,4);
INSERT INTO "spot_areas" VALUES(297,4);
INSERT INTO "spot_areas" VALUES(298,4);
INSERT INTO "spot_areas" VALUES(299,4);
INSERT INTO "spot_areas" VALUES(300,6);
INSERT INTO "spot_areas" VALUES(301,6);
INSERT INTO "spot_areas" VALUES(302,6);
INSERT INTO "spot_areas" VALUES(303,6);
INSERT INTO "spot_areas" VALUES(304,6);
INSERT INTO "spot_areas" VALUES(305,6);
INSERT INTO "spot_areas" VALUES(306,6);
INSERT INTO "spot_areas" VALUES(307,6);
INSERT INTO "spot_areas" VALUES(308,6);
INSERT INTO "spot_areas" VALUES(309,6);
INSERT INTO "spot_areas" VALUES(310,6);
INSERT INTO "spot_areas" VALUES(311,6);
INSERT INTO "spot_areas" VALUES(312,6);
INSERT INTO "spot_areas" VALUES(313,4);
INSERT INTO "spot_areas" VALUES(314,4);
INSERT INTO "spot_areas" VALUES(315,4);
INSERT INTO "spot_areas" VALUES(316,4);
INSERT INTO "spot_areas" VALUES(317,4);
INSERT INTO "spot_areas" VALUES(318,4);
INSERT INTO "spot_areas" VALUES(319,4);
INSERT INTO "spot_areas" VALUES(320,4);
INSERT INTO "spot_areas" VALUES(321,4);
INSERT INTO "spot_areas" VALUES(322,6);
INSERT INTO "spot_areas" VALUES(323,6);
INSERT INTO "spot_areas" VALUES(324,6);
INSERT INTO "spot_areas" VALUES(325,6);
INSERT INTO "spot_areas" VALUES(326,6);
INSERT INTO "spot_areas" VALUES(327,6);
INSERT INTO "spot_areas" VALUES(328,6);
INSERT INTO "spot_areas" VALUES(329,6);
INSERT INTO "spot_areas" VALUES(330,4);
INSERT INTO "spot_areas" VALUES(331,4);
INSERT INTO "spot_areas" VALUES(332,4);
INSERT INTO "spot_areas" VALUES(333,4);
INSERT INTO "spot_areas" VALUES(334,4);
INSERT INTO "spot_areas" VALUES(335,4);
INSERT INTO "spot_areas" VALUES(336,4);
INSERT INTO "spot_areas" VALUES(337,4);
INSERT INTO "spot_areas" VALUES(338,4);
INSERT INTO "spot_areas" VALUES(339,4);
INSERT INTO "spot_areas" VALUES(340,4);
INSERT INTO "spot_areas" VALUES(341,4);
INSERT INTO "spot_areas" VALUES(342,4);
INSERT INTO "spot_areas" VALUES(343,4);
INSERT INTO "spot_areas" VALUES(344,4);
INSERT INTO "spot_areas" VALUES(345,4);
INSERT INTO "spot_areas" VALUES(346,6);
INSERT INTO "spot_areas" VALUES(347,6);
INSERT INTO "spot_areas" VALUES(348,6);
INSERT INTO "spot_areas" VALUES(349,6);
INSERT INTO "spot_areas" VALUES(350,6);
INSERT INTO "spot_areas" VALUES(351,6);
INSERT INTO "spot_areas" VALUES(352,6);
INSERT INTO "spot_areas" VALUES(353,6);
INSERT INTO "spot_areas" VALUES(354,6);
INSERT INTO "spot_areas" VALUES(355,6);
INSERT INTO "spot_areas" VALUES(356,6);
INSERT INTO "spot_areas" VALUES(357,6);
INSERT INTO "spot_areas" VALUES(358,6);
INSERT INTO "spot_areas" VALUES(359,6);
INSERT INTO "spot_areas" VALUES(360,6);
INSERT INTO "spot_areas" VALUES(361,6);
INSERT INTO "spot_areas" VALUES(362,6);
INSERT INTO "spot_areas" VALUES(363,6);
INSERT INTO "spot_areas" VALUES(364,6);
INSERT INTO "spot_areas" VALUES(365,6);
INSERT INTO "spot_areas" VALUES(366,6);
INSERT INTO "spot_areas" VALUES(367,6);
INSERT INTO "spot_areas" VALUES(368,6);
INSERT INTO "spot_areas" VALUES(369,6);
INSERT INTO "spot_areas" VALUES(370,6);
INSERT INTO "spot_areas" VALUES(371,6);
INSERT INTO "spot_areas" VALUES(372,6);
INSERT INTO "spot_areas" VALUES(373,6);
INSERT INTO "spot_areas" VALUES(374,6);
INSERT INTO "spot_areas" VALUES(375,6);
INSERT INTO "spot_areas" VALUES(376,6);
INSERT INTO "spot_areas" VALUES(377,6);
INSERT INTO "spot_areas" VALUES(378,6);
INSERT INTO "spot_areas" VALUES(379,6);
INSERT INTO "spot_areas" VALUES(380,5);
INSERT INTO "spot_areas" VALUES(381,5);
INSERT INTO "spot_areas" VALUES(382,5);
INSERT INTO "spot_areas" VALUES(383,5);
INSERT INTO "spot_areas" VALUES(384,5);
INSERT INTO "spot_areas" VALUES(385,5);
INSERT INTO "spot_areas" VALUES(386,5);
INSERT INTO "spot_areas" VALUES(387,5);
INSERT INTO "spot_areas" VALUES(388,5);
INSERT INTO "spot_areas" VALUES(389,5);
INSERT INTO "spot_areas" VALUES(390,5);
INSERT INTO "spot_areas" VALUES(391,5);
INSERT INTO "spot_areas" VALUES(392,5);
INSERT INTO "spot_areas" VALUES(393,5);
INSERT INTO "spot_areas" VALUES(394,5);
INSERT INTO "spot_areas" VALUES(395,5);
INSERT INTO "spot_areas" VALUES(396,5);
INSERT INTO "spot_areas" VALUES(397,5);
INSERT INTO "spot_areas" VALUES(398,5);
INSERT INTO "spot_areas" VALUES(399,5);
INSERT INTO "spot_areas" VALUES(400,5);
INSERT INTO "spot_areas" VALUES(401,5);
INSERT INTO "spot_areas" VALUES(402,5);
INSERT INTO "spot_areas" VALUES(403,5);
INSERT INTO "spot_areas" VALUES(404,5);
INSERT INTO "spot_areas" VALUES(405,5);
INSERT INTO "spot_areas" VALUES(406,5);
INSERT INTO "spot_areas" VALUES(407,5);
INSERT INTO "spot_areas" VALUES(408,5);
INSERT INTO "spot_areas" VALUES(409,5);
INSERT INTO "spot_areas" VALUES(410,5);
INSERT INTO "spot_areas" VALUES(411,5);
INSERT INTO "spot_areas" VALUES(412,5);
INSERT INTO "spot_areas" VALUES(413,5);
INSERT INTO "spot_areas" VALUES(414,5);
INSERT INTO "spot_areas" VALUES(415,5);
INSERT INTO "spot_areas" VALUES(416,5);
INSERT INTO "spot_areas" VALUES(417,5);
INSERT INTO "spot_areas" VALUES(418,5);
INSERT INTO "spot_areas" VALUES(419,5);
INSERT INTO "spot_areas" VALUES(420,5);
INSERT INTO "spot_areas" VALUES(421,5);
INSERT INTO "spot_areas" VALUES(422,5);
INSERT INTO "spot_areas" VALUES(423,5);
INSERT INTO "spot_areas" VALUES(424,5);
INSERT INTO "spot_areas" VALUES(425,5);
INSERT INTO "spot_areas" VALUES(426,5);
INSERT INTO "spot_areas" VALUES(427,5);
INSERT INTO "spot_areas" VALUES(428,5);
INSERT INTO "spot_areas" VALUES(429,5);
INSERT INTO "spot_areas" VALUES(430,5);
INSERT INTO "spot_areas" VALUES(431,5);
INSERT INTO "spot_areas" VALUES(432,5);
INSERT INTO "spot_areas" VALUES(433,5);
INSERT INTO "spot_areas" VALUES(434,5);
INSERT INTO "spot_areas" VALUES(435,5);
INSERT INTO "spot_areas" VALUES(436,5);
INSERT INTO "spot_areas" VALUES(437,5);
INSERT INTO "spot_areas" VALUES(438,5);
INSERT INTO "spot_areas" VALUES(439,5);
INSERT INTO "spot_areas" VALUES(440,5);
INSERT INTO "spot_areas" VALUES(441,5);
INSERT INTO "spot_areas" VALUES(442,5);
INSERT INTO "spot_areas" VALUES(443,5);
INSERT INTO "spot_areas" VALUES(444,5);
INSERT INTO "spot_areas" VALUES(445,5);
INSERT INTO "spot_areas" VALUES(446,5);
INSERT INTO "spot_areas" VALUES(447,5);
INSERT INTO "spot_areas" VALUES(448,5);
INSERT INTO "spot_areas" VALUES(449,5);
INSERT INTO "spot_areas" VALUES(450,5);
INSERT INTO "spot_areas" VALUES(451,5);
INSERT INTO "spot_areas" VALUES(452,5);
INSERT INTO "spot_areas" VALUES(453,5);
INSERT INTO "spot_areas" VALUES(454,5);
INSERT INTO "spot_areas" VALUES(455,5);
INSERT INTO "spot_areas" VALUES(456,5);
INSERT INTO "spot_areas" VALUES(457,5);
INSERT INTO "spot_areas" VALUES(458,5);
INSERT INTO "spot_areas" VALUES(459,5);
INSERT INTO "spot_areas" VALUES(460,5);
INSERT INTO "spot_areas" VALUES(461,5);
INSERT INTO "spot_areas" VALUES(462,5);
INSERT INTO "spot_areas" VALUES(463,5);
INSERT INTO "spot_areas" VALUES(464,5);
INSERT INTO "spot_areas" VALUES(465,5);
INSERT INTO "spot_areas" VALUES(466,5);
INSERT INTO "spot_areas" VALUES(467,5);
INSERT INTO "spot_areas" VALUES(468,5);
INSERT INTO "spot_areas" VALUES(469,5);
INSERT INTO "spot_areas" VALUES(470,5);
INSERT INTO "spot_areas" VALUES(471,5);
INSERT INTO "spot_areas" VALUES(472,5);
INSERT INTO "spot_areas" VALUES(473,1);
INSERT INTO "spot_areas" VALUES(474,5);
INSERT INTO "spot_areas" VALUES(475,6);
INSERT INTO "spot_areas" VALUES(476,5);
INSERT INTO "spot_areas" VALUES(477,5);
INSERT INTO "spot_areas" VALUES(478,4);
INSERT INTO "spot_areas" VALUES(479,1);
INSERT INTO "spot_areas" VALUES(480,1);
INSERT INTO "spot_areas" VALUES(481,1);
INSERT INTO "spot_areas" VALUES(482,1);
INSERT INTO "spot_areas" VALUES(483,1);
INSERT INTO "spot_areas" VALUES(484,1);
INSERT INTO "spot_areas" VALUES(485,1);
INSERT INTO "spot_areas" VALUES(486,1);
INSERT INTO "spot_areas" VALUES(487,1);
INSERT INTO "spot_areas" VALUES(488,2);
CREATE TABLE spot_names
(
    spot_id INTEGER,
    notation_id INTEGER,
    spot_name TEXT NOT NULL,
    PRIMARY KEY(spot_id, notation_id)
);
INSERT INTO "spot_names" VALUES(1,0,'千葉県立関宿城博物館');
INSERT INTO "spot_names" VALUES(2,0,'関根名人記念館');
INSERT INTO "spot_names" VALUES(3,0,'こうのとりの里');
INSERT INTO "spot_names" VALUES(4,0,'清水公園');
INSERT INTO "spot_names" VALUES(5,0,'櫻木神社');
INSERT INTO "spot_names" VALUES(6,0,'グリコピア CHIBA');
INSERT INTO "spot_names" VALUES(7,0,'野田市市民会館（旧茂木佐平治邸）');
INSERT INTO "spot_names" VALUES(8,0,'興風会館');
INSERT INTO "spot_names" VALUES(9,0,'野田市鈴木貫太郎記念館');
INSERT INTO "spot_names" VALUES(10,0,'上花輪歴史館');
INSERT INTO "spot_names" VALUES(11,0,'赤城神社');
INSERT INTO "spot_names" VALUES(12,0,'一茶双樹記念館');
INSERT INTO "spot_names" VALUES(13,0,'近藤勇陣屋跡');
INSERT INTO "spot_names" VALUES(14,0,'流山万華鏡ギャラリー＆ミュージアムと葉茶屋寺田園');
INSERT INTO "spot_names" VALUES(15,0,'流山本町まちなかミュージアム');
INSERT INTO "spot_names" VALUES(16,0,'浅間神社');
INSERT INTO "spot_names" VALUES(17,0,'流山市立博物館');
INSERT INTO "spot_names" VALUES(18,0,'運河水辺公園');
INSERT INTO "spot_names" VALUES(19,0,'こんぶくろ池自然博物公園');
INSERT INTO "spot_names" VALUES(20,0,'紅龍山布施弁天東海寺');
INSERT INTO "spot_names" VALUES(21,0,'旧吉田家住宅歴史公園');
INSERT INTO "spot_names" VALUES(22,0,'北柏ふるさと公園');
INSERT INTO "spot_names" VALUES(23,0,'農産物直売所かしわで');
INSERT INTO "spot_names" VALUES(24,0,'道の駅しょうなん');
INSERT INTO "spot_names" VALUES(25,0,'旧手賀教会堂');
INSERT INTO "spot_names" VALUES(26,0,'柏しょうなん夢ファーム');
INSERT INTO "spot_names" VALUES(27,0,'龍光院・将門神社');
INSERT INTO "spot_names" VALUES(28,0,'あけぼの山農業公園');
INSERT INTO "spot_names" VALUES(29,0,'蓬莱山弘誓院福満寺');
INSERT INTO "spot_names" VALUES(30,0,'松ヶ崎城跡');
INSERT INTO "spot_names" VALUES(31,0,'幸谷城館跡（きつね山歴史公園）');
INSERT INTO "spot_names" VALUES(32,0,'増尾城址総合公園');
INSERT INTO "spot_names" VALUES(33,0,'手賀沼公園');
INSERT INTO "spot_names" VALUES(34,0,'あびこ農産物直売所あびこん・レストラン米舞亭＆水の館');
INSERT INTO "spot_names" VALUES(35,0,'我孫子市鳥の博物館');
INSERT INTO "spot_names" VALUES(36,0,'我孫子市白樺文学館');
INSERT INTO "spot_names" VALUES(37,0,'我孫子市杉村楚人冠記念館');
INSERT INTO "spot_names" VALUES(38,0,'旧村川別荘');
INSERT INTO "spot_names" VALUES(39,0,'將門神社');
INSERT INTO "spot_names" VALUES(40,0,'我孫子インフォメーションセンター（アビシルベ）');
INSERT INTO "spot_names" VALUES(41,0,'嘉納治五郎別荘跡（天神山緑地）');
INSERT INTO "spot_names" VALUES(42,0,'日秀観音');
INSERT INTO "spot_names" VALUES(43,0,'葺不合神社');
INSERT INTO "spot_names" VALUES(44,0,'湖北郷土資料室');
INSERT INTO "spot_names" VALUES(45,0,'戸定邸 戸定歴史館');
INSERT INTO "spot_names" VALUES(46,0,'本土寺');
INSERT INTO "spot_names" VALUES(47,0,'矢切の渡し');
INSERT INTO "spot_names" VALUES(48,0,'東漸寺');
INSERT INTO "spot_names" VALUES(49,0,'松戸市立博物館');
INSERT INTO "spot_names" VALUES(50,0,'野馬除土手');
INSERT INTO "spot_names" VALUES(51,0,'浦安市郷土博物館');
INSERT INTO "spot_names" VALUES(52,0,'旧医院');
INSERT INTO "spot_names" VALUES(53,0,'三番瀬環境観察館');
INSERT INTO "spot_names" VALUES(54,0,'旧大塚家住宅');
INSERT INTO "spot_names" VALUES(55,0,'旧宇田川家住宅');
INSERT INTO "spot_names" VALUES(56,0,'千葉県立現代産業科学館');
INSERT INTO "spot_names" VALUES(57,0,'市川市行徳野鳥観察舎「あいねすと」');
INSERT INTO "spot_names" VALUES(58,0,'日蓮宗大本山中山法華経寺');
INSERT INTO "spot_names" VALUES(59,0,'市川市動植物園');
INSERT INTO "spot_names" VALUES(60,0,'アイ・リンクタウン展望施設');
INSERT INTO "spot_names" VALUES(61,0,'道の駅いちかわ');
INSERT INTO "spot_names" VALUES(62,0,'市立市川考古博物館');
INSERT INTO "spot_names" VALUES(63,0,'行徳神輿ミュージアム（中台製作所）');
INSERT INTO "spot_names" VALUES(64,0,'権現道');
INSERT INTO "spot_names" VALUES(65,0,'常夜灯（常夜灯公園）');
INSERT INTO "spot_names" VALUES(66,0,'白幡天神社');
INSERT INTO "spot_names" VALUES(67,0,'小塚山フィールドアスレチック');
INSERT INTO "spot_names" VALUES(68,0,'弘法寺');
INSERT INTO "spot_names" VALUES(69,0,'葛飾八幡宮');
INSERT INTO "spot_names" VALUES(70,0,'鎌ケ谷大仏');
INSERT INTO "spot_names" VALUES(71,0,'北海道日本ハムファイターズ鎌ケ谷スタジアム');
INSERT INTO "spot_names" VALUES(72,0,'貝柄山公園');
INSERT INTO "spot_names" VALUES(73,0,'市制記念公園');
INSERT INTO "spot_names" VALUES(74,0,'国史跡下総小金中野牧跡・捕込');
INSERT INTO "spot_names" VALUES(75,0,'鎌ケ谷市郷土資料館');
INSERT INTO "spot_names" VALUES(76,0,'白井そろばん博物館');
INSERT INTO "spot_names" VALUES(77,0,'ふなばし三番瀬海浜公園');
INSERT INTO "spot_names" VALUES(78,0,'ふなばしアンデルセン公園');
INSERT INTO "spot_names" VALUES(79,0,'ふなばしメグスパ');
INSERT INTO "spot_names" VALUES(80,0,'千葉県立船橋県民の森');
INSERT INTO "spot_names" VALUES(81,0,'ふなばし三番瀬環境学習館');
INSERT INTO "spot_names" VALUES(82,0,'農産物直売所 ふなっこ畑');
INSERT INTO "spot_names" VALUES(83,0,'船橋大神宮（意富比神社）');
INSERT INTO "spot_names" VALUES(84,0,'船橋御殿跡（東照宮）');
INSERT INTO "spot_names" VALUES(85,0,'船橋三番瀬みなとや');
INSERT INTO "spot_names" VALUES(86,0,'京成バラ園');
INSERT INTO "spot_names" VALUES(87,0,'道の駅やちよ');
INSERT INTO "spot_names" VALUES(88,0,'村上緑地公園');
INSERT INTO "spot_names" VALUES(89,0,'萱田地区公園');
INSERT INTO "spot_names" VALUES(90,0,'ファーマーズマーケット「よったいよ」');
INSERT INTO "spot_names" VALUES(91,0,'八千代市立郷土博物館');
INSERT INTO "spot_names" VALUES(92,0,'正覚院（毘沙門天）');
INSERT INTO "spot_names" VALUES(93,0,'長福寺（弁財天）');
INSERT INTO "spot_names" VALUES(94,0,'妙徳寺（大黒天）');
INSERT INTO "spot_names" VALUES(95,0,'妙光寺（吉祥天）');
INSERT INTO "spot_names" VALUES(96,0,'東栄寺（福禄寿）');
INSERT INTO "spot_names" VALUES(97,0,'貞福寺（恵比寿）');
INSERT INTO "spot_names" VALUES(98,0,'観音寺（布袋尊）');
INSERT INTO "spot_names" VALUES(99,0,'長福寺（寿老人）');
INSERT INTO "spot_names" VALUES(100,0,'北総花の丘公園');
INSERT INTO "spot_names" VALUES(101,0,'木下交流の杜歴史資料センター');
INSERT INTO "spot_names" VALUES(102,0,'草深の森（そうふけのもり）');
INSERT INTO "spot_names" VALUES(103,0,'木下万葉公園（木下貝層）');
INSERT INTO "spot_names" VALUES(104,0,'谷津バラ園');
INSERT INTO "spot_names" VALUES(105,0,'谷津干潟自然観察センター');
INSERT INTO "spot_names" VALUES(106,0,'読売巨人軍発祥の地記念碑（谷津球場）');
INSERT INTO "spot_names" VALUES(107,0,'フォレストアドベンチャー・千葉');
INSERT INTO "spot_names" VALUES(108,0,'千葉寺');
INSERT INTO "spot_names" VALUES(109,0,'千葉市立郷土博物館');
INSERT INTO "spot_names" VALUES(110,0,'千葉県立中央博物館');
INSERT INTO "spot_names" VALUES(111,0,'千葉市立加曽利貝塚博物館');
INSERT INTO "spot_names" VALUES(112,0,'富田さとにわ耕園');
INSERT INTO "spot_names" VALUES(113,0,'千葉ウシノヒロバ');
INSERT INTO "spot_names" VALUES(114,0,'千葉市動物公園');
INSERT INTO "spot_names" VALUES(115,0,'千葉市科学館');
INSERT INTO "spot_names" VALUES(116,0,'千葉市美術館');
INSERT INTO "spot_names" VALUES(117,0,'千葉県立美術館');
INSERT INTO "spot_names" VALUES(118,0,'千葉公園');
INSERT INTO "spot_names" VALUES(119,0,'TIPSTAR DOME CHIBA');
INSERT INTO "spot_names" VALUES(120,0,'フクダ電子アリーナ');
INSERT INTO "spot_names" VALUES(121,0,'ZOZOマリンスタジアム');
INSERT INTO "spot_names" VALUES(122,0,'幕張メッセ');
INSERT INTO "spot_names" VALUES(123,0,'アクアリンクちば');
INSERT INTO "spot_names" VALUES(124,0,'ホキ美術館');
INSERT INTO "spot_names" VALUES(125,0,'千葉港めぐり（ケーズハーバー）');
INSERT INTO "spot_names" VALUES(126,0,'千葉ポートタワー');
INSERT INTO "spot_names" VALUES(127,0,'稲毛海浜公園');
INSERT INTO "spot_names" VALUES(128,0,'昭和の森');
INSERT INTO "spot_names" VALUES(129,0,'提灯塚（御成公園内）');
INSERT INTO "spot_names" VALUES(130,0,'旧神谷伝兵衛稲毛別荘');
INSERT INTO "spot_names" VALUES(131,0,'千葉市ゆかりの家・いなげ');
INSERT INTO "spot_names" VALUES(132,0,'青木昆陽甘薯試作地');
INSERT INTO "spot_names" VALUES(133,0,'酒蔵会館');
INSERT INTO "spot_names" VALUES(134,0,'君待橋の碑');
INSERT INTO "spot_names" VALUES(135,0,'白幡神社');
INSERT INTO "spot_names" VALUES(136,0,'千葉御茶屋御殿跡');
INSERT INTO "spot_names" VALUES(137,0,'海気館跡／稲毛公園');
INSERT INTO "spot_names" VALUES(138,0,'千葉神社');
INSERT INTO "spot_names" VALUES(139,0,'四街道市鹿放ヶ丘 ふれあいセンター');
INSERT INTO "spot_names" VALUES(140,0,'佐倉ふるさと広場');
INSERT INTO "spot_names" VALUES(141,0,'国立歴史民俗博物館');
INSERT INTO "spot_names" VALUES(142,0,'佐倉城址公園');
INSERT INTO "spot_names" VALUES(143,0,'佐倉市立美術館');
INSERT INTO "spot_names" VALUES(144,0,'佐倉草ぶえの丘');
INSERT INTO "spot_names" VALUES(145,0,'武家屋敷');
INSERT INTO "spot_names" VALUES(146,0,'塚本刀剣美術館');
INSERT INTO "spot_names" VALUES(147,0,'佐倉順天堂記念館');
INSERT INTO "spot_names" VALUES(148,0,'旧堀田邸');
INSERT INTO "spot_names" VALUES(149,0,'麻賀多神社');
INSERT INTO "spot_names" VALUES(150,0,'ひよどり坂');
INSERT INTO "spot_names" VALUES(151,0,'DIC川村記念美術館');
INSERT INTO "spot_names" VALUES(152,0,'千葉県立房総のむら');
INSERT INTO "spot_names" VALUES(153,0,'ドラムの里・コスプレの館');
INSERT INTO "spot_names" VALUES(154,0,'龍角寺古墳群・岩屋古墳');
INSERT INTO "spot_names" VALUES(155,0,'龍角寺');
INSERT INTO "spot_names" VALUES(156,0,'大鷲神社');
INSERT INTO "spot_names" VALUES(157,0,'酒々井まがり家');
INSERT INTO "spot_names" VALUES(158,0,'本佐倉城跡');
INSERT INTO "spot_names" VALUES(159,0,'しすい・ハーブガーデン');
INSERT INTO "spot_names" VALUES(160,0,'カンカンムロ横穴群');
INSERT INTO "spot_names" VALUES(161,0,'酒の井の碑（円福院神宮寺）');
INSERT INTO "spot_names" VALUES(162,0,'成田山新勝寺');
INSERT INTO "spot_names" VALUES(163,0,'成田ゆめ牧場');
INSERT INTO "spot_names" VALUES(164,0,'宗吾霊堂');
INSERT INTO "spot_names" VALUES(165,0,'成田山公園');
INSERT INTO "spot_names" VALUES(166,0,'空の駅さくら館');
INSERT INTO "spot_names" VALUES(167,0,'成田市さくらの山');
INSERT INTO "spot_names" VALUES(168,0,'成田空港');
INSERT INTO "spot_names" VALUES(169,0,'からくり時計');
INSERT INTO "spot_names" VALUES(170,0,'成田観光館');
INSERT INTO "spot_names" VALUES(171,0,'平和の大塔');
INSERT INTO "spot_names" VALUES(172,0,'坂田ヶ池総合公園');
INSERT INTO "spot_names" VALUES(173,0,'三里塚御料牧場記念館');
INSERT INTO "spot_names" VALUES(174,0,'下総歴史民俗資料館');
INSERT INTO "spot_names" VALUES(175,0,'成田山表参道');
INSERT INTO "spot_names" VALUES(176,0,'新生成田市場（成田市公設地方卸売市場）');
INSERT INTO "spot_names" VALUES(177,0,'八街市推奨の店\u3000ぼっち');
INSERT INTO "spot_names" VALUES(178,0,'八街市郷土資料館');
INSERT INTO "spot_names" VALUES(179,0,'観光・交流拠点施設「末廣農場」');
INSERT INTO "spot_names" VALUES(180,0,'JA富里市産直センター');
INSERT INTO "spot_names" VALUES(181,0,'富里鎮守\u3000香取神社');
INSERT INTO "spot_names" VALUES(182,0,'旧岩崎久彌末廣農場別邸公園');
INSERT INTO "spot_names" VALUES(183,0,'三谷胤政供養塔');
INSERT INTO "spot_names" VALUES(184,0,'競走馬のふるさと案内所千葉連絡センター');
INSERT INTO "spot_names" VALUES(185,0,'道の駅 発酵の里こうざき');
INSERT INTO "spot_names" VALUES(186,0,'神崎神社（なんじゃもんじゃの木）');
INSERT INTO "spot_names" VALUES(187,0,'こうざき天の川公園');
INSERT INTO "spot_names" VALUES(188,0,'西の城貝塚');
INSERT INTO "spot_names" VALUES(189,0,'水郷佐原山車会館');
INSERT INTO "spot_names" VALUES(190,0,'佐原町並み交流館');
INSERT INTO "spot_names" VALUES(191,0,'さわら町屋館（上川岸小公園）');
INSERT INTO "spot_names" VALUES(192,0,'水郷佐原あやめパーク');
INSERT INTO "spot_names" VALUES(193,0,'道の駅\u3000水の郷さわら');
INSERT INTO "spot_names" VALUES(194,0,'風土村');
INSERT INTO "spot_names" VALUES(195,0,'香取神宮');
INSERT INTO "spot_names" VALUES(196,0,'道の駅くりもと紅小町の郷');
INSERT INTO "spot_names" VALUES(197,0,'観福寺');
INSERT INTO "spot_names" VALUES(198,0,'伊能忠敬記念館');
INSERT INTO "spot_names" VALUES(199,0,'伊能忠敬旧宅');
INSERT INTO "spot_names" VALUES(200,0,'府馬の大クス');
INSERT INTO "spot_names" VALUES(201,0,'天保水滸伝遺品館/諏訪神社');
INSERT INTO "spot_names" VALUES(202,0,'千葉県立東庄県民の森');
INSERT INTO "spot_names" VALUES(203,0,'延命寺');
INSERT INTO "spot_names" VALUES(204,0,'雲井岬つつじ公園');
INSERT INTO "spot_names" VALUES(205,0,'福聚寺');
INSERT INTO "spot_names" VALUES(206,0,'犬吠埼灯台');
INSERT INTO "spot_names" VALUES(207,0,'屏風ケ浦/銚子マリーナ海水浴場');
INSERT INTO "spot_names" VALUES(208,0,'ウオッセ21');
INSERT INTO "spot_names" VALUES(209,0,'銚子ポートタワー');
INSERT INTO "spot_names" VALUES(210,0,'地球の丸く見える丘展望館');
INSERT INTO "spot_names" VALUES(211,0,'外川町の町並み');
INSERT INTO "spot_names" VALUES(212,0,'銚子ジオパークミュージアム');
INSERT INTO "spot_names" VALUES(213,0,'銚子セレクト市場');
INSERT INTO "spot_names" VALUES(214,0,'銚子マリーナ');
INSERT INTO "spot_names" VALUES(215,0,'猿田神社');
INSERT INTO "spot_names" VALUES(216,0,'妙見宮妙福寺');
INSERT INTO "spot_names" VALUES(217,0,'飯沼観音（圓福寺）');
INSERT INTO "spot_names" VALUES(218,0,'和田不動尊');
INSERT INTO "spot_names" VALUES(219,0,'川口神社');
INSERT INTO "spot_names" VALUES(220,0,'旧西廣家');
INSERT INTO "spot_names" VALUES(221,0,'千人塚');
INSERT INTO "spot_names" VALUES(222,0,'外川ミニ郷土資料館');
INSERT INTO "spot_names" VALUES(223,0,'旧公正会館');
INSERT INTO "spot_names" VALUES(224,0,'銚子ちぢみ伝統工芸館');
INSERT INTO "spot_names" VALUES(225,0,'道の駅多古あじさい館');
INSERT INTO "spot_names" VALUES(226,0,'正東山\u3000日本寺');
INSERT INTO "spot_names" VALUES(227,0,'澁谷嘉助旧宅正門');
INSERT INTO "spot_names" VALUES(228,0,'妙印山\u3000妙光寺');
INSERT INTO "spot_names" VALUES(229,0,'多古町魅力発信交流館「たこらぼ」');
INSERT INTO "spot_names" VALUES(230,0,'木内家住宅');
INSERT INTO "spot_names" VALUES(231,0,'土橋山東禅寺');
INSERT INTO "spot_names" VALUES(232,0,'上永井公園（飯岡灯台、飯岡刑部岬展望館）');
INSERT INTO "spot_names" VALUES(233,0,'道の駅季楽里あさひ');
INSERT INTO "spot_names" VALUES(234,0,'おひさまテラス');
INSERT INTO "spot_names" VALUES(235,0,'大原幽学記念館');
INSERT INTO "spot_names" VALUES(236,0,'龍福寺');
INSERT INTO "spot_names" VALUES(237,0,'旭市防災資料館');
INSERT INTO "spot_names" VALUES(238,0,'玉﨑神社');
INSERT INTO "spot_names" VALUES(239,0,'中央児童遊園');
INSERT INTO "spot_names" VALUES(240,0,'木曾義正公史跡公園');
INSERT INTO "spot_names" VALUES(241,0,'東漸寺');
INSERT INTO "spot_names" VALUES(242,0,'芝山町立芝山古墳・はにわ博物館');
INSERT INTO "spot_names" VALUES(243,0,'航空科学博物館');
INSERT INTO "spot_names" VALUES(244,0,'道の駅 風和里しばやま');
INSERT INTO "spot_names" VALUES(245,0,'ひこうきの丘');
INSERT INTO "spot_names" VALUES(246,0,'グリーンポートエコ・アグリパーク');
INSERT INTO "spot_names" VALUES(247,0,'空の駅 風和里しばやま');
INSERT INTO "spot_names" VALUES(248,0,'松山神社');
INSERT INTO "spot_names" VALUES(249,0,'八重垣神社');
INSERT INTO "spot_names" VALUES(250,0,'八日市場東照宮');
INSERT INTO "spot_names" VALUES(251,0,'老尾神社');
INSERT INTO "spot_names" VALUES(252,0,'椿ノ海水神社');
INSERT INTO "spot_names" VALUES(253,0,'曾我兄弟の墓');
INSERT INTO "spot_names" VALUES(254,0,'西小笹八幡神社');
INSERT INTO "spot_names" VALUES(255,0,'野栄ふれあい公園');
INSERT INTO "spot_names" VALUES(256,0,'天神山公園');
INSERT INTO "spot_names" VALUES(257,0,'飯高寺（飯高檀林跡）');
INSERT INTO "spot_names" VALUES(258,0,'松山庭園美術館');
INSERT INTO "spot_names" VALUES(259,0,'ふれあいパーク八日市場');
INSERT INTO "spot_names" VALUES(260,0,'そうさ観光物産センター匝りの里');
INSERT INTO "spot_names" VALUES(261,0,'植木見本園');
INSERT INTO "spot_names" VALUES(262,0,'安久山のスダジイ');
INSERT INTO "spot_names" VALUES(263,0,'椿海小学校付近のマキ塀');
INSERT INTO "spot_names" VALUES(264,0,'坂田城跡');
INSERT INTO "spot_names" VALUES(265,0,'マリンピアくりやまがわ');
INSERT INTO "spot_names" VALUES(266,0,'成田山御本尊上陸の地');
INSERT INTO "spot_names" VALUES(267,0,'殿塚・姫塚');
INSERT INTO "spot_names" VALUES(268,0,'横芝駅前情報交流館「ヨリドコロ」');
INSERT INTO "spot_names" VALUES(269,0,'屋形四社神社');
INSERT INTO "spot_names" VALUES(270,0,'町原大銀杏');
INSERT INTO "spot_names" VALUES(271,0,'山武姥山貝塚');
INSERT INTO "spot_names" VALUES(272,0,'JR横芝駅舎');
INSERT INTO "spot_names" VALUES(273,0,'広済寺');
INSERT INTO "spot_names" VALUES(274,0,'道の駅オライはすぬま');
INSERT INTO "spot_names" VALUES(275,0,'浪切不動院（浪切不動尊）');
INSERT INTO "spot_names" VALUES(276,0,'伊藤左千夫の生家（山武市歴史民俗資料館）');
INSERT INTO "spot_names" VALUES(277,0,'蓮沼海浜公園');
INSERT INTO "spot_names" VALUES(278,0,'さんぶの森公園');
INSERT INTO "spot_names" VALUES(279,0,'雄蛇ヶ池');
INSERT INTO "spot_names" VALUES(280,0,'山王台公園');
INSERT INTO "spot_names" VALUES(281,0,'日吉神社');
INSERT INTO "spot_names" VALUES(282,0,'最福寺');
INSERT INTO "spot_names" VALUES(283,0,'八鶴亭（八鶴湖）');
INSERT INTO "spot_names" VALUES(284,0,'ときがね湖（東金ダム）');
INSERT INTO "spot_names" VALUES(285,0,'道の駅\u3000みのりの郷\u3000東金');
INSERT INTO "spot_names" VALUES(286,0,'小中池公園');
INSERT INTO "spot_names" VALUES(287,0,'十枝の森');
INSERT INTO "spot_names" VALUES(288,0,'白里海岸');
INSERT INTO "spot_names" VALUES(289,0,'本國寺（宮谷県庁跡）');
INSERT INTO "spot_names" VALUES(290,0,'正法寺中門');
INSERT INTO "spot_names" VALUES(291,0,'宮谷八幡神社');
INSERT INTO "spot_names" VALUES(292,0,'縣神社');
INSERT INTO "spot_names" VALUES(293,0,'海の駅九十九里');
INSERT INTO "spot_names" VALUES(294,0,'伊能忠敬記念公園（伊能忠敬出生地）');
INSERT INTO "spot_names" VALUES(295,0,'九十九里ビーチタワー');
INSERT INTO "spot_names" VALUES(296,0,'宮島池親水公園');
INSERT INTO "spot_names" VALUES(297,0,'九十九里ハーブガーデン');
INSERT INTO "spot_names" VALUES(298,0,'Sghrスガハラファクトリーショップ/Sghr café(エスジーエイチアール・カフェ)');
INSERT INTO "spot_names" VALUES(299,0,'智恵子抄詩碑（千鳥と遊ぶ智恵子）');
INSERT INTO "spot_names" VALUES(300,0,'市原湖畔美術館');
INSERT INTO "spot_names" VALUES(301,0,'養老渓谷');
INSERT INTO "spot_names" VALUES(302,0,'飯香岡八幡宮');
INSERT INTO "spot_names" VALUES(303,0,'養老川臨海公園');
INSERT INTO "spot_names" VALUES(304,0,'史跡上総国分尼寺跡展示館');
INSERT INTO "spot_names" VALUES(305,0,'道の駅あずの里いちはら');
INSERT INTO "spot_names" VALUES(306,0,'こみなと待合室');
INSERT INTO "spot_names" VALUES(307,0,'西願寺');
INSERT INTO "spot_names" VALUES(308,0,'千葉こどもの国キッズダム');
INSERT INTO "spot_names" VALUES(309,0,'石神菜の花畑');
INSERT INTO "spot_names" VALUES(310,0,'チバニアンビジターセンター');
INSERT INTO "spot_names" VALUES(311,0,'ANIMAL WONDER REZOURT「市原ぞうの国」');
INSERT INTO "spot_names" VALUES(312,0,'Toilet in Nature／飯給駅');
INSERT INTO "spot_names" VALUES(313,0,'長柄ダム');
INSERT INTO "spot_names" VALUES(314,0,'史跡長柄横穴群');
INSERT INTO "spot_names" VALUES(315,0,'道の駅ながら');
INSERT INTO "spot_names" VALUES(316,0,'眼蔵寺');
INSERT INTO "spot_names" VALUES(317,0,'大田中将顕彰碑');
INSERT INTO "spot_names" VALUES(318,0,'フォレストアドベンチャー・ターザニア');
INSERT INTO "spot_names" VALUES(319,0,'二宮神社');
INSERT INTO "spot_names" VALUES(320,0,'掩体壕');
INSERT INTO "spot_names" VALUES(321,0,'白子神社');
INSERT INTO "spot_names" VALUES(322,0,'袖ケ浦公園');
INSERT INTO "spot_names" VALUES(323,0,'東京ドイツ村');
INSERT INTO "spot_names" VALUES(324,0,'袖ケ浦海浜公園');
INSERT INTO "spot_names" VALUES(325,0,'袖ケ浦市農畜産物直売所「ゆりの里」');
INSERT INTO "spot_names" VALUES(326,0,'百目木公園');
INSERT INTO "spot_names" VALUES(327,0,'袖ケ浦ふれあいどうぶつ縁');
INSERT INTO "spot_names" VALUES(328,0,'袖ケ浦市郷土博物館');
INSERT INTO "spot_names" VALUES(329,0,'ひらおかの里 農村公園');
INSERT INTO "spot_names" VALUES(330,0,'野見金公園');
INSERT INTO "spot_names" VALUES(331,0,'熊野の清水');
INSERT INTO "spot_names" VALUES(332,0,'熊野の清水公園');
INSERT INTO "spot_names" VALUES(333,0,'笠森観音（笠森寺観音堂）');
INSERT INTO "spot_names" VALUES(334,0,'長南集学校');
INSERT INTO "spot_names" VALUES(335,0,'道の駅つどいの郷むつざわ');
INSERT INTO "spot_names" VALUES(336,0,'諏訪神社');
INSERT INTO "spot_names" VALUES(337,0,'鵜羽神社');
INSERT INTO "spot_names" VALUES(338,0,'お寺カフェそわか');
INSERT INTO "spot_names" VALUES(339,0,'一松海岸(ひとつまつかいがん)');
INSERT INTO "spot_names" VALUES(340,0,'長生観音(ながいきかんのん)');
INSERT INTO "spot_names" VALUES(341,0,'一松神社(いっしょうじんじゃ)');
INSERT INTO "spot_names" VALUES(342,0,'尼ヶ台総合公園');
INSERT INTO "spot_names" VALUES(343,0,'長生ふれあいさんぽみち（大関堰）');
INSERT INTO "spot_names" VALUES(344,0,'釣ヶ崎海岸');
INSERT INTO "spot_names" VALUES(345,0,'玉前神社');
INSERT INTO "spot_names" VALUES(346,0,'證誠寺');
INSERT INTO "spot_names" VALUES(347,0,'八剱八幡神社');
INSERT INTO "spot_names" VALUES(348,0,'海ほたるパーキングエリア');
INSERT INTO "spot_names" VALUES(349,0,'チーバくんプラザ-千葉県観光情報館-');
INSERT INTO "spot_names" VALUES(350,0,'高倉観音（高蔵寺）');
INSERT INTO "spot_names" VALUES(351,0,'木更津市郷土博物館金のすず');
INSERT INTO "spot_names" VALUES(352,0,'木更津かんらんしゃパーク\u3000キサラピア');
INSERT INTO "spot_names" VALUES(353,0,'道の駅「木更津うまくたの里」');
INSERT INTO "spot_names" VALUES(354,0,'鳥居崎海浜公園');
INSERT INTO "spot_names" VALUES(355,0,'KURKKU FIELDS');
INSERT INTO "spot_names" VALUES(356,0,'かずさアーク');
INSERT INTO "spot_names" VALUES(357,0,'きみさらずタワー／太田山公園');
INSERT INTO "spot_names" VALUES(358,0,'燈籠坂大師の切通しトンネル');
INSERT INTO "spot_names" VALUES(359,0,'マザー牧場');
INSERT INTO "spot_names" VALUES(360,0,'明治百年記念展望塔');
INSERT INTO "spot_names" VALUES(361,0,'金谷港');
INSERT INTO "spot_names" VALUES(362,0,'鋸山ロープウェー（山麓駅）');
INSERT INTO "spot_names" VALUES(363,0,'岩谷観音堂');
INSERT INTO "spot_names" VALUES(364,0,'鋸山美術館');
INSERT INTO "spot_names" VALUES(365,0,'ザ・フィッシュ');
INSERT INTO "spot_names" VALUES(366,0,'小泉酒造合資会社ソムリエハウス酒匠の館');
INSERT INTO "spot_names" VALUES(367,0,'東京湾観音');
INSERT INTO "spot_names" VALUES(368,0,'富津元洲堡塁砲台（中の島）');
INSERT INTO "spot_names" VALUES(369,0,'富津公園');
INSERT INTO "spot_names" VALUES(370,0,'久留里城（君津市立久留里城址資料館）');
INSERT INTO "spot_names" VALUES(371,0,'九十九谷展望公園');
INSERT INTO "spot_names" VALUES(372,0,'清水渓流広場（濃溝の滝・亀岩の洞窟）');
INSERT INTO "spot_names" VALUES(373,0,'はちみつとミードのはちみつ工房');
INSERT INTO "spot_names" VALUES(374,0,'亀山湖');
INSERT INTO "spot_names" VALUES(375,0,'神野寺');
INSERT INTO "spot_names" VALUES(376,0,'猟師工房ランド');
INSERT INTO "spot_names" VALUES(377,0,'ドリプレ・ローズガーデン');
INSERT INTO "spot_names" VALUES(378,0,'カズサの郷 愛彩畑');
INSERT INTO "spot_names" VALUES(379,0,'君津市久留里観光交流センター');
INSERT INTO "spot_names" VALUES(380,0,'渡辺家住宅');
INSERT INTO "spot_names" VALUES(381,0,'釜屋（旧江澤邸）');
INSERT INTO "spot_names" VALUES(382,0,'道の駅たけゆらの里おおたき');
INSERT INTO "spot_names" VALUES(383,0,'養老渓谷観光センター山の駅養老渓谷喜楽里');
INSERT INTO "spot_names" VALUES(384,0,'粟又の滝');
INSERT INTO "spot_names" VALUES(385,0,'向山共栄トンネル 弘文洞跡');
INSERT INTO "spot_names" VALUES(386,0,'大多喜ハーブガーデン');
INSERT INTO "spot_names" VALUES(387,0,'天然ガス記念館');
INSERT INTO "spot_names" VALUES(388,0,'太東埼灯台');
INSERT INTO "spot_names" VALUES(389,0,'大原漁港 港の朝市');
INSERT INTO "spot_names" VALUES(390,0,'ポッポの丘');
INSERT INTO "spot_names" VALUES(391,0,'夫婦岩');
INSERT INTO "spot_names" VALUES(392,0,'万木城跡公園');
INSERT INTO "spot_names" VALUES(393,0,'千葉県いすみ環境と文化のさとセンター');
INSERT INTO "spot_names" VALUES(394,0,'大原公園「平和の鐘」');
INSERT INTO "spot_names" VALUES(395,0,'国吉神社・上総出雲大社');
INSERT INTO "spot_names" VALUES(396,0,'上総丘陵の砂岩泥岩互層（文化とスポーツの森入口）');
INSERT INTO "spot_names" VALUES(397,0,'鋸山（日本寺）');
INSERT INTO "spot_names" VALUES(398,0,'道の駅保田小学校');
INSERT INTO "spot_names" VALUES(399,0,'佐久間ダム湖親水公園');
INSERT INTO "spot_names" VALUES(400,0,'江月水仙ロード');
INSERT INTO "spot_names" VALUES(401,0,'保田海水浴場');
INSERT INTO "spot_names" VALUES(402,0,'道の駅きょなん');
INSERT INTO "spot_names" VALUES(403,0,'をくづれ水仙郷');
INSERT INTO "spot_names" VALUES(404,0,'保田漁協ばんや');
INSERT INTO "spot_names" VALUES(405,0,'源頼朝上陸地');
INSERT INTO "spot_names" VALUES(406,0,'鴨川シーワールド');
INSERT INTO "spot_names" VALUES(407,0,'大山千枚田');
INSERT INTO "spot_names" VALUES(408,0,'鯛の浦遊覧船');
INSERT INTO "spot_names" VALUES(409,0,'誕生寺');
INSERT INTO "spot_names" VALUES(410,0,'清澄寺');
INSERT INTO "spot_names" VALUES(411,0,'道の駅鴨川オーシャンパーク');
INSERT INTO "spot_names" VALUES(412,0,'菜な畑ロード');
INSERT INTO "spot_names" VALUES(413,0,'潮騒市場');
INSERT INTO "spot_names" VALUES(414,0,'魚見塚展望台');
INSERT INTO "spot_names" VALUES(415,0,'里のMUJI みんなみの里');
INSERT INTO "spot_names" VALUES(416,0,'四方木不動滝（四方木ふれあい館）');
INSERT INTO "spot_names" VALUES(417,0,'鴨川ウォールアート');
INSERT INTO "spot_names" VALUES(418,0,'仁右衛門島');
INSERT INTO "spot_names" VALUES(419,0,'鴨川市郷土資料館');
INSERT INTO "spot_names" VALUES(420,0,'大山不動尊');
INSERT INTO "spot_names" VALUES(421,0,'保田層群のカオス層');
INSERT INTO "spot_names" VALUES(422,0,'鵜原海岸（白い鳥居）');
INSERT INTO "spot_names" VALUES(423,0,'SGT美術館');
INSERT INTO "spot_names" VALUES(424,0,'八幡岬公園');
INSERT INTO "spot_names" VALUES(425,0,'官軍塚');
INSERT INTO "spot_names" VALUES(426,0,'かつうら海中公園');
INSERT INTO "spot_names" VALUES(427,0,'千葉県立中央博物館分館海の博物館');
INSERT INTO "spot_names" VALUES(428,0,'JAXA勝浦宇宙通信所');
INSERT INTO "spot_names" VALUES(429,0,'（勝浦）朝市');
INSERT INTO "spot_names" VALUES(430,0,'守谷海岸（渡島）');
INSERT INTO "spot_names" VALUES(431,0,'高照寺');
INSERT INTO "spot_names" VALUES(432,0,'遠見岬神社');
INSERT INTO "spot_names" VALUES(433,0,'月の沙漠記念館');
INSERT INTO "spot_names" VALUES(434,0,'道の駅とみうら枇杷俱楽部');
INSERT INTO "spot_names" VALUES(435,0,'道の駅富楽里とみやま');
INSERT INTO "spot_names" VALUES(436,0,'道の駅おおつの里花俱楽部');
INSERT INTO "spot_names" VALUES(437,0,'道の駅三芳村鄙の里');
INSERT INTO "spot_names" VALUES(438,0,'道の駅和田浦WA・O！');
INSERT INTO "spot_names" VALUES(439,0,'道の駅ローズマリー公園');
INSERT INTO "spot_names" VALUES(440,0,'道の駅ちくら潮風王国');
INSERT INTO "spot_names" VALUES(441,0,'道の駅白浜野島崎');
INSERT INTO "spot_names" VALUES(442,0,'野島埼灯台');
INSERT INTO "spot_names" VALUES(443,0,'原岡桟橋（岡本桟橋）');
INSERT INTO "spot_names" VALUES(444,0,'小松寺');
INSERT INTO "spot_names" VALUES(445,0,'最果てのベンチ［ラバーズベンチ］');
INSERT INTO "spot_names" VALUES(446,0,'抱湖園（元朝桜）');
INSERT INTO "spot_names" VALUES(447,0,'千葉県酪農のさと');
INSERT INTO "spot_names" VALUES(448,0,'花嫁街道\u3000黒滝');
INSERT INTO "spot_names" VALUES(449,0,'大房岬自然公園（ビジターセンター）');
INSERT INTO "spot_names" VALUES(450,0,'白浜海洋美術館');
INSERT INTO "spot_names" VALUES(451,0,'白浜城');
INSERT INTO "spot_names" VALUES(452,0,'伏姫籠穴');
INSERT INTO "spot_names" VALUES(453,0,'滝田城址');
INSERT INTO "spot_names" VALUES(454,0,'南房千倉大橋（公園）');
INSERT INTO "spot_names" VALUES(455,0,'シラハマ校舎');
INSERT INTO "spot_names" VALUES(456,0,'高家神社');
INSERT INTO "spot_names" VALUES(457,0,'白浜の海底地すべり堆積層');
INSERT INTO "spot_names" VALUES(458,0,'白間津のお花畑');
INSERT INTO "spot_names" VALUES(459,0,'石堂寺');
INSERT INTO "spot_names" VALUES(460,0,'真野寺');
INSERT INTO "spot_names" VALUES(461,0,'沖ノ島公園');
INSERT INTO "spot_names" VALUES(462,0,'”渚の駅”たてやま');
INSERT INTO "spot_names" VALUES(463,0,'城山公園');
INSERT INTO "spot_names" VALUES(464,0,'館山海軍航空隊赤山地下壕跡');
INSERT INTO "spot_names" VALUES(465,0,'道の駅南房パラダイス/アロハガーデンたてやま');
INSERT INTO "spot_names" VALUES(466,0,'房総フラワーライン');
INSERT INTO "spot_names" VALUES(467,0,'崖観音（大福寺）');
INSERT INTO "spot_names" VALUES(468,0,'安房高野山 妙音院');
INSERT INTO "spot_names" VALUES(469,0,'洲埼灯台');
INSERT INTO "spot_names" VALUES(470,0,'青木繁「海の幸」記念館');
INSERT INTO "spot_names" VALUES(471,0,'ギャラリー ＆ カフェ\u3000船形倉庫');
INSERT INTO "spot_names" VALUES(472,0,'沼サンゴ層');
INSERT INTO "spot_names" VALUES(473,0,'飛ノ台史跡公園博物館');
INSERT INTO "spot_names" VALUES(474,0,'大多喜城（県立中央博物館大多喜城分館）');
INSERT INTO "spot_names" VALUES(475,0,'光明寺');
INSERT INTO "spot_names" VALUES(476,0,'館山ジビエセンター');
INSERT INTO "spot_names" VALUES(477,0,'飯縄寺');
INSERT INTO "spot_names" VALUES(478,0,'藻原寺');
INSERT INTO "spot_names" VALUES(479,0,'千葉工業大学通用門（旧陸軍鉄道第二聯隊表門）');
INSERT INTO "spot_names" VALUES(480,0,'ドイツ捕虜オーケストラの碑');
INSERT INTO "spot_names" VALUES(481,0,'山縣飛行士殉空之地碑');
INSERT INTO "spot_names" VALUES(482,0,'鈴木大地記念碑');
INSERT INTO "spot_names" VALUES(483,0,'有森裕子記念碑');
INSERT INTO "spot_names" VALUES(484,0,'旧大沢家住宅');
INSERT INTO "spot_names" VALUES(485,0,'旧鴇田家住宅');
INSERT INTO "spot_names" VALUES(486,0,'茜浜緑地（関東富士見百景）');
INSERT INTO "spot_names" VALUES(487,0,'海老川橋（船橋地名発祥の地）');
INSERT INTO "spot_names" VALUES(488,0,'下総国 柏鎮守 諏訪神社');
CREATE TABLE spot_uris
(
    spot_id INTEGER PRIMARY KEY,
    spot_uri TEXT UNIQUE NOT NULL
);
INSERT INTO "spot_uris" VALUES(1,'https://gogobousou-pointrally.jp/spot/0001/');
INSERT INTO "spot_uris" VALUES(2,'https://gogobousou-pointrally.jp/spot/0002/');
INSERT INTO "spot_uris" VALUES(3,'https://gogobousou-pointrally.jp/spot/0003/');
INSERT INTO "spot_uris" VALUES(4,'https://gogobousou-pointrally.jp/spot/0004/');
INSERT INTO "spot_uris" VALUES(5,'https://gogobousou-pointrally.jp/spot/0005/');
INSERT INTO "spot_uris" VALUES(6,'https://gogobousou-pointrally.jp/spot/0006/');
INSERT INTO "spot_uris" VALUES(7,'https://gogobousou-pointrally.jp/spot/0007/');
INSERT INTO "spot_uris" VALUES(8,'https://gogobousou-pointrally.jp/spot/0008/');
INSERT INTO "spot_uris" VALUES(9,'https://gogobousou-pointrally.jp/spot/0009/');
INSERT INTO "spot_uris" VALUES(10,'https://gogobousou-pointrally.jp/spot/0010/');
INSERT INTO "spot_uris" VALUES(11,'https://gogobousou-pointrally.jp/spot/0011/');
INSERT INTO "spot_uris" VALUES(12,'https://gogobousou-pointrally.jp/spot/0012/');
INSERT INTO "spot_uris" VALUES(13,'https://gogobousou-pointrally.jp/spot/0013/');
INSERT INTO "spot_uris" VALUES(14,'https://gogobousou-pointrally.jp/spot/0014/');
INSERT INTO "spot_uris" VALUES(15,'https://gogobousou-pointrally.jp/spot/0015/');
INSERT INTO "spot_uris" VALUES(16,'https://gogobousou-pointrally.jp/spot/0016/');
INSERT INTO "spot_uris" VALUES(17,'https://gogobousou-pointrally.jp/spot/0017/');
INSERT INTO "spot_uris" VALUES(18,'https://gogobousou-pointrally.jp/spot/0018/');
INSERT INTO "spot_uris" VALUES(19,'https://gogobousou-pointrally.jp/spot/0019/');
INSERT INTO "spot_uris" VALUES(20,'https://gogobousou-pointrally.jp/spot/0020/');
INSERT INTO "spot_uris" VALUES(21,'https://gogobousou-pointrally.jp/spot/0021/');
INSERT INTO "spot_uris" VALUES(22,'https://gogobousou-pointrally.jp/spot/0022/');
INSERT INTO "spot_uris" VALUES(23,'https://gogobousou-pointrally.jp/spot/0023/');
INSERT INTO "spot_uris" VALUES(24,'https://gogobousou-pointrally.jp/spot/0024/');
INSERT INTO "spot_uris" VALUES(25,'https://gogobousou-pointrally.jp/spot/0025/');
INSERT INTO "spot_uris" VALUES(26,'https://gogobousou-pointrally.jp/spot/0026/');
INSERT INTO "spot_uris" VALUES(27,'https://gogobousou-pointrally.jp/spot/0027/');
INSERT INTO "spot_uris" VALUES(28,'https://gogobousou-pointrally.jp/spot/0028/');
INSERT INTO "spot_uris" VALUES(29,'https://gogobousou-pointrally.jp/spot/0029/');
INSERT INTO "spot_uris" VALUES(30,'https://gogobousou-pointrally.jp/spot/0030/');
INSERT INTO "spot_uris" VALUES(31,'https://gogobousou-pointrally.jp/spot/0031/');
INSERT INTO "spot_uris" VALUES(32,'https://gogobousou-pointrally.jp/spot/0032/');
INSERT INTO "spot_uris" VALUES(33,'https://gogobousou-pointrally.jp/spot/0033/');
INSERT INTO "spot_uris" VALUES(34,'https://gogobousou-pointrally.jp/spot/0034/');
INSERT INTO "spot_uris" VALUES(35,'https://gogobousou-pointrally.jp/spot/0035/');
INSERT INTO "spot_uris" VALUES(36,'https://gogobousou-pointrally.jp/spot/0036/');
INSERT INTO "spot_uris" VALUES(37,'https://gogobousou-pointrally.jp/spot/0037/');
INSERT INTO "spot_uris" VALUES(38,'https://gogobousou-pointrally.jp/spot/0038/');
INSERT INTO "spot_uris" VALUES(39,'https://gogobousou-pointrally.jp/spot/0039/');
INSERT INTO "spot_uris" VALUES(40,'https://gogobousou-pointrally.jp/spot/0040/');
INSERT INTO "spot_uris" VALUES(41,'https://gogobousou-pointrally.jp/spot/0041/');
INSERT INTO "spot_uris" VALUES(42,'https://gogobousou-pointrally.jp/spot/0042/');
INSERT INTO "spot_uris" VALUES(43,'https://gogobousou-pointrally.jp/spot/0043/');
INSERT INTO "spot_uris" VALUES(44,'https://gogobousou-pointrally.jp/spot/0044/');
INSERT INTO "spot_uris" VALUES(45,'https://gogobousou-pointrally.jp/spot/0045/');
INSERT INTO "spot_uris" VALUES(46,'https://gogobousou-pointrally.jp/spot/0046/');
INSERT INTO "spot_uris" VALUES(47,'https://gogobousou-pointrally.jp/spot/0047/');
INSERT INTO "spot_uris" VALUES(48,'https://gogobousou-pointrally.jp/spot/0048/');
INSERT INTO "spot_uris" VALUES(49,'https://gogobousou-pointrally.jp/spot/0049/');
INSERT INTO "spot_uris" VALUES(50,'https://gogobousou-pointrally.jp/spot/0050/');
INSERT INTO "spot_uris" VALUES(51,'https://gogobousou-pointrally.jp/spot/0051/');
INSERT INTO "spot_uris" VALUES(52,'https://gogobousou-pointrally.jp/spot/0052/');
INSERT INTO "spot_uris" VALUES(53,'https://gogobousou-pointrally.jp/spot/0053/');
INSERT INTO "spot_uris" VALUES(54,'https://gogobousou-pointrally.jp/spot/0054/');
INSERT INTO "spot_uris" VALUES(55,'https://gogobousou-pointrally.jp/spot/0055/');
INSERT INTO "spot_uris" VALUES(56,'https://gogobousou-pointrally.jp/spot/0056/');
INSERT INTO "spot_uris" VALUES(57,'https://gogobousou-pointrally.jp/spot/0057/');
INSERT INTO "spot_uris" VALUES(58,'https://gogobousou-pointrally.jp/spot/0058/');
INSERT INTO "spot_uris" VALUES(59,'https://gogobousou-pointrally.jp/spot/0059/');
INSERT INTO "spot_uris" VALUES(60,'https://gogobousou-pointrally.jp/spot/0060/');
INSERT INTO "spot_uris" VALUES(61,'https://gogobousou-pointrally.jp/spot/0061/');
INSERT INTO "spot_uris" VALUES(62,'https://gogobousou-pointrally.jp/spot/0062/');
INSERT INTO "spot_uris" VALUES(63,'https://gogobousou-pointrally.jp/spot/0063/');
INSERT INTO "spot_uris" VALUES(64,'https://gogobousou-pointrally.jp/spot/0064/');
INSERT INTO "spot_uris" VALUES(65,'https://gogobousou-pointrally.jp/spot/0065/');
INSERT INTO "spot_uris" VALUES(66,'https://gogobousou-pointrally.jp/spot/0066/');
INSERT INTO "spot_uris" VALUES(67,'https://gogobousou-pointrally.jp/spot/0067/');
INSERT INTO "spot_uris" VALUES(68,'https://gogobousou-pointrally.jp/spot/0068/');
INSERT INTO "spot_uris" VALUES(69,'https://gogobousou-pointrally.jp/spot/0069/');
INSERT INTO "spot_uris" VALUES(70,'https://gogobousou-pointrally.jp/spot/0070/');
INSERT INTO "spot_uris" VALUES(71,'https://gogobousou-pointrally.jp/spot/0071/');
INSERT INTO "spot_uris" VALUES(72,'https://gogobousou-pointrally.jp/spot/0072/');
INSERT INTO "spot_uris" VALUES(73,'https://gogobousou-pointrally.jp/spot/0073/');
INSERT INTO "spot_uris" VALUES(74,'https://gogobousou-pointrally.jp/spot/0074/');
INSERT INTO "spot_uris" VALUES(75,'https://gogobousou-pointrally.jp/spot/0075/');
INSERT INTO "spot_uris" VALUES(76,'https://gogobousou-pointrally.jp/spot/0076/');
INSERT INTO "spot_uris" VALUES(77,'https://gogobousou-pointrally.jp/spot/0077/');
INSERT INTO "spot_uris" VALUES(78,'https://gogobousou-pointrally.jp/spot/0078/');
INSERT INTO "spot_uris" VALUES(79,'https://gogobousou-pointrally.jp/spot/0079/');
INSERT INTO "spot_uris" VALUES(80,'https://gogobousou-pointrally.jp/spot/0080/');
INSERT INTO "spot_uris" VALUES(81,'https://gogobousou-pointrally.jp/spot/0081/');
INSERT INTO "spot_uris" VALUES(82,'https://gogobousou-pointrally.jp/spot/0082/');
INSERT INTO "spot_uris" VALUES(83,'https://gogobousou-pointrally.jp/spot/0083/');
INSERT INTO "spot_uris" VALUES(84,'https://gogobousou-pointrally.jp/spot/0084/');
INSERT INTO "spot_uris" VALUES(85,'https://gogobousou-pointrally.jp/spot/0085/');
INSERT INTO "spot_uris" VALUES(86,'https://gogobousou-pointrally.jp/spot/0086/');
INSERT INTO "spot_uris" VALUES(87,'https://gogobousou-pointrally.jp/spot/0087/');
INSERT INTO "spot_uris" VALUES(88,'https://gogobousou-pointrally.jp/spot/0088/');
INSERT INTO "spot_uris" VALUES(89,'https://gogobousou-pointrally.jp/spot/0089/');
INSERT INTO "spot_uris" VALUES(90,'https://gogobousou-pointrally.jp/spot/0090/');
INSERT INTO "spot_uris" VALUES(91,'https://gogobousou-pointrally.jp/spot/0091/');
INSERT INTO "spot_uris" VALUES(92,'https://gogobousou-pointrally.jp/spot/0092/');
INSERT INTO "spot_uris" VALUES(93,'https://gogobousou-pointrally.jp/spot/0093/');
INSERT INTO "spot_uris" VALUES(94,'https://gogobousou-pointrally.jp/spot/0094/');
INSERT INTO "spot_uris" VALUES(95,'https://gogobousou-pointrally.jp/spot/0095/');
INSERT INTO "spot_uris" VALUES(96,'https://gogobousou-pointrally.jp/spot/0096/');
INSERT INTO "spot_uris" VALUES(97,'https://gogobousou-pointrally.jp/spot/0097/');
INSERT INTO "spot_uris" VALUES(98,'https://gogobousou-pointrally.jp/spot/0098/');
INSERT INTO "spot_uris" VALUES(99,'https://gogobousou-pointrally.jp/spot/0099/');
INSERT INTO "spot_uris" VALUES(100,'https://gogobousou-pointrally.jp/spot/0100/');
INSERT INTO "spot_uris" VALUES(101,'https://gogobousou-pointrally.jp/spot/0101/');
INSERT INTO "spot_uris" VALUES(102,'https://gogobousou-pointrally.jp/spot/0102/');
INSERT INTO "spot_uris" VALUES(103,'https://gogobousou-pointrally.jp/spot/0103/');
INSERT INTO "spot_uris" VALUES(104,'https://gogobousou-pointrally.jp/spot/0104/');
INSERT INTO "spot_uris" VALUES(105,'https://gogobousou-pointrally.jp/spot/0105/');
INSERT INTO "spot_uris" VALUES(106,'https://gogobousou-pointrally.jp/spot/0106/');
INSERT INTO "spot_uris" VALUES(107,'https://gogobousou-pointrally.jp/spot/0107/');
INSERT INTO "spot_uris" VALUES(108,'https://gogobousou-pointrally.jp/spot/0108/');
INSERT INTO "spot_uris" VALUES(109,'https://gogobousou-pointrally.jp/spot/0109/');
INSERT INTO "spot_uris" VALUES(110,'https://gogobousou-pointrally.jp/spot/0110/');
INSERT INTO "spot_uris" VALUES(111,'https://gogobousou-pointrally.jp/spot/0111/');
INSERT INTO "spot_uris" VALUES(112,'https://gogobousou-pointrally.jp/spot/0112/');
INSERT INTO "spot_uris" VALUES(113,'https://gogobousou-pointrally.jp/spot/0113/');
INSERT INTO "spot_uris" VALUES(114,'https://gogobousou-pointrally.jp/spot/0114/');
INSERT INTO "spot_uris" VALUES(115,'https://gogobousou-pointrally.jp/spot/0115/');
INSERT INTO "spot_uris" VALUES(116,'https://gogobousou-pointrally.jp/spot/0116/');
INSERT INTO "spot_uris" VALUES(117,'https://gogobousou-pointrally.jp/spot/0117/');
INSERT INTO "spot_uris" VALUES(118,'https://gogobousou-pointrally.jp/spot/0118/');
INSERT INTO "spot_uris" VALUES(119,'https://gogobousou-pointrally.jp/spot/0119/');
INSERT INTO "spot_uris" VALUES(120,'https://gogobousou-pointrally.jp/spot/0120/');
INSERT INTO "spot_uris" VALUES(121,'https://gogobousou-pointrally.jp/spot/0121/');
INSERT INTO "spot_uris" VALUES(122,'https://gogobousou-pointrally.jp/spot/0122/');
INSERT INTO "spot_uris" VALUES(123,'https://gogobousou-pointrally.jp/spot/0123/');
INSERT INTO "spot_uris" VALUES(124,'https://gogobousou-pointrally.jp/spot/0124/');
INSERT INTO "spot_uris" VALUES(125,'https://gogobousou-pointrally.jp/spot/0125/');
INSERT INTO "spot_uris" VALUES(126,'https://gogobousou-pointrally.jp/spot/0126/');
INSERT INTO "spot_uris" VALUES(127,'https://gogobousou-pointrally.jp/spot/0127/');
INSERT INTO "spot_uris" VALUES(128,'https://gogobousou-pointrally.jp/spot/0128/');
INSERT INTO "spot_uris" VALUES(129,'https://gogobousou-pointrally.jp/spot/0129/');
INSERT INTO "spot_uris" VALUES(130,'https://gogobousou-pointrally.jp/spot/0130/');
INSERT INTO "spot_uris" VALUES(131,'https://gogobousou-pointrally.jp/spot/0131/');
INSERT INTO "spot_uris" VALUES(132,'https://gogobousou-pointrally.jp/spot/0132/');
INSERT INTO "spot_uris" VALUES(133,'https://gogobousou-pointrally.jp/spot/0133/');
INSERT INTO "spot_uris" VALUES(134,'https://gogobousou-pointrally.jp/spot/0134/');
INSERT INTO "spot_uris" VALUES(135,'https://gogobousou-pointrally.jp/spot/0135/');
INSERT INTO "spot_uris" VALUES(136,'https://gogobousou-pointrally.jp/spot/0136/');
INSERT INTO "spot_uris" VALUES(137,'https://gogobousou-pointrally.jp/spot/0137/');
INSERT INTO "spot_uris" VALUES(138,'https://gogobousou-pointrally.jp/spot/0138/');
INSERT INTO "spot_uris" VALUES(139,'https://gogobousou-pointrally.jp/spot/0139/');
INSERT INTO "spot_uris" VALUES(140,'https://gogobousou-pointrally.jp/spot/0140/');
INSERT INTO "spot_uris" VALUES(141,'https://gogobousou-pointrally.jp/spot/0141/');
INSERT INTO "spot_uris" VALUES(142,'https://gogobousou-pointrally.jp/spot/0142/');
INSERT INTO "spot_uris" VALUES(143,'https://gogobousou-pointrally.jp/spot/0143/');
INSERT INTO "spot_uris" VALUES(144,'https://gogobousou-pointrally.jp/spot/0144/');
INSERT INTO "spot_uris" VALUES(145,'https://gogobousou-pointrally.jp/spot/0145/');
INSERT INTO "spot_uris" VALUES(146,'https://gogobousou-pointrally.jp/spot/0146/');
INSERT INTO "spot_uris" VALUES(147,'https://gogobousou-pointrally.jp/spot/0147/');
INSERT INTO "spot_uris" VALUES(148,'https://gogobousou-pointrally.jp/spot/0148/');
INSERT INTO "spot_uris" VALUES(149,'https://gogobousou-pointrally.jp/spot/0149/');
INSERT INTO "spot_uris" VALUES(150,'https://gogobousou-pointrally.jp/spot/0150/');
INSERT INTO "spot_uris" VALUES(151,'https://gogobousou-pointrally.jp/spot/0151/');
INSERT INTO "spot_uris" VALUES(152,'https://gogobousou-pointrally.jp/spot/0152/');
INSERT INTO "spot_uris" VALUES(153,'https://gogobousou-pointrally.jp/spot/0153/');
INSERT INTO "spot_uris" VALUES(154,'https://gogobousou-pointrally.jp/spot/0154/');
INSERT INTO "spot_uris" VALUES(155,'https://gogobousou-pointrally.jp/spot/0155/');
INSERT INTO "spot_uris" VALUES(156,'https://gogobousou-pointrally.jp/spot/0156/');
INSERT INTO "spot_uris" VALUES(157,'https://gogobousou-pointrally.jp/spot/0157/');
INSERT INTO "spot_uris" VALUES(158,'https://gogobousou-pointrally.jp/spot/0158/');
INSERT INTO "spot_uris" VALUES(159,'https://gogobousou-pointrally.jp/spot/0159/');
INSERT INTO "spot_uris" VALUES(160,'https://gogobousou-pointrally.jp/spot/0160/');
INSERT INTO "spot_uris" VALUES(161,'https://gogobousou-pointrally.jp/spot/0161/');
INSERT INTO "spot_uris" VALUES(162,'https://gogobousou-pointrally.jp/spot/0162/');
INSERT INTO "spot_uris" VALUES(163,'https://gogobousou-pointrally.jp/spot/0163/');
INSERT INTO "spot_uris" VALUES(164,'https://gogobousou-pointrally.jp/spot/0164/');
INSERT INTO "spot_uris" VALUES(165,'https://gogobousou-pointrally.jp/spot/0165/');
INSERT INTO "spot_uris" VALUES(166,'https://gogobousou-pointrally.jp/spot/0166/');
INSERT INTO "spot_uris" VALUES(167,'https://gogobousou-pointrally.jp/spot/0167/');
INSERT INTO "spot_uris" VALUES(168,'https://gogobousou-pointrally.jp/spot/0169/');
INSERT INTO "spot_uris" VALUES(169,'https://gogobousou-pointrally.jp/spot/0170/');
INSERT INTO "spot_uris" VALUES(170,'https://gogobousou-pointrally.jp/spot/0171/');
INSERT INTO "spot_uris" VALUES(171,'https://gogobousou-pointrally.jp/spot/0172/');
INSERT INTO "spot_uris" VALUES(172,'https://gogobousou-pointrally.jp/spot/0173/');
INSERT INTO "spot_uris" VALUES(173,'https://gogobousou-pointrally.jp/spot/0174/');
INSERT INTO "spot_uris" VALUES(174,'https://gogobousou-pointrally.jp/spot/0175/');
INSERT INTO "spot_uris" VALUES(175,'https://gogobousou-pointrally.jp/spot/0176/');
INSERT INTO "spot_uris" VALUES(176,'https://gogobousou-pointrally.jp/spot/0177/');
INSERT INTO "spot_uris" VALUES(177,'https://gogobousou-pointrally.jp/spot/0178/');
INSERT INTO "spot_uris" VALUES(178,'https://gogobousou-pointrally.jp/spot/0179/');
INSERT INTO "spot_uris" VALUES(179,'https://gogobousou-pointrally.jp/spot/0180/');
INSERT INTO "spot_uris" VALUES(180,'https://gogobousou-pointrally.jp/spot/0181/');
INSERT INTO "spot_uris" VALUES(181,'https://gogobousou-pointrally.jp/spot/0182/');
INSERT INTO "spot_uris" VALUES(182,'https://gogobousou-pointrally.jp/spot/0183/');
INSERT INTO "spot_uris" VALUES(183,'https://gogobousou-pointrally.jp/spot/0184/');
INSERT INTO "spot_uris" VALUES(184,'https://gogobousou-pointrally.jp/spot/0185/');
INSERT INTO "spot_uris" VALUES(185,'https://gogobousou-pointrally.jp/spot/0186/');
INSERT INTO "spot_uris" VALUES(186,'https://gogobousou-pointrally.jp/spot/0187/');
INSERT INTO "spot_uris" VALUES(187,'https://gogobousou-pointrally.jp/spot/0188/');
INSERT INTO "spot_uris" VALUES(188,'https://gogobousou-pointrally.jp/spot/0189/');
INSERT INTO "spot_uris" VALUES(189,'https://gogobousou-pointrally.jp/spot/0190/');
INSERT INTO "spot_uris" VALUES(190,'https://gogobousou-pointrally.jp/spot/0191/');
INSERT INTO "spot_uris" VALUES(191,'https://gogobousou-pointrally.jp/spot/0192/');
INSERT INTO "spot_uris" VALUES(192,'https://gogobousou-pointrally.jp/spot/0193/');
INSERT INTO "spot_uris" VALUES(193,'https://gogobousou-pointrally.jp/spot/0194/');
INSERT INTO "spot_uris" VALUES(194,'https://gogobousou-pointrally.jp/spot/0195/');
INSERT INTO "spot_uris" VALUES(195,'https://gogobousou-pointrally.jp/spot/0196/');
INSERT INTO "spot_uris" VALUES(196,'https://gogobousou-pointrally.jp/spot/0197/');
INSERT INTO "spot_uris" VALUES(197,'https://gogobousou-pointrally.jp/spot/0198/');
INSERT INTO "spot_uris" VALUES(198,'https://gogobousou-pointrally.jp/spot/0199/');
INSERT INTO "spot_uris" VALUES(199,'https://gogobousou-pointrally.jp/spot/0200/');
INSERT INTO "spot_uris" VALUES(200,'https://gogobousou-pointrally.jp/spot/0201/');
INSERT INTO "spot_uris" VALUES(201,'https://gogobousou-pointrally.jp/spot/0202/');
INSERT INTO "spot_uris" VALUES(202,'https://gogobousou-pointrally.jp/spot/0203/');
INSERT INTO "spot_uris" VALUES(203,'https://gogobousou-pointrally.jp/spot/0204/');
INSERT INTO "spot_uris" VALUES(204,'https://gogobousou-pointrally.jp/spot/0205/');
INSERT INTO "spot_uris" VALUES(205,'https://gogobousou-pointrally.jp/spot/0206/');
INSERT INTO "spot_uris" VALUES(206,'https://gogobousou-pointrally.jp/spot/0207/');
INSERT INTO "spot_uris" VALUES(207,'https://gogobousou-pointrally.jp/spot/0208/');
INSERT INTO "spot_uris" VALUES(208,'https://gogobousou-pointrally.jp/spot/0209/');
INSERT INTO "spot_uris" VALUES(209,'https://gogobousou-pointrally.jp/spot/0210/');
INSERT INTO "spot_uris" VALUES(210,'https://gogobousou-pointrally.jp/spot/0211/');
INSERT INTO "spot_uris" VALUES(211,'https://gogobousou-pointrally.jp/spot/0212/');
INSERT INTO "spot_uris" VALUES(212,'https://gogobousou-pointrally.jp/spot/0213/');
INSERT INTO "spot_uris" VALUES(213,'https://gogobousou-pointrally.jp/spot/0214/');
INSERT INTO "spot_uris" VALUES(214,'https://gogobousou-pointrally.jp/spot/0215/');
INSERT INTO "spot_uris" VALUES(215,'https://gogobousou-pointrally.jp/spot/0216/');
INSERT INTO "spot_uris" VALUES(216,'https://gogobousou-pointrally.jp/spot/0217/');
INSERT INTO "spot_uris" VALUES(217,'https://gogobousou-pointrally.jp/spot/0218/');
INSERT INTO "spot_uris" VALUES(218,'https://gogobousou-pointrally.jp/spot/0219/');
INSERT INTO "spot_uris" VALUES(219,'https://gogobousou-pointrally.jp/spot/0220/');
INSERT INTO "spot_uris" VALUES(220,'https://gogobousou-pointrally.jp/spot/0221/');
INSERT INTO "spot_uris" VALUES(221,'https://gogobousou-pointrally.jp/spot/0222/');
INSERT INTO "spot_uris" VALUES(222,'https://gogobousou-pointrally.jp/spot/0223/');
INSERT INTO "spot_uris" VALUES(223,'https://gogobousou-pointrally.jp/spot/0224/');
INSERT INTO "spot_uris" VALUES(224,'https://gogobousou-pointrally.jp/spot/0225/');
INSERT INTO "spot_uris" VALUES(225,'https://gogobousou-pointrally.jp/spot/0226/');
INSERT INTO "spot_uris" VALUES(226,'https://gogobousou-pointrally.jp/spot/0227/');
INSERT INTO "spot_uris" VALUES(227,'https://gogobousou-pointrally.jp/spot/0228/');
INSERT INTO "spot_uris" VALUES(228,'https://gogobousou-pointrally.jp/spot/0229/');
INSERT INTO "spot_uris" VALUES(229,'https://gogobousou-pointrally.jp/spot/0230/');
INSERT INTO "spot_uris" VALUES(230,'https://gogobousou-pointrally.jp/spot/0231/');
INSERT INTO "spot_uris" VALUES(231,'https://gogobousou-pointrally.jp/spot/0232/');
INSERT INTO "spot_uris" VALUES(232,'https://gogobousou-pointrally.jp/spot/0233/');
INSERT INTO "spot_uris" VALUES(233,'https://gogobousou-pointrally.jp/spot/0234/');
INSERT INTO "spot_uris" VALUES(234,'https://gogobousou-pointrally.jp/spot/0235/');
INSERT INTO "spot_uris" VALUES(235,'https://gogobousou-pointrally.jp/spot/0236/');
INSERT INTO "spot_uris" VALUES(236,'https://gogobousou-pointrally.jp/spot/0237/');
INSERT INTO "spot_uris" VALUES(237,'https://gogobousou-pointrally.jp/spot/0238/');
INSERT INTO "spot_uris" VALUES(238,'https://gogobousou-pointrally.jp/spot/0239/');
INSERT INTO "spot_uris" VALUES(239,'https://gogobousou-pointrally.jp/spot/0240/');
INSERT INTO "spot_uris" VALUES(240,'https://gogobousou-pointrally.jp/spot/0241/');
INSERT INTO "spot_uris" VALUES(241,'https://gogobousou-pointrally.jp/spot/0242/');
INSERT INTO "spot_uris" VALUES(242,'https://gogobousou-pointrally.jp/spot/0243/');
INSERT INTO "spot_uris" VALUES(243,'https://gogobousou-pointrally.jp/spot/0244/');
INSERT INTO "spot_uris" VALUES(244,'https://gogobousou-pointrally.jp/spot/0245/');
INSERT INTO "spot_uris" VALUES(245,'https://gogobousou-pointrally.jp/spot/0246/');
INSERT INTO "spot_uris" VALUES(246,'https://gogobousou-pointrally.jp/spot/0247/');
INSERT INTO "spot_uris" VALUES(247,'https://gogobousou-pointrally.jp/spot/0248/');
INSERT INTO "spot_uris" VALUES(248,'https://gogobousou-pointrally.jp/spot/0249/');
INSERT INTO "spot_uris" VALUES(249,'https://gogobousou-pointrally.jp/spot/0250/');
INSERT INTO "spot_uris" VALUES(250,'https://gogobousou-pointrally.jp/spot/0251/');
INSERT INTO "spot_uris" VALUES(251,'https://gogobousou-pointrally.jp/spot/0252/');
INSERT INTO "spot_uris" VALUES(252,'https://gogobousou-pointrally.jp/spot/0253/');
INSERT INTO "spot_uris" VALUES(253,'https://gogobousou-pointrally.jp/spot/0254/');
INSERT INTO "spot_uris" VALUES(254,'https://gogobousou-pointrally.jp/spot/0255/');
INSERT INTO "spot_uris" VALUES(255,'https://gogobousou-pointrally.jp/spot/0256/');
INSERT INTO "spot_uris" VALUES(256,'https://gogobousou-pointrally.jp/spot/0257/');
INSERT INTO "spot_uris" VALUES(257,'https://gogobousou-pointrally.jp/spot/0258/');
INSERT INTO "spot_uris" VALUES(258,'https://gogobousou-pointrally.jp/spot/0259/');
INSERT INTO "spot_uris" VALUES(259,'https://gogobousou-pointrally.jp/spot/0260/');
INSERT INTO "spot_uris" VALUES(260,'https://gogobousou-pointrally.jp/spot/0261/');
INSERT INTO "spot_uris" VALUES(261,'https://gogobousou-pointrally.jp/spot/0262/');
INSERT INTO "spot_uris" VALUES(262,'https://gogobousou-pointrally.jp/spot/0263/');
INSERT INTO "spot_uris" VALUES(263,'https://gogobousou-pointrally.jp/spot/0264/');
INSERT INTO "spot_uris" VALUES(264,'https://gogobousou-pointrally.jp/spot/0265/');
INSERT INTO "spot_uris" VALUES(265,'https://gogobousou-pointrally.jp/spot/0266/');
INSERT INTO "spot_uris" VALUES(266,'https://gogobousou-pointrally.jp/spot/0267/');
INSERT INTO "spot_uris" VALUES(267,'https://gogobousou-pointrally.jp/spot/0268/');
INSERT INTO "spot_uris" VALUES(268,'https://gogobousou-pointrally.jp/spot/0269/');
INSERT INTO "spot_uris" VALUES(269,'https://gogobousou-pointrally.jp/spot/0270/');
INSERT INTO "spot_uris" VALUES(270,'https://gogobousou-pointrally.jp/spot/0271/');
INSERT INTO "spot_uris" VALUES(271,'https://gogobousou-pointrally.jp/spot/0272/');
INSERT INTO "spot_uris" VALUES(272,'https://gogobousou-pointrally.jp/spot/0273/');
INSERT INTO "spot_uris" VALUES(273,'https://gogobousou-pointrally.jp/spot/0274/');
INSERT INTO "spot_uris" VALUES(274,'https://gogobousou-pointrally.jp/spot/0275/');
INSERT INTO "spot_uris" VALUES(275,'https://gogobousou-pointrally.jp/spot/0276/');
INSERT INTO "spot_uris" VALUES(276,'https://gogobousou-pointrally.jp/spot/0277/');
INSERT INTO "spot_uris" VALUES(277,'https://gogobousou-pointrally.jp/spot/0278/');
INSERT INTO "spot_uris" VALUES(278,'https://gogobousou-pointrally.jp/spot/0279/');
INSERT INTO "spot_uris" VALUES(279,'https://gogobousou-pointrally.jp/spot/0280/');
INSERT INTO "spot_uris" VALUES(280,'https://gogobousou-pointrally.jp/spot/0281/');
INSERT INTO "spot_uris" VALUES(281,'https://gogobousou-pointrally.jp/spot/0282/');
INSERT INTO "spot_uris" VALUES(282,'https://gogobousou-pointrally.jp/spot/0283/');
INSERT INTO "spot_uris" VALUES(283,'https://gogobousou-pointrally.jp/spot/0284/');
INSERT INTO "spot_uris" VALUES(284,'https://gogobousou-pointrally.jp/spot/0285/');
INSERT INTO "spot_uris" VALUES(285,'https://gogobousou-pointrally.jp/spot/0286/');
INSERT INTO "spot_uris" VALUES(286,'https://gogobousou-pointrally.jp/spot/0287/');
INSERT INTO "spot_uris" VALUES(287,'https://gogobousou-pointrally.jp/spot/0288/');
INSERT INTO "spot_uris" VALUES(288,'https://gogobousou-pointrally.jp/spot/0289/');
INSERT INTO "spot_uris" VALUES(289,'https://gogobousou-pointrally.jp/spot/0290/');
INSERT INTO "spot_uris" VALUES(290,'https://gogobousou-pointrally.jp/spot/0291/');
INSERT INTO "spot_uris" VALUES(291,'https://gogobousou-pointrally.jp/spot/0292/');
INSERT INTO "spot_uris" VALUES(292,'https://gogobousou-pointrally.jp/spot/0293/');
INSERT INTO "spot_uris" VALUES(293,'https://gogobousou-pointrally.jp/spot/0294/');
INSERT INTO "spot_uris" VALUES(294,'https://gogobousou-pointrally.jp/spot/0295/');
INSERT INTO "spot_uris" VALUES(295,'https://gogobousou-pointrally.jp/spot/0296/');
INSERT INTO "spot_uris" VALUES(296,'https://gogobousou-pointrally.jp/spot/0297/');
INSERT INTO "spot_uris" VALUES(297,'https://gogobousou-pointrally.jp/spot/0298/');
INSERT INTO "spot_uris" VALUES(298,'https://gogobousou-pointrally.jp/spot/0299/');
INSERT INTO "spot_uris" VALUES(299,'https://gogobousou-pointrally.jp/spot/0300/');
INSERT INTO "spot_uris" VALUES(300,'https://gogobousou-pointrally.jp/spot/0301/');
INSERT INTO "spot_uris" VALUES(301,'https://gogobousou-pointrally.jp/spot/0302/');
INSERT INTO "spot_uris" VALUES(302,'https://gogobousou-pointrally.jp/spot/0303/');
INSERT INTO "spot_uris" VALUES(303,'https://gogobousou-pointrally.jp/spot/0304/');
INSERT INTO "spot_uris" VALUES(304,'https://gogobousou-pointrally.jp/spot/0305/');
INSERT INTO "spot_uris" VALUES(305,'https://gogobousou-pointrally.jp/spot/0306/');
INSERT INTO "spot_uris" VALUES(306,'https://gogobousou-pointrally.jp/spot/0307/');
INSERT INTO "spot_uris" VALUES(307,'https://gogobousou-pointrally.jp/spot/0308/');
INSERT INTO "spot_uris" VALUES(308,'https://gogobousou-pointrally.jp/spot/0309/');
INSERT INTO "spot_uris" VALUES(309,'https://gogobousou-pointrally.jp/spot/0310/');
INSERT INTO "spot_uris" VALUES(310,'https://gogobousou-pointrally.jp/spot/0311/');
INSERT INTO "spot_uris" VALUES(311,'https://gogobousou-pointrally.jp/spot/0312/');
INSERT INTO "spot_uris" VALUES(312,'https://gogobousou-pointrally.jp/spot/0313/');
INSERT INTO "spot_uris" VALUES(313,'https://gogobousou-pointrally.jp/spot/0314/');
INSERT INTO "spot_uris" VALUES(314,'https://gogobousou-pointrally.jp/spot/0315/');
INSERT INTO "spot_uris" VALUES(315,'https://gogobousou-pointrally.jp/spot/0316/');
INSERT INTO "spot_uris" VALUES(316,'https://gogobousou-pointrally.jp/spot/0317/');
INSERT INTO "spot_uris" VALUES(317,'https://gogobousou-pointrally.jp/spot/0318/');
INSERT INTO "spot_uris" VALUES(318,'https://gogobousou-pointrally.jp/spot/0319/');
INSERT INTO "spot_uris" VALUES(319,'https://gogobousou-pointrally.jp/spot/0320/');
INSERT INTO "spot_uris" VALUES(320,'https://gogobousou-pointrally.jp/spot/0321/');
INSERT INTO "spot_uris" VALUES(321,'https://gogobousou-pointrally.jp/spot/0322/');
INSERT INTO "spot_uris" VALUES(322,'https://gogobousou-pointrally.jp/spot/0323/');
INSERT INTO "spot_uris" VALUES(323,'https://gogobousou-pointrally.jp/spot/0324/');
INSERT INTO "spot_uris" VALUES(324,'https://gogobousou-pointrally.jp/spot/0325/');
INSERT INTO "spot_uris" VALUES(325,'https://gogobousou-pointrally.jp/spot/0326/');
INSERT INTO "spot_uris" VALUES(326,'https://gogobousou-pointrally.jp/spot/0327/');
INSERT INTO "spot_uris" VALUES(327,'https://gogobousou-pointrally.jp/spot/0328/');
INSERT INTO "spot_uris" VALUES(328,'https://gogobousou-pointrally.jp/spot/0329/');
INSERT INTO "spot_uris" VALUES(329,'https://gogobousou-pointrally.jp/spot/0330/');
INSERT INTO "spot_uris" VALUES(330,'https://gogobousou-pointrally.jp/spot/0331/');
INSERT INTO "spot_uris" VALUES(331,'https://gogobousou-pointrally.jp/spot/0332/');
INSERT INTO "spot_uris" VALUES(332,'https://gogobousou-pointrally.jp/spot/0333/');
INSERT INTO "spot_uris" VALUES(333,'https://gogobousou-pointrally.jp/spot/0334/');
INSERT INTO "spot_uris" VALUES(334,'https://gogobousou-pointrally.jp/spot/0335/');
INSERT INTO "spot_uris" VALUES(335,'https://gogobousou-pointrally.jp/spot/0336/');
INSERT INTO "spot_uris" VALUES(336,'https://gogobousou-pointrally.jp/spot/0337/');
INSERT INTO "spot_uris" VALUES(337,'https://gogobousou-pointrally.jp/spot/0338/');
INSERT INTO "spot_uris" VALUES(338,'https://gogobousou-pointrally.jp/spot/0339/');
INSERT INTO "spot_uris" VALUES(339,'https://gogobousou-pointrally.jp/spot/0340/');
INSERT INTO "spot_uris" VALUES(340,'https://gogobousou-pointrally.jp/spot/0341/');
INSERT INTO "spot_uris" VALUES(341,'https://gogobousou-pointrally.jp/spot/0342/');
INSERT INTO "spot_uris" VALUES(342,'https://gogobousou-pointrally.jp/spot/0343/');
INSERT INTO "spot_uris" VALUES(343,'https://gogobousou-pointrally.jp/spot/0344/');
INSERT INTO "spot_uris" VALUES(344,'https://gogobousou-pointrally.jp/spot/0345/');
INSERT INTO "spot_uris" VALUES(345,'https://gogobousou-pointrally.jp/spot/0346/');
INSERT INTO "spot_uris" VALUES(346,'https://gogobousou-pointrally.jp/spot/0347/');
INSERT INTO "spot_uris" VALUES(347,'https://gogobousou-pointrally.jp/spot/0348/');
INSERT INTO "spot_uris" VALUES(348,'https://gogobousou-pointrally.jp/spot/0349/');
INSERT INTO "spot_uris" VALUES(349,'https://gogobousou-pointrally.jp/spot/0350/');
INSERT INTO "spot_uris" VALUES(350,'https://gogobousou-pointrally.jp/spot/0351/');
INSERT INTO "spot_uris" VALUES(351,'https://gogobousou-pointrally.jp/spot/0352/');
INSERT INTO "spot_uris" VALUES(352,'https://gogobousou-pointrally.jp/spot/0353/');
INSERT INTO "spot_uris" VALUES(353,'https://gogobousou-pointrally.jp/spot/0354/');
INSERT INTO "spot_uris" VALUES(354,'https://gogobousou-pointrally.jp/spot/0355/');
INSERT INTO "spot_uris" VALUES(355,'https://gogobousou-pointrally.jp/spot/0356/');
INSERT INTO "spot_uris" VALUES(356,'https://gogobousou-pointrally.jp/spot/0358/');
INSERT INTO "spot_uris" VALUES(357,'https://gogobousou-pointrally.jp/spot/0359/');
INSERT INTO "spot_uris" VALUES(358,'https://gogobousou-pointrally.jp/spot/0360/');
INSERT INTO "spot_uris" VALUES(359,'https://gogobousou-pointrally.jp/spot/0361/');
INSERT INTO "spot_uris" VALUES(360,'https://gogobousou-pointrally.jp/spot/0362/');
INSERT INTO "spot_uris" VALUES(361,'https://gogobousou-pointrally.jp/spot/0363/');
INSERT INTO "spot_uris" VALUES(362,'https://gogobousou-pointrally.jp/spot/0364/');
INSERT INTO "spot_uris" VALUES(363,'https://gogobousou-pointrally.jp/spot/0365/');
INSERT INTO "spot_uris" VALUES(364,'https://gogobousou-pointrally.jp/spot/0366/');
INSERT INTO "spot_uris" VALUES(365,'https://gogobousou-pointrally.jp/spot/0367/');
INSERT INTO "spot_uris" VALUES(366,'https://gogobousou-pointrally.jp/spot/0368/');
INSERT INTO "spot_uris" VALUES(367,'https://gogobousou-pointrally.jp/spot/0369/');
INSERT INTO "spot_uris" VALUES(368,'https://gogobousou-pointrally.jp/spot/0370/');
INSERT INTO "spot_uris" VALUES(369,'https://gogobousou-pointrally.jp/spot/0371/');
INSERT INTO "spot_uris" VALUES(370,'https://gogobousou-pointrally.jp/spot/0372/');
INSERT INTO "spot_uris" VALUES(371,'https://gogobousou-pointrally.jp/spot/0373/');
INSERT INTO "spot_uris" VALUES(372,'https://gogobousou-pointrally.jp/spot/0374/');
INSERT INTO "spot_uris" VALUES(373,'https://gogobousou-pointrally.jp/spot/0375/');
INSERT INTO "spot_uris" VALUES(374,'https://gogobousou-pointrally.jp/spot/0376/');
INSERT INTO "spot_uris" VALUES(375,'https://gogobousou-pointrally.jp/spot/0377/');
INSERT INTO "spot_uris" VALUES(376,'https://gogobousou-pointrally.jp/spot/0378/');
INSERT INTO "spot_uris" VALUES(377,'https://gogobousou-pointrally.jp/spot/0379/');
INSERT INTO "spot_uris" VALUES(378,'https://gogobousou-pointrally.jp/spot/0380/');
INSERT INTO "spot_uris" VALUES(379,'https://gogobousou-pointrally.jp/spot/0381/');
INSERT INTO "spot_uris" VALUES(380,'https://gogobousou-pointrally.jp/spot/0382/');
INSERT INTO "spot_uris" VALUES(381,'https://gogobousou-pointrally.jp/spot/0383/');
INSERT INTO "spot_uris" VALUES(382,'https://gogobousou-pointrally.jp/spot/0384/');
INSERT INTO "spot_uris" VALUES(383,'https://gogobousou-pointrally.jp/spot/0385/');
INSERT INTO "spot_uris" VALUES(384,'https://gogobousou-pointrally.jp/spot/0386/');
INSERT INTO "spot_uris" VALUES(385,'https://gogobousou-pointrally.jp/spot/0387/');
INSERT INTO "spot_uris" VALUES(386,'https://gogobousou-pointrally.jp/spot/0388/');
INSERT INTO "spot_uris" VALUES(387,'https://gogobousou-pointrally.jp/spot/0389/');
INSERT INTO "spot_uris" VALUES(388,'https://gogobousou-pointrally.jp/spot/0390/');
INSERT INTO "spot_uris" VALUES(389,'https://gogobousou-pointrally.jp/spot/0391/');
INSERT INTO "spot_uris" VALUES(390,'https://gogobousou-pointrally.jp/spot/0393/');
INSERT INTO "spot_uris" VALUES(391,'https://gogobousou-pointrally.jp/spot/0394/');
INSERT INTO "spot_uris" VALUES(392,'https://gogobousou-pointrally.jp/spot/0395/');
INSERT INTO "spot_uris" VALUES(393,'https://gogobousou-pointrally.jp/spot/0396/');
INSERT INTO "spot_uris" VALUES(394,'https://gogobousou-pointrally.jp/spot/0397/');
INSERT INTO "spot_uris" VALUES(395,'https://gogobousou-pointrally.jp/spot/0398/');
INSERT INTO "spot_uris" VALUES(396,'https://gogobousou-pointrally.jp/spot/0399/');
INSERT INTO "spot_uris" VALUES(397,'https://gogobousou-pointrally.jp/spot/0400/');
INSERT INTO "spot_uris" VALUES(398,'https://gogobousou-pointrally.jp/spot/0401/');
INSERT INTO "spot_uris" VALUES(399,'https://gogobousou-pointrally.jp/spot/0402/');
INSERT INTO "spot_uris" VALUES(400,'https://gogobousou-pointrally.jp/spot/0403/');
INSERT INTO "spot_uris" VALUES(401,'https://gogobousou-pointrally.jp/spot/0404/');
INSERT INTO "spot_uris" VALUES(402,'https://gogobousou-pointrally.jp/spot/0406/');
INSERT INTO "spot_uris" VALUES(403,'https://gogobousou-pointrally.jp/spot/0407/');
INSERT INTO "spot_uris" VALUES(404,'https://gogobousou-pointrally.jp/spot/0408/');
INSERT INTO "spot_uris" VALUES(405,'https://gogobousou-pointrally.jp/spot/0409/');
INSERT INTO "spot_uris" VALUES(406,'https://gogobousou-pointrally.jp/spot/0410/');
INSERT INTO "spot_uris" VALUES(407,'https://gogobousou-pointrally.jp/spot/0411/');
INSERT INTO "spot_uris" VALUES(408,'https://gogobousou-pointrally.jp/spot/0412/');
INSERT INTO "spot_uris" VALUES(409,'https://gogobousou-pointrally.jp/spot/0413/');
INSERT INTO "spot_uris" VALUES(410,'https://gogobousou-pointrally.jp/spot/0414/');
INSERT INTO "spot_uris" VALUES(411,'https://gogobousou-pointrally.jp/spot/0415/');
INSERT INTO "spot_uris" VALUES(412,'https://gogobousou-pointrally.jp/spot/0416/');
INSERT INTO "spot_uris" VALUES(413,'https://gogobousou-pointrally.jp/spot/0417/');
INSERT INTO "spot_uris" VALUES(414,'https://gogobousou-pointrally.jp/spot/0418/');
INSERT INTO "spot_uris" VALUES(415,'https://gogobousou-pointrally.jp/spot/0419/');
INSERT INTO "spot_uris" VALUES(416,'https://gogobousou-pointrally.jp/spot/0420/');
INSERT INTO "spot_uris" VALUES(417,'https://gogobousou-pointrally.jp/spot/0421/');
INSERT INTO "spot_uris" VALUES(418,'https://gogobousou-pointrally.jp/spot/0422/');
INSERT INTO "spot_uris" VALUES(419,'https://gogobousou-pointrally.jp/spot/0423/');
INSERT INTO "spot_uris" VALUES(420,'https://gogobousou-pointrally.jp/spot/0424/');
INSERT INTO "spot_uris" VALUES(421,'https://gogobousou-pointrally.jp/spot/0425/');
INSERT INTO "spot_uris" VALUES(422,'https://gogobousou-pointrally.jp/spot/0426/');
INSERT INTO "spot_uris" VALUES(423,'https://gogobousou-pointrally.jp/spot/0427/');
INSERT INTO "spot_uris" VALUES(424,'https://gogobousou-pointrally.jp/spot/0428/');
INSERT INTO "spot_uris" VALUES(425,'https://gogobousou-pointrally.jp/spot/0429/');
INSERT INTO "spot_uris" VALUES(426,'https://gogobousou-pointrally.jp/spot/0430/');
INSERT INTO "spot_uris" VALUES(427,'https://gogobousou-pointrally.jp/spot/0431/');
INSERT INTO "spot_uris" VALUES(428,'https://gogobousou-pointrally.jp/spot/0432/');
INSERT INTO "spot_uris" VALUES(429,'https://gogobousou-pointrally.jp/spot/0433/');
INSERT INTO "spot_uris" VALUES(430,'https://gogobousou-pointrally.jp/spot/0434/');
INSERT INTO "spot_uris" VALUES(431,'https://gogobousou-pointrally.jp/spot/0435/');
INSERT INTO "spot_uris" VALUES(432,'https://gogobousou-pointrally.jp/spot/0436/');
INSERT INTO "spot_uris" VALUES(433,'https://gogobousou-pointrally.jp/spot/0438/');
INSERT INTO "spot_uris" VALUES(434,'https://gogobousou-pointrally.jp/spot/0439/');
INSERT INTO "spot_uris" VALUES(435,'https://gogobousou-pointrally.jp/spot/0440/');
INSERT INTO "spot_uris" VALUES(436,'https://gogobousou-pointrally.jp/spot/0441/');
INSERT INTO "spot_uris" VALUES(437,'https://gogobousou-pointrally.jp/spot/0442/');
INSERT INTO "spot_uris" VALUES(438,'https://gogobousou-pointrally.jp/spot/0443/');
INSERT INTO "spot_uris" VALUES(439,'https://gogobousou-pointrally.jp/spot/0444/');
INSERT INTO "spot_uris" VALUES(440,'https://gogobousou-pointrally.jp/spot/0445/');
INSERT INTO "spot_uris" VALUES(441,'https://gogobousou-pointrally.jp/spot/0446/');
INSERT INTO "spot_uris" VALUES(442,'https://gogobousou-pointrally.jp/spot/0447/');
INSERT INTO "spot_uris" VALUES(443,'https://gogobousou-pointrally.jp/spot/0448/');
INSERT INTO "spot_uris" VALUES(444,'https://gogobousou-pointrally.jp/spot/0449/');
INSERT INTO "spot_uris" VALUES(445,'https://gogobousou-pointrally.jp/spot/0450/');
INSERT INTO "spot_uris" VALUES(446,'https://gogobousou-pointrally.jp/spot/0451/');
INSERT INTO "spot_uris" VALUES(447,'https://gogobousou-pointrally.jp/spot/0452/');
INSERT INTO "spot_uris" VALUES(448,'https://gogobousou-pointrally.jp/spot/0453/');
INSERT INTO "spot_uris" VALUES(449,'https://gogobousou-pointrally.jp/spot/0454/');
INSERT INTO "spot_uris" VALUES(450,'https://gogobousou-pointrally.jp/spot/0455/');
INSERT INTO "spot_uris" VALUES(451,'https://gogobousou-pointrally.jp/spot/0456/');
INSERT INTO "spot_uris" VALUES(452,'https://gogobousou-pointrally.jp/spot/0457/');
INSERT INTO "spot_uris" VALUES(453,'https://gogobousou-pointrally.jp/spot/0458/');
INSERT INTO "spot_uris" VALUES(454,'https://gogobousou-pointrally.jp/spot/0459/');
INSERT INTO "spot_uris" VALUES(455,'https://gogobousou-pointrally.jp/spot/0460/');
INSERT INTO "spot_uris" VALUES(456,'https://gogobousou-pointrally.jp/spot/0461/');
INSERT INTO "spot_uris" VALUES(457,'https://gogobousou-pointrally.jp/spot/0462/');
INSERT INTO "spot_uris" VALUES(458,'https://gogobousou-pointrally.jp/spot/0463/');
INSERT INTO "spot_uris" VALUES(459,'https://gogobousou-pointrally.jp/spot/0464/');
INSERT INTO "spot_uris" VALUES(460,'https://gogobousou-pointrally.jp/spot/0465/');
INSERT INTO "spot_uris" VALUES(461,'https://gogobousou-pointrally.jp/spot/0466/');
INSERT INTO "spot_uris" VALUES(462,'https://gogobousou-pointrally.jp/spot/0467/');
INSERT INTO "spot_uris" VALUES(463,'https://gogobousou-pointrally.jp/spot/0468/');
INSERT INTO "spot_uris" VALUES(464,'https://gogobousou-pointrally.jp/spot/0469/');
INSERT INTO "spot_uris" VALUES(465,'https://gogobousou-pointrally.jp/spot/0470/');
INSERT INTO "spot_uris" VALUES(466,'https://gogobousou-pointrally.jp/spot/0471/');
INSERT INTO "spot_uris" VALUES(467,'https://gogobousou-pointrally.jp/spot/0472/');
INSERT INTO "spot_uris" VALUES(468,'https://gogobousou-pointrally.jp/spot/0473/');
INSERT INTO "spot_uris" VALUES(469,'https://gogobousou-pointrally.jp/spot/0474/');
INSERT INTO "spot_uris" VALUES(470,'https://gogobousou-pointrally.jp/spot/0475/');
INSERT INTO "spot_uris" VALUES(471,'https://gogobousou-pointrally.jp/spot/0476/');
INSERT INTO "spot_uris" VALUES(472,'https://gogobousou-pointrally.jp/spot/0477/');
INSERT INTO "spot_uris" VALUES(473,'https://gogobousou-pointrally.jp/spot/0478/');
INSERT INTO "spot_uris" VALUES(474,'https://gogobousou-pointrally.jp/spot/0480/');
INSERT INTO "spot_uris" VALUES(475,'https://gogobousou-pointrally.jp/spot/495/');
INSERT INTO "spot_uris" VALUES(476,'https://gogobousou-pointrally.jp/spot/館山ジビエセンター/');
INSERT INTO "spot_uris" VALUES(477,'https://gogobousou-pointrally.jp/spot/飯縄寺/');
INSERT INTO "spot_uris" VALUES(478,'https://gogobousou-pointrally.jp/spot/藻原寺/');
INSERT INTO "spot_uris" VALUES(479,'https://gogobousou-pointrally.jp/spot/千葉工業大学通用門（旧陸軍鉄道第二聯隊表門）/');
INSERT INTO "spot_uris" VALUES(480,'https://gogobousou-pointrally.jp/spot/ドイツ捕虜オーケストラの碑/');
INSERT INTO "spot_uris" VALUES(481,'https://gogobousou-pointrally.jp/spot/山縣飛行士殉空之地碑/');
INSERT INTO "spot_uris" VALUES(482,'https://gogobousou-pointrally.jp/spot/鈴木大地記念碑/');
INSERT INTO "spot_uris" VALUES(483,'https://gogobousou-pointrally.jp/spot/有森裕子記念碑/');
INSERT INTO "spot_uris" VALUES(484,'https://gogobousou-pointrally.jp/spot/旧大沢家住宅/');
INSERT INTO "spot_uris" VALUES(485,'https://gogobousou-pointrally.jp/spot/旧鴇田家住宅/');
INSERT INTO "spot_uris" VALUES(486,'https://gogobousou-pointrally.jp/spot/茜浜緑地（関東富士見百景）/');
INSERT INTO "spot_uris" VALUES(487,'https://gogobousou-pointrally.jp/spot/海老川橋（船橋地名発祥の地）/');
INSERT INTO "spot_uris" VALUES(488,'https://gogobousou-pointrally.jp/spot/下総国-柏鎮守-諏訪神社/');
COMMIT;
