BEGIN TRANSACTION;
CREATE TABLE area_names
(
    area_id INTEGER PRIMARY KEY,
    area_name TEXT UNIQUE NOT NULL
);
INSERT INTO "area_names" VALUES(121002,'千葉市');
INSERT INTO "area_names" VALUES(121011,'中央区');
INSERT INTO "area_names" VALUES(121029,'花見川区');
INSERT INTO "area_names" VALUES(121037,'稲毛区');
INSERT INTO "area_names" VALUES(121045,'若葉区');
INSERT INTO "area_names" VALUES(121053,'緑区');
INSERT INTO "area_names" VALUES(121061,'美浜区');
INSERT INTO "area_names" VALUES(122025,'銚子市');
INSERT INTO "area_names" VALUES(122033,'市川市');
INSERT INTO "area_names" VALUES(122041,'船橋市');
INSERT INTO "area_names" VALUES(122050,'館山市');
INSERT INTO "area_names" VALUES(122068,'木更津市');
INSERT INTO "area_names" VALUES(122076,'松戸市');
INSERT INTO "area_names" VALUES(122084,'野田市');
INSERT INTO "area_names" VALUES(122106,'茂原市');
INSERT INTO "area_names" VALUES(122114,'成田市');
INSERT INTO "area_names" VALUES(122122,'佐倉市');
INSERT INTO "area_names" VALUES(122131,'東金市');
INSERT INTO "area_names" VALUES(122157,'旭市');
INSERT INTO "area_names" VALUES(122165,'習志野市');
INSERT INTO "area_names" VALUES(122173,'柏市');
INSERT INTO "area_names" VALUES(122181,'勝浦市');
INSERT INTO "area_names" VALUES(122190,'市原市');
INSERT INTO "area_names" VALUES(122203,'流山市');
INSERT INTO "area_names" VALUES(122211,'八千代市');
INSERT INTO "area_names" VALUES(122220,'我孫子市');
INSERT INTO "area_names" VALUES(122238,'鴨川市');
INSERT INTO "area_names" VALUES(122246,'鎌ケ谷市');
INSERT INTO "area_names" VALUES(122254,'君津市');
INSERT INTO "area_names" VALUES(122262,'富津市');
INSERT INTO "area_names" VALUES(122271,'浦安市');
INSERT INTO "area_names" VALUES(122289,'四街道市');
INSERT INTO "area_names" VALUES(122297,'袖ケ浦市');
INSERT INTO "area_names" VALUES(122301,'八街市');
INSERT INTO "area_names" VALUES(122319,'印西市');
INSERT INTO "area_names" VALUES(122327,'白井市');
INSERT INTO "area_names" VALUES(122335,'富里市');
INSERT INTO "area_names" VALUES(122343,'南房総市');
INSERT INTO "area_names" VALUES(122351,'匝瑳市');
INSERT INTO "area_names" VALUES(122360,'香取市');
INSERT INTO "area_names" VALUES(122378,'山武市');
INSERT INTO "area_names" VALUES(122386,'いすみ市');
INSERT INTO "area_names" VALUES(122394,'大網白里市');
INSERT INTO "area_names" VALUES(123226,'酒々井町');
INSERT INTO "area_names" VALUES(123293,'栄町');
INSERT INTO "area_names" VALUES(123421,'神崎町');
INSERT INTO "area_names" VALUES(123471,'多古町');
INSERT INTO "area_names" VALUES(123498,'東庄町');
INSERT INTO "area_names" VALUES(124036,'九十九里町');
INSERT INTO "area_names" VALUES(124095,'芝山町');
INSERT INTO "area_names" VALUES(124109,'横芝光町');
INSERT INTO "area_names" VALUES(124214,'一宮町');
INSERT INTO "area_names" VALUES(124222,'睦沢町');
INSERT INTO "area_names" VALUES(124231,'長生村');
INSERT INTO "area_names" VALUES(124249,'白子町');
INSERT INTO "area_names" VALUES(124265,'長柄町');
INSERT INTO "area_names" VALUES(124273,'長南町');
INSERT INTO "area_names" VALUES(124419,'大多喜町');
INSERT INTO "area_names" VALUES(124435,'御宿町');
INSERT INTO "area_names" VALUES(124630,'鋸南町');
CREATE TABLE category_names
(
    category_id INTEGER PRIMARY KEY,
    category_name TEXT NOT NULL
);
INSERT INTO "category_names" VALUES(19016,'デジタルポイントラリー');
INSERT INTO "category_names" VALUES(19018,'150周年イベント');
INSERT INTO "category_names" VALUES(19025,'観光スポット');
INSERT INTO "category_names" VALUES(19028,'東葛飾エリア');
INSERT INTO "category_names" VALUES(19167,'かずさ・臨海コース①');
INSERT INTO "category_names" VALUES(19168,'かずさ・臨海コース②');
INSERT INTO "category_names" VALUES(19697,'ちば文化資産');
INSERT INTO "category_names" VALUES(19762,'かずさ・臨海コース③');
INSERT INTO "category_names" VALUES(19882,'ベイエリア');
INSERT INTO "category_names" VALUES(19883,'北総エリア');
INSERT INTO "category_names" VALUES(19884,'九十九里エリア');
INSERT INTO "category_names" VALUES(19885,'かずさ・臨海エリア');
INSERT INTO "category_names" VALUES(19886,'南房総エリア');
INSERT INTO "category_names" VALUES(19887,'ちば文化資産コース');
INSERT INTO "category_names" VALUES(20124,'ベイコース①');
INSERT INTO "category_names" VALUES(20125,'ベイコース②');
INSERT INTO "category_names" VALUES(20126,'ベイコース③');
INSERT INTO "category_names" VALUES(20172,'九十九里コース①');
INSERT INTO "category_names" VALUES(20173,'九十九里コース②');
INSERT INTO "category_names" VALUES(20174,'九十九里コース③');
INSERT INTO "category_names" VALUES(20177,'北総コース①');
INSERT INTO "category_names" VALUES(20178,'北総コース②');
INSERT INTO "category_names" VALUES(20180,'北総コース③');
INSERT INTO "category_names" VALUES(20187,'東葛飾コース①');
INSERT INTO "category_names" VALUES(20188,'東葛飾コース②');
INSERT INTO "category_names" VALUES(20189,'南房総コース①');
INSERT INTO "category_names" VALUES(20190,'南房総コース②');
INSERT INTO "category_names" VALUES(20191,'南房総コース③');
INSERT INTO "category_names" VALUES(20192,'北総エリア');
INSERT INTO "category_names" VALUES(20193,'東葛飾エリア');
INSERT INTO "category_names" VALUES(20194,'南房総エリア');
INSERT INTO "category_names" VALUES(20195,'ベイエリア');
INSERT INTO "category_names" VALUES(20196,'九十九里エリア');
INSERT INTO "category_names" VALUES(20197,'かずさ・臨海エリア');
INSERT INTO "category_names" VALUES(20482,'東葛飾コース③');
CREATE TABLE category_spots
(
    category_id INTEGER,
    spot_index INTEGER,
    spot_id INTEGER NOT NULL,
    PRIMARY KEY(category_id, spot_index)
);
INSERT INTO "category_spots" VALUES(19016,0,208515);
INSERT INTO "category_spots" VALUES(19016,1,208524);
INSERT INTO "category_spots" VALUES(19016,2,208523);
INSERT INTO "category_spots" VALUES(19016,3,209287);
INSERT INTO "category_spots" VALUES(19016,4,208522);
INSERT INTO "category_spots" VALUES(19016,5,208510);
INSERT INTO "category_spots" VALUES(19016,6,208646);
INSERT INTO "category_spots" VALUES(19016,7,208503);
INSERT INTO "category_spots" VALUES(19016,8,208504);
INSERT INTO "category_spots" VALUES(19016,9,208611);
INSERT INTO "category_spots" VALUES(19016,10,208512);
INSERT INTO "category_spots" VALUES(19016,11,208507);
INSERT INTO "category_spots" VALUES(19016,12,208508);
INSERT INTO "category_spots" VALUES(19016,13,208505);
INSERT INTO "category_spots" VALUES(19016,14,208513);
INSERT INTO "category_spots" VALUES(19016,15,208518);
INSERT INTO "category_spots" VALUES(19016,16,208484);
INSERT INTO "category_spots" VALUES(19016,17,208516);
INSERT INTO "category_spots" VALUES(19016,18,208519);
INSERT INTO "category_spots" VALUES(19016,19,208520);
INSERT INTO "category_spots" VALUES(19016,20,208514);
INSERT INTO "category_spots" VALUES(19016,21,208528);
INSERT INTO "category_spots" VALUES(19016,22,208517);
INSERT INTO "category_spots" VALUES(19016,23,208511);
INSERT INTO "category_spots" VALUES(19016,24,208482);
INSERT INTO "category_spots" VALUES(19016,25,208485);
INSERT INTO "category_spots" VALUES(19016,26,208648);
INSERT INTO "category_spots" VALUES(19016,27,208506);
INSERT INTO "category_spots" VALUES(19016,28,208545);
INSERT INTO "category_spots" VALUES(19016,29,207142);
INSERT INTO "category_spots" VALUES(19016,30,208488);
INSERT INTO "category_spots" VALUES(19016,31,208530);
INSERT INTO "category_spots" VALUES(19016,32,208521);
INSERT INTO "category_spots" VALUES(19016,33,208526);
INSERT INTO "category_spots" VALUES(19016,34,208549);
INSERT INTO "category_spots" VALUES(19016,35,208546);
INSERT INTO "category_spots" VALUES(19016,36,208489);
INSERT INTO "category_spots" VALUES(19016,37,208552);
INSERT INTO "category_spots" VALUES(19016,38,208532);
INSERT INTO "category_spots" VALUES(19016,39,208486);
INSERT INTO "category_spots" VALUES(19016,40,208624);
INSERT INTO "category_spots" VALUES(19016,41,208550);
INSERT INTO "category_spots" VALUES(19016,42,208548);
INSERT INTO "category_spots" VALUES(19016,43,209292);
INSERT INTO "category_spots" VALUES(19016,44,208509);
INSERT INTO "category_spots" VALUES(19016,45,208483);
INSERT INTO "category_spots" VALUES(19016,46,208551);
INSERT INTO "category_spots" VALUES(19016,47,208487);
INSERT INTO "category_spots" VALUES(19016,48,208547);
INSERT INTO "category_spots" VALUES(19016,49,208579);
INSERT INTO "category_spots" VALUES(19016,50,208533);
INSERT INTO "category_spots" VALUES(19016,51,208641);
INSERT INTO "category_spots" VALUES(19016,52,208595);
INSERT INTO "category_spots" VALUES(19016,53,208534);
INSERT INTO "category_spots" VALUES(19016,54,208645);
INSERT INTO "category_spots" VALUES(19016,55,208565);
INSERT INTO "category_spots" VALUES(19016,56,208259);
INSERT INTO "category_spots" VALUES(19016,57,207147);
INSERT INTO "category_spots" VALUES(19016,58,208525);
INSERT INTO "category_spots" VALUES(19016,59,208263);
INSERT INTO "category_spots" VALUES(19016,60,208260);
INSERT INTO "category_spots" VALUES(19016,61,208262);
INSERT INTO "category_spots" VALUES(19016,62,208554);
INSERT INTO "category_spots" VALUES(19016,63,208261);
INSERT INTO "category_spots" VALUES(19016,64,208644);
INSERT INTO "category_spots" VALUES(19016,65,208466);
INSERT INTO "category_spots" VALUES(19016,66,208580);
INSERT INTO "category_spots" VALUES(19016,67,208265);
INSERT INTO "category_spots" VALUES(19016,68,208468);
INSERT INTO "category_spots" VALUES(19016,69,208469);
INSERT INTO "category_spots" VALUES(19016,70,208527);
INSERT INTO "category_spots" VALUES(19016,71,208529);
INSERT INTO "category_spots" VALUES(19016,72,208625);
INSERT INTO "category_spots" VALUES(19016,73,208531);
INSERT INTO "category_spots" VALUES(19016,74,208587);
INSERT INTO "category_spots" VALUES(19016,75,208592);
INSERT INTO "category_spots" VALUES(19016,76,208659);
INSERT INTO "category_spots" VALUES(19016,77,209293);
INSERT INTO "category_spots" VALUES(19016,78,208578);
INSERT INTO "category_spots" VALUES(19016,79,208590);
INSERT INTO "category_spots" VALUES(19016,80,208467);
INSERT INTO "category_spots" VALUES(19016,81,208474);
INSERT INTO "category_spots" VALUES(19016,82,208604);
INSERT INTO "category_spots" VALUES(19016,83,208631);
INSERT INTO "category_spots" VALUES(19016,84,208271);
INSERT INTO "category_spots" VALUES(19016,85,208608);
INSERT INTO "category_spots" VALUES(19016,86,208647);
INSERT INTO "category_spots" VALUES(19016,87,208471);
INSERT INTO "category_spots" VALUES(19016,88,208283);
INSERT INTO "category_spots" VALUES(19016,89,208287);
INSERT INTO "category_spots" VALUES(19016,90,208472);
INSERT INTO "category_spots" VALUES(19016,91,208623);
INSERT INTO "category_spots" VALUES(19016,92,208612);
INSERT INTO "category_spots" VALUES(19016,93,208463);
INSERT INTO "category_spots" VALUES(19016,94,208581);
INSERT INTO "category_spots" VALUES(19016,95,208465);
INSERT INTO "category_spots" VALUES(19016,96,208329);
INSERT INTO "category_spots" VALUES(19016,97,208323);
INSERT INTO "category_spots" VALUES(19016,98,208325);
INSERT INTO "category_spots" VALUES(19016,99,208324);
INSERT INTO "category_spots" VALUES(19016,100,208616);
INSERT INTO "category_spots" VALUES(19016,101,208651);
INSERT INTO "category_spots" VALUES(19016,102,208290);
INSERT INTO "category_spots" VALUES(19016,103,208309);
INSERT INTO "category_spots" VALUES(19016,104,208264);
INSERT INTO "category_spots" VALUES(19016,105,208473);
INSERT INTO "category_spots" VALUES(19016,106,208655);
INSERT INTO "category_spots" VALUES(19016,107,208649);
INSERT INTO "category_spots" VALUES(19016,108,208464);
INSERT INTO "category_spots" VALUES(19016,109,207146);
INSERT INTO "category_spots" VALUES(19016,110,208638);
INSERT INTO "category_spots" VALUES(19016,111,208268);
INSERT INTO "category_spots" VALUES(19016,112,208328);
INSERT INTO "category_spots" VALUES(19016,113,208308);
INSERT INTO "category_spots" VALUES(19016,114,207150);
INSERT INTO "category_spots" VALUES(19016,115,208319);
INSERT INTO "category_spots" VALUES(19016,116,208327);
INSERT INTO "category_spots" VALUES(19016,117,208599);
INSERT INTO "category_spots" VALUES(19016,118,208275);
INSERT INTO "category_spots" VALUES(19016,119,208657);
INSERT INTO "category_spots" VALUES(19016,120,208322);
INSERT INTO "category_spots" VALUES(19016,121,208272);
INSERT INTO "category_spots" VALUES(19016,122,208289);
INSERT INTO "category_spots" VALUES(19016,123,208266);
INSERT INTO "category_spots" VALUES(19016,124,208617);
INSERT INTO "category_spots" VALUES(19016,125,210058);
INSERT INTO "category_spots" VALUES(19016,126,208606);
INSERT INTO "category_spots" VALUES(19016,127,208562);
INSERT INTO "category_spots" VALUES(19016,128,208274);
INSERT INTO "category_spots" VALUES(19016,129,208538);
INSERT INTO "category_spots" VALUES(19016,130,208609);
INSERT INTO "category_spots" VALUES(19016,131,208600);
INSERT INTO "category_spots" VALUES(19016,132,208492);
INSERT INTO "category_spots" VALUES(19016,133,208331);
INSERT INTO "category_spots" VALUES(19016,134,208332);
INSERT INTO "category_spots" VALUES(19016,135,207144);
INSERT INTO "category_spots" VALUES(19016,136,207148);
INSERT INTO "category_spots" VALUES(19016,137,208602);
INSERT INTO "category_spots" VALUES(19016,138,208470);
INSERT INTO "category_spots" VALUES(19016,139,208619);
INSERT INTO "category_spots" VALUES(19016,140,208591);
INSERT INTO "category_spots" VALUES(19016,141,208288);
INSERT INTO "category_spots" VALUES(19016,142,208478);
INSERT INTO "category_spots" VALUES(19016,143,207135);
INSERT INTO "category_spots" VALUES(19016,144,208490);
INSERT INTO "category_spots" VALUES(19016,145,208601);
INSERT INTO "category_spots" VALUES(19016,146,208317);
INSERT INTO "category_spots" VALUES(19016,147,208559);
INSERT INTO "category_spots" VALUES(19016,148,208255);
INSERT INTO "category_spots" VALUES(19016,149,208311);
INSERT INTO "category_spots" VALUES(19016,150,208564);
INSERT INTO "category_spots" VALUES(19016,151,208614);
INSERT INTO "category_spots" VALUES(19016,152,208318);
INSERT INTO "category_spots" VALUES(19016,153,208656);
INSERT INTO "category_spots" VALUES(19016,154,208589);
INSERT INTO "category_spots" VALUES(19016,155,208269);
INSERT INTO "category_spots" VALUES(19016,156,208320);
INSERT INTO "category_spots" VALUES(19016,157,208321);
INSERT INTO "category_spots" VALUES(19016,158,208334);
INSERT INTO "category_spots" VALUES(19016,159,208632);
INSERT INTO "category_spots" VALUES(19016,160,208273);
INSERT INTO "category_spots" VALUES(19016,161,208475);
INSERT INTO "category_spots" VALUES(19016,162,208477);
INSERT INTO "category_spots" VALUES(19016,163,208605);
INSERT INTO "category_spots" VALUES(19016,164,208539);
INSERT INTO "category_spots" VALUES(19016,165,208312);
INSERT INTO "category_spots" VALUES(19016,166,208582);
INSERT INTO "category_spots" VALUES(19016,167,207149);
INSERT INTO "category_spots" VALUES(19016,168,208270);
INSERT INTO "category_spots" VALUES(19016,169,209461);
INSERT INTO "category_spots" VALUES(19016,170,208560);
INSERT INTO "category_spots" VALUES(19016,171,208557);
INSERT INTO "category_spots" VALUES(19016,172,208553);
INSERT INTO "category_spots" VALUES(19016,173,208583);
INSERT INTO "category_spots" VALUES(19016,174,208561);
INSERT INTO "category_spots" VALUES(19016,175,208650);
INSERT INTO "category_spots" VALUES(19016,176,208563);
INSERT INTO "category_spots" VALUES(19016,177,208613);
INSERT INTO "category_spots" VALUES(19016,178,208493);
INSERT INTO "category_spots" VALUES(19016,179,208652);
INSERT INTO "category_spots" VALUES(19016,180,208558);
INSERT INTO "category_spots" VALUES(19016,181,208253);
INSERT INTO "category_spots" VALUES(19016,182,208618);
INSERT INTO "category_spots" VALUES(19016,183,208316);
INSERT INTO "category_spots" VALUES(19016,184,208622);
INSERT INTO "category_spots" VALUES(19016,185,209294);
INSERT INTO "category_spots" VALUES(19016,186,208615);
INSERT INTO "category_spots" VALUES(19016,187,208491);
INSERT INTO "category_spots" VALUES(19016,188,208476);
INSERT INTO "category_spots" VALUES(19016,189,210057);
INSERT INTO "category_spots" VALUES(19016,190,208610);
INSERT INTO "category_spots" VALUES(19016,191,208540);
INSERT INTO "category_spots" VALUES(19016,192,208603);
INSERT INTO "category_spots" VALUES(19016,193,208267);
INSERT INTO "category_spots" VALUES(19016,194,208277);
INSERT INTO "category_spots" VALUES(19016,195,208541);
INSERT INTO "category_spots" VALUES(19016,196,208535);
INSERT INTO "category_spots" VALUES(19016,197,208536);
INSERT INTO "category_spots" VALUES(19016,198,208313);
INSERT INTO "category_spots" VALUES(19016,199,208479);
INSERT INTO "category_spots" VALUES(19016,200,209295);
INSERT INTO "category_spots" VALUES(19016,201,208276);
INSERT INTO "category_spots" VALUES(19016,202,208303);
INSERT INTO "category_spots" VALUES(19016,203,208278);
INSERT INTO "category_spots" VALUES(19016,204,207145);
INSERT INTO "category_spots" VALUES(19016,205,208635);
INSERT INTO "category_spots" VALUES(19016,206,208280);
INSERT INTO "category_spots" VALUES(19016,207,208281);
INSERT INTO "category_spots" VALUES(19016,208,208537);
INSERT INTO "category_spots" VALUES(19016,209,208607);
INSERT INTO "category_spots" VALUES(19016,210,208257);
INSERT INTO "category_spots" VALUES(19016,211,208335);
INSERT INTO "category_spots" VALUES(19016,212,208310);
INSERT INTO "category_spots" VALUES(19016,213,208542);
INSERT INTO "category_spots" VALUES(19016,214,208291);
INSERT INTO "category_spots" VALUES(19016,215,208555);
INSERT INTO "category_spots" VALUES(19016,216,208620);
INSERT INTO "category_spots" VALUES(19016,217,208556);
INSERT INTO "category_spots" VALUES(19016,218,208279);
INSERT INTO "category_spots" VALUES(19016,219,208663);
INSERT INTO "category_spots" VALUES(19016,220,208258);
INSERT INTO "category_spots" VALUES(19016,221,208597);
INSERT INTO "category_spots" VALUES(19016,222,208658);
INSERT INTO "category_spots" VALUES(19016,223,208333);
INSERT INTO "category_spots" VALUES(19016,224,208294);
INSERT INTO "category_spots" VALUES(19016,225,208629);
INSERT INTO "category_spots" VALUES(19016,226,208284);
INSERT INTO "category_spots" VALUES(19016,227,208302);
INSERT INTO "category_spots" VALUES(19016,228,208304);
INSERT INTO "category_spots" VALUES(19016,229,208594);
INSERT INTO "category_spots" VALUES(19016,230,208639);
INSERT INTO "category_spots" VALUES(19016,231,208584);
INSERT INTO "category_spots" VALUES(19016,232,208494);
INSERT INTO "category_spots" VALUES(19016,233,208660);
INSERT INTO "category_spots" VALUES(19016,234,208297);
INSERT INTO "category_spots" VALUES(19016,235,208585);
INSERT INTO "category_spots" VALUES(19016,236,208596);
INSERT INTO "category_spots" VALUES(19016,237,208330);
INSERT INTO "category_spots" VALUES(19016,238,208296);
INSERT INTO "category_spots" VALUES(19016,239,208295);
INSERT INTO "category_spots" VALUES(19016,240,208286);
INSERT INTO "category_spots" VALUES(19016,241,208418);
INSERT INTO "category_spots" VALUES(19016,242,208326);
INSERT INTO "category_spots" VALUES(19016,243,208598);
INSERT INTO "category_spots" VALUES(19016,244,208593);
INSERT INTO "category_spots" VALUES(19016,245,208586);
INSERT INTO "category_spots" VALUES(19016,246,208293);
INSERT INTO "category_spots" VALUES(19016,247,208454);
INSERT INTO "category_spots" VALUES(19016,248,208588);
INSERT INTO "category_spots" VALUES(19016,249,208314);
INSERT INTO "category_spots" VALUES(19016,250,208495);
INSERT INTO "category_spots" VALUES(19016,251,208315);
INSERT INTO "category_spots" VALUES(19016,252,208285);
INSERT INTO "category_spots" VALUES(19016,253,208188);
INSERT INTO "category_spots" VALUES(19016,254,208254);
INSERT INTO "category_spots" VALUES(19016,255,208480);
INSERT INTO "category_spots" VALUES(19016,256,208227);
INSERT INTO "category_spots" VALUES(19016,257,208544);
INSERT INTO "category_spots" VALUES(19016,258,208298);
INSERT INTO "category_spots" VALUES(19016,259,208497);
INSERT INTO "category_spots" VALUES(19016,260,208292);
INSERT INTO "category_spots" VALUES(19016,261,208230);
INSERT INTO "category_spots" VALUES(19016,262,208347);
INSERT INTO "category_spots" VALUES(19016,263,208567);
INSERT INTO "category_spots" VALUES(19016,264,208229);
INSERT INTO "category_spots" VALUES(19016,265,208228);
INSERT INTO "category_spots" VALUES(19016,266,208231);
INSERT INTO "category_spots" VALUES(19016,267,208232);
INSERT INTO "category_spots" VALUES(19016,268,208574);
INSERT INTO "category_spots" VALUES(19016,269,208457);
INSERT INTO "category_spots" VALUES(19016,270,209290);
INSERT INTO "category_spots" VALUES(19016,271,208572);
INSERT INTO "category_spots" VALUES(19016,272,208299);
INSERT INTO "category_spots" VALUES(19016,273,208300);
INSERT INTO "category_spots" VALUES(19016,274,208282);
INSERT INTO "category_spots" VALUES(19016,275,208496);
INSERT INTO "category_spots" VALUES(19016,276,208500);
INSERT INTO "category_spots" VALUES(19016,277,208245);
INSERT INTO "category_spots" VALUES(19016,278,208543);
INSERT INTO "category_spots" VALUES(19016,279,208566);
INSERT INTO "category_spots" VALUES(19016,280,208630);
INSERT INTO "category_spots" VALUES(19016,281,208456);
INSERT INTO "category_spots" VALUES(19016,282,208301);
INSERT INTO "category_spots" VALUES(19016,283,208636);
INSERT INTO "category_spots" VALUES(19016,284,208571);
INSERT INTO "category_spots" VALUES(19016,285,208570);
INSERT INTO "category_spots" VALUES(19016,286,208502);
INSERT INTO "category_spots" VALUES(19016,287,208238);
INSERT INTO "category_spots" VALUES(19016,288,209296);
INSERT INTO "category_spots" VALUES(19016,289,208448);
INSERT INTO "category_spots" VALUES(19016,290,208499);
INSERT INTO "category_spots" VALUES(19016,291,208346);
INSERT INTO "category_spots" VALUES(19016,292,208338);
INSERT INTO "category_spots" VALUES(19016,293,208628);
INSERT INTO "category_spots" VALUES(19016,294,208244);
INSERT INTO "category_spots" VALUES(19016,295,208341);
INSERT INTO "category_spots" VALUES(19016,296,208627);
INSERT INTO "category_spots" VALUES(19016,297,208305);
INSERT INTO "category_spots" VALUES(19016,298,208337);
INSERT INTO "category_spots" VALUES(19016,299,208336);
INSERT INTO "category_spots" VALUES(19016,300,208573);
INSERT INTO "category_spots" VALUES(19016,301,208575);
INSERT INTO "category_spots" VALUES(19016,302,208237);
INSERT INTO "category_spots" VALUES(19016,303,208576);
INSERT INTO "category_spots" VALUES(19016,304,208345);
INSERT INTO "category_spots" VALUES(19016,305,208342);
INSERT INTO "category_spots" VALUES(19016,306,208568);
INSERT INTO "category_spots" VALUES(19016,307,208239);
INSERT INTO "category_spots" VALUES(19016,308,208455);
INSERT INTO "category_spots" VALUES(19016,309,208339);
INSERT INTO "category_spots" VALUES(19016,310,208242);
INSERT INTO "category_spots" VALUES(19016,311,208344);
INSERT INTO "category_spots" VALUES(19016,312,208481);
INSERT INTO "category_spots" VALUES(19016,313,208640);
INSERT INTO "category_spots" VALUES(19016,314,208307);
INSERT INTO "category_spots" VALUES(19016,315,208246);
INSERT INTO "category_spots" VALUES(19016,316,208241);
INSERT INTO "category_spots" VALUES(19016,317,208247);
INSERT INTO "category_spots" VALUES(19016,318,208248);
INSERT INTO "category_spots" VALUES(19016,319,208569);
INSERT INTO "category_spots" VALUES(19016,320,208249);
INSERT INTO "category_spots" VALUES(19016,321,208250);
INSERT INTO "category_spots" VALUES(19016,322,208343);
INSERT INTO "category_spots" VALUES(19016,323,208340);
INSERT INTO "category_spots" VALUES(19016,324,209281);
INSERT INTO "category_spots" VALUES(19016,325,208240);
INSERT INTO "category_spots" VALUES(19016,326,208498);
INSERT INTO "category_spots" VALUES(19016,327,208234);
INSERT INTO "category_spots" VALUES(19016,328,208450);
INSERT INTO "category_spots" VALUES(19016,329,208501);
INSERT INTO "category_spots" VALUES(19016,330,209298);
INSERT INTO "category_spots" VALUES(19016,331,208577);
INSERT INTO "category_spots" VALUES(19016,332,208451);
INSERT INTO "category_spots" VALUES(19016,333,208233);
INSERT INTO "category_spots" VALUES(19016,334,208369);
INSERT INTO "category_spots" VALUES(19016,335,207138);
INSERT INTO "category_spots" VALUES(19016,336,208236);
INSERT INTO "category_spots" VALUES(19016,337,208449);
INSERT INTO "category_spots" VALUES(19016,338,208452);
INSERT INTO "category_spots" VALUES(19016,339,208353);
INSERT INTO "category_spots" VALUES(19016,340,208354);
INSERT INTO "category_spots" VALUES(19016,341,207141);
INSERT INTO "category_spots" VALUES(19016,342,208637);
INSERT INTO "category_spots" VALUES(19016,343,208621);
INSERT INTO "category_spots" VALUES(19016,344,208626);
INSERT INTO "category_spots" VALUES(19016,345,208368);
INSERT INTO "category_spots" VALUES(19016,346,209289);
INSERT INTO "category_spots" VALUES(19016,347,207139);
INSERT INTO "category_spots" VALUES(19016,348,208243);
INSERT INTO "category_spots" VALUES(19016,349,208235);
INSERT INTO "category_spots" VALUES(19016,350,208187);
INSERT INTO "category_spots" VALUES(19016,351,209291);
INSERT INTO "category_spots" VALUES(19016,352,209460);
INSERT INTO "category_spots" VALUES(19016,353,209288);
INSERT INTO "category_spots" VALUES(19016,354,208183);
INSERT INTO "category_spots" VALUES(19016,355,208653);
INSERT INTO "category_spots" VALUES(19016,356,208355);
INSERT INTO "category_spots" VALUES(19016,357,208251);
INSERT INTO "category_spots" VALUES(19016,358,208185);
INSERT INTO "category_spots" VALUES(19016,359,208462);
INSERT INTO "category_spots" VALUES(19016,360,208642);
INSERT INTO "category_spots" VALUES(19016,361,208252);
INSERT INTO "category_spots" VALUES(19016,362,208184);
INSERT INTO "category_spots" VALUES(19016,363,208633);
INSERT INTO "category_spots" VALUES(19016,364,208453);
INSERT INTO "category_spots" VALUES(19016,365,208181);
INSERT INTO "category_spots" VALUES(19016,366,208306);
INSERT INTO "category_spots" VALUES(19016,367,208371);
INSERT INTO "category_spots" VALUES(19016,368,208182);
INSERT INTO "category_spots" VALUES(19016,369,208447);
INSERT INTO "category_spots" VALUES(19016,370,208358);
INSERT INTO "category_spots" VALUES(19016,371,208373);
INSERT INTO "category_spots" VALUES(19016,372,209297);
INSERT INTO "category_spots" VALUES(19016,373,208460);
INSERT INTO "category_spots" VALUES(19016,374,208654);
INSERT INTO "category_spots" VALUES(19016,375,208444);
INSERT INTO "category_spots" VALUES(19016,376,208459);
INSERT INTO "category_spots" VALUES(19016,377,208445);
INSERT INTO "category_spots" VALUES(19016,378,208461);
INSERT INTO "category_spots" VALUES(19016,379,209282);
INSERT INTO "category_spots" VALUES(19016,380,208370);
INSERT INTO "category_spots" VALUES(19016,381,208372);
INSERT INTO "category_spots" VALUES(19016,382,208458);
INSERT INTO "category_spots" VALUES(19016,383,208352);
INSERT INTO "category_spots" VALUES(19016,384,208362);
INSERT INTO "category_spots" VALUES(19016,385,208364);
INSERT INTO "category_spots" VALUES(19016,386,208348);
INSERT INTO "category_spots" VALUES(19016,387,208363);
INSERT INTO "category_spots" VALUES(19016,388,207136);
INSERT INTO "category_spots" VALUES(19016,389,208349);
INSERT INTO "category_spots" VALUES(19016,390,208350);
INSERT INTO "category_spots" VALUES(19016,391,208356);
INSERT INTO "category_spots" VALUES(19016,392,208661);
INSERT INTO "category_spots" VALUES(19016,393,208351);
INSERT INTO "category_spots" VALUES(19016,394,208421);
INSERT INTO "category_spots" VALUES(19016,395,210059);
INSERT INTO "category_spots" VALUES(19016,396,208180);
INSERT INTO "category_spots" VALUES(19016,397,208365);
INSERT INTO "category_spots" VALUES(19016,398,208424);
INSERT INTO "category_spots" VALUES(19016,399,208422);
INSERT INTO "category_spots" VALUES(19016,400,208423);
INSERT INTO "category_spots" VALUES(19016,401,208359);
INSERT INTO "category_spots" VALUES(19016,402,208360);
INSERT INTO "category_spots" VALUES(19016,403,208419);
INSERT INTO "category_spots" VALUES(19016,404,210062);
INSERT INTO "category_spots" VALUES(19016,405,208420);
INSERT INTO "category_spots" VALUES(19016,406,208361);
INSERT INTO "category_spots" VALUES(19016,407,210061);
INSERT INTO "category_spots" VALUES(19016,408,207143);
INSERT INTO "category_spots" VALUES(19016,409,208443);
INSERT INTO "category_spots" VALUES(19016,410,208438);
INSERT INTO "category_spots" VALUES(19016,411,208446);
INSERT INTO "category_spots" VALUES(19016,412,208367);
INSERT INTO "category_spots" VALUES(19016,413,209286);
INSERT INTO "category_spots" VALUES(19016,414,208441);
INSERT INTO "category_spots" VALUES(19016,415,208442);
INSERT INTO "category_spots" VALUES(19016,416,210060);
INSERT INTO "category_spots" VALUES(19016,417,208439);
INSERT INTO "category_spots" VALUES(19016,418,208409);
INSERT INTO "category_spots" VALUES(19016,419,208410);
INSERT INTO "category_spots" VALUES(19016,420,208411);
INSERT INTO "category_spots" VALUES(19016,421,208186);
INSERT INTO "category_spots" VALUES(19016,422,208407);
INSERT INTO "category_spots" VALUES(19016,423,208366);
INSERT INTO "category_spots" VALUES(19016,424,208179);
INSERT INTO "category_spots" VALUES(19016,425,208440);
INSERT INTO "category_spots" VALUES(19016,426,208412);
INSERT INTO "category_spots" VALUES(19016,427,208408);
INSERT INTO "category_spots" VALUES(19016,428,208357);
INSERT INTO "category_spots" VALUES(19016,429,208431);
INSERT INTO "category_spots" VALUES(19016,430,208425);
INSERT INTO "category_spots" VALUES(19016,431,208385);
INSERT INTO "category_spots" VALUES(19016,432,208434);
INSERT INTO "category_spots" VALUES(19016,433,208374);
INSERT INTO "category_spots" VALUES(19016,434,208429);
INSERT INTO "category_spots" VALUES(19016,435,208428);
INSERT INTO "category_spots" VALUES(19016,436,208437);
INSERT INTO "category_spots" VALUES(19016,437,208662);
INSERT INTO "category_spots" VALUES(19016,438,208436);
INSERT INTO "category_spots" VALUES(19016,439,208426);
INSERT INTO "category_spots" VALUES(19016,440,208432);
INSERT INTO "category_spots" VALUES(19016,441,208427);
INSERT INTO "category_spots" VALUES(19016,442,208376);
INSERT INTO "category_spots" VALUES(19016,443,208433);
INSERT INTO "category_spots" VALUES(19016,444,208377);
INSERT INTO "category_spots" VALUES(19016,445,208375);
INSERT INTO "category_spots" VALUES(19016,446,208430);
INSERT INTO "category_spots" VALUES(19016,447,208435);
INSERT INTO "category_spots" VALUES(19016,448,208643);
INSERT INTO "category_spots" VALUES(19016,449,210663);
INSERT INTO "category_spots" VALUES(19016,450,208386);
INSERT INTO "category_spots" VALUES(19016,451,208383);
INSERT INTO "category_spots" VALUES(19016,452,207140);
INSERT INTO "category_spots" VALUES(19016,453,208387);
INSERT INTO "category_spots" VALUES(19016,454,208388);
INSERT INTO "category_spots" VALUES(19016,455,208379);
INSERT INTO "category_spots" VALUES(19016,456,208380);
INSERT INTO "category_spots" VALUES(19016,457,208378);
INSERT INTO "category_spots" VALUES(19016,458,208382);
INSERT INTO "category_spots" VALUES(19016,459,208384);
INSERT INTO "category_spots" VALUES(19016,460,208417);
INSERT INTO "category_spots" VALUES(19016,461,208414);
INSERT INTO "category_spots" VALUES(19016,462,208389);
INSERT INTO "category_spots" VALUES(19016,463,208413);
INSERT INTO "category_spots" VALUES(19016,464,208256);
INSERT INTO "category_spots" VALUES(19016,465,209285);
INSERT INTO "category_spots" VALUES(19016,466,208381);
INSERT INTO "category_spots" VALUES(19016,467,207137);
INSERT INTO "category_spots" VALUES(19016,468,208415);
INSERT INTO "category_spots" VALUES(19016,469,208391);
INSERT INTO "category_spots" VALUES(19016,470,208393);
INSERT INTO "category_spots" VALUES(19016,471,208416);
INSERT INTO "category_spots" VALUES(19016,472,209284);
INSERT INTO "category_spots" VALUES(19016,473,208390);
INSERT INTO "category_spots" VALUES(19016,474,208392);
INSERT INTO "category_spots" VALUES(19016,475,207134);
INSERT INTO "category_spots" VALUES(19016,476,208400);
INSERT INTO "category_spots" VALUES(19016,477,208401);
INSERT INTO "category_spots" VALUES(19016,478,208406);
INSERT INTO "category_spots" VALUES(19016,479,208402);
INSERT INTO "category_spots" VALUES(19016,480,208395);
INSERT INTO "category_spots" VALUES(19016,481,209283);
INSERT INTO "category_spots" VALUES(19016,482,208634);
INSERT INTO "category_spots" VALUES(19016,483,208405);
INSERT INTO "category_spots" VALUES(19016,484,208403);
INSERT INTO "category_spots" VALUES(19016,485,208404);
INSERT INTO "category_spots" VALUES(19016,486,208398);
INSERT INTO "category_spots" VALUES(19016,487,208399);
INSERT INTO "category_spots" VALUES(19016,488,208394);
INSERT INTO "category_spots" VALUES(19016,489,208397);
INSERT INTO "category_spots" VALUES(19016,490,208396);
INSERT INTO "category_spots" VALUES(19018,0,207142);
INSERT INTO "category_spots" VALUES(19018,1,207147);
INSERT INTO "category_spots" VALUES(19018,2,207146);
INSERT INTO "category_spots" VALUES(19018,3,207150);
INSERT INTO "category_spots" VALUES(19018,4,207144);
INSERT INTO "category_spots" VALUES(19018,5,207148);
INSERT INTO "category_spots" VALUES(19018,6,207135);
INSERT INTO "category_spots" VALUES(19018,7,207149);
INSERT INTO "category_spots" VALUES(19018,8,207145);
INSERT INTO "category_spots" VALUES(19018,9,207138);
INSERT INTO "category_spots" VALUES(19018,10,207141);
INSERT INTO "category_spots" VALUES(19018,11,207139);
INSERT INTO "category_spots" VALUES(19018,12,207136);
INSERT INTO "category_spots" VALUES(19018,13,207143);
INSERT INTO "category_spots" VALUES(19018,14,207140);
INSERT INTO "category_spots" VALUES(19018,15,207137);
INSERT INTO "category_spots" VALUES(19018,16,207134);
INSERT INTO "category_spots" VALUES(19025,0,208515);
INSERT INTO "category_spots" VALUES(19025,1,208524);
INSERT INTO "category_spots" VALUES(19025,2,208523);
INSERT INTO "category_spots" VALUES(19025,3,209287);
INSERT INTO "category_spots" VALUES(19025,4,208522);
INSERT INTO "category_spots" VALUES(19025,5,208510);
INSERT INTO "category_spots" VALUES(19025,6,208646);
INSERT INTO "category_spots" VALUES(19025,7,208503);
INSERT INTO "category_spots" VALUES(19025,8,208504);
INSERT INTO "category_spots" VALUES(19025,9,208611);
INSERT INTO "category_spots" VALUES(19025,10,208512);
INSERT INTO "category_spots" VALUES(19025,11,208507);
INSERT INTO "category_spots" VALUES(19025,12,208508);
INSERT INTO "category_spots" VALUES(19025,13,208505);
INSERT INTO "category_spots" VALUES(19025,14,208513);
INSERT INTO "category_spots" VALUES(19025,15,208518);
INSERT INTO "category_spots" VALUES(19025,16,208484);
INSERT INTO "category_spots" VALUES(19025,17,208516);
INSERT INTO "category_spots" VALUES(19025,18,208519);
INSERT INTO "category_spots" VALUES(19025,19,208520);
INSERT INTO "category_spots" VALUES(19025,20,208514);
INSERT INTO "category_spots" VALUES(19025,21,208528);
INSERT INTO "category_spots" VALUES(19025,22,208517);
INSERT INTO "category_spots" VALUES(19025,23,208511);
INSERT INTO "category_spots" VALUES(19025,24,208482);
INSERT INTO "category_spots" VALUES(19025,25,208485);
INSERT INTO "category_spots" VALUES(19025,26,208648);
INSERT INTO "category_spots" VALUES(19025,27,208506);
INSERT INTO "category_spots" VALUES(19025,28,208545);
INSERT INTO "category_spots" VALUES(19025,29,208488);
INSERT INTO "category_spots" VALUES(19025,30,208530);
INSERT INTO "category_spots" VALUES(19025,31,208521);
INSERT INTO "category_spots" VALUES(19025,32,208526);
INSERT INTO "category_spots" VALUES(19025,33,208549);
INSERT INTO "category_spots" VALUES(19025,34,208546);
INSERT INTO "category_spots" VALUES(19025,35,209089);
INSERT INTO "category_spots" VALUES(19025,36,208489);
INSERT INTO "category_spots" VALUES(19025,37,208552);
INSERT INTO "category_spots" VALUES(19025,38,208532);
INSERT INTO "category_spots" VALUES(19025,39,208486);
INSERT INTO "category_spots" VALUES(19025,40,208624);
INSERT INTO "category_spots" VALUES(19025,41,208550);
INSERT INTO "category_spots" VALUES(19025,42,208548);
INSERT INTO "category_spots" VALUES(19025,43,209292);
INSERT INTO "category_spots" VALUES(19025,44,208509);
INSERT INTO "category_spots" VALUES(19025,45,208483);
INSERT INTO "category_spots" VALUES(19025,46,208551);
INSERT INTO "category_spots" VALUES(19025,47,208487);
INSERT INTO "category_spots" VALUES(19025,48,208547);
INSERT INTO "category_spots" VALUES(19025,49,208579);
INSERT INTO "category_spots" VALUES(19025,50,208533);
INSERT INTO "category_spots" VALUES(19025,51,208641);
INSERT INTO "category_spots" VALUES(19025,52,208595);
INSERT INTO "category_spots" VALUES(19025,53,208534);
INSERT INTO "category_spots" VALUES(19025,54,208645);
INSERT INTO "category_spots" VALUES(19025,55,208565);
INSERT INTO "category_spots" VALUES(19025,56,208259);
INSERT INTO "category_spots" VALUES(19025,57,208525);
INSERT INTO "category_spots" VALUES(19025,58,208263);
INSERT INTO "category_spots" VALUES(19025,59,208260);
INSERT INTO "category_spots" VALUES(19025,60,208262);
INSERT INTO "category_spots" VALUES(19025,61,208554);
INSERT INTO "category_spots" VALUES(19025,62,208261);
INSERT INTO "category_spots" VALUES(19025,63,208644);
INSERT INTO "category_spots" VALUES(19025,64,208466);
INSERT INTO "category_spots" VALUES(19025,65,208580);
INSERT INTO "category_spots" VALUES(19025,66,208265);
INSERT INTO "category_spots" VALUES(19025,67,208468);
INSERT INTO "category_spots" VALUES(19025,68,208469);
INSERT INTO "category_spots" VALUES(19025,69,208527);
INSERT INTO "category_spots" VALUES(19025,70,208529);
INSERT INTO "category_spots" VALUES(19025,71,208625);
INSERT INTO "category_spots" VALUES(19025,72,208531);
INSERT INTO "category_spots" VALUES(19025,73,208587);
INSERT INTO "category_spots" VALUES(19025,74,208592);
INSERT INTO "category_spots" VALUES(19025,75,208659);
INSERT INTO "category_spots" VALUES(19025,76,209293);
INSERT INTO "category_spots" VALUES(19025,77,208578);
INSERT INTO "category_spots" VALUES(19025,78,209088);
INSERT INTO "category_spots" VALUES(19025,79,208590);
INSERT INTO "category_spots" VALUES(19025,80,208467);
INSERT INTO "category_spots" VALUES(19025,81,208474);
INSERT INTO "category_spots" VALUES(19025,82,208604);
INSERT INTO "category_spots" VALUES(19025,83,208631);
INSERT INTO "category_spots" VALUES(19025,84,208271);
INSERT INTO "category_spots" VALUES(19025,85,208608);
INSERT INTO "category_spots" VALUES(19025,86,208647);
INSERT INTO "category_spots" VALUES(19025,87,208471);
INSERT INTO "category_spots" VALUES(19025,88,208283);
INSERT INTO "category_spots" VALUES(19025,89,208287);
INSERT INTO "category_spots" VALUES(19025,90,208472);
INSERT INTO "category_spots" VALUES(19025,91,208623);
INSERT INTO "category_spots" VALUES(19025,92,208612);
INSERT INTO "category_spots" VALUES(19025,93,208463);
INSERT INTO "category_spots" VALUES(19025,94,208581);
INSERT INTO "category_spots" VALUES(19025,95,208465);
INSERT INTO "category_spots" VALUES(19025,96,208329);
INSERT INTO "category_spots" VALUES(19025,97,208323);
INSERT INTO "category_spots" VALUES(19025,98,208325);
INSERT INTO "category_spots" VALUES(19025,99,208324);
INSERT INTO "category_spots" VALUES(19025,100,208616);
INSERT INTO "category_spots" VALUES(19025,101,208651);
INSERT INTO "category_spots" VALUES(19025,102,208290);
INSERT INTO "category_spots" VALUES(19025,103,208309);
INSERT INTO "category_spots" VALUES(19025,104,208264);
INSERT INTO "category_spots" VALUES(19025,105,208473);
INSERT INTO "category_spots" VALUES(19025,106,208655);
INSERT INTO "category_spots" VALUES(19025,107,208649);
INSERT INTO "category_spots" VALUES(19025,108,208464);
INSERT INTO "category_spots" VALUES(19025,109,208638);
INSERT INTO "category_spots" VALUES(19025,110,208268);
INSERT INTO "category_spots" VALUES(19025,111,208328);
INSERT INTO "category_spots" VALUES(19025,112,208308);
INSERT INTO "category_spots" VALUES(19025,113,208319);
INSERT INTO "category_spots" VALUES(19025,114,208327);
INSERT INTO "category_spots" VALUES(19025,115,208599);
INSERT INTO "category_spots" VALUES(19025,116,208275);
INSERT INTO "category_spots" VALUES(19025,117,208657);
INSERT INTO "category_spots" VALUES(19025,118,208322);
INSERT INTO "category_spots" VALUES(19025,119,208272);
INSERT INTO "category_spots" VALUES(19025,120,208289);
INSERT INTO "category_spots" VALUES(19025,121,208266);
INSERT INTO "category_spots" VALUES(19025,122,208617);
INSERT INTO "category_spots" VALUES(19025,123,210058);
INSERT INTO "category_spots" VALUES(19025,124,208606);
INSERT INTO "category_spots" VALUES(19025,125,208562);
INSERT INTO "category_spots" VALUES(19025,126,208274);
INSERT INTO "category_spots" VALUES(19025,127,208538);
INSERT INTO "category_spots" VALUES(19025,128,208609);
INSERT INTO "category_spots" VALUES(19025,129,208600);
INSERT INTO "category_spots" VALUES(19025,130,208492);
INSERT INTO "category_spots" VALUES(19025,131,208331);
INSERT INTO "category_spots" VALUES(19025,132,208332);
INSERT INTO "category_spots" VALUES(19025,133,208602);
INSERT INTO "category_spots" VALUES(19025,134,208470);
INSERT INTO "category_spots" VALUES(19025,135,208619);
INSERT INTO "category_spots" VALUES(19025,136,208591);
INSERT INTO "category_spots" VALUES(19025,137,208288);
INSERT INTO "category_spots" VALUES(19025,138,208478);
INSERT INTO "category_spots" VALUES(19025,139,208490);
INSERT INTO "category_spots" VALUES(19025,140,208601);
INSERT INTO "category_spots" VALUES(19025,141,208317);
INSERT INTO "category_spots" VALUES(19025,142,208559);
INSERT INTO "category_spots" VALUES(19025,143,208255);
INSERT INTO "category_spots" VALUES(19025,144,208311);
INSERT INTO "category_spots" VALUES(19025,145,208564);
INSERT INTO "category_spots" VALUES(19025,146,208614);
INSERT INTO "category_spots" VALUES(19025,147,208318);
INSERT INTO "category_spots" VALUES(19025,148,208656);
INSERT INTO "category_spots" VALUES(19025,149,208589);
INSERT INTO "category_spots" VALUES(19025,150,208269);
INSERT INTO "category_spots" VALUES(19025,151,208320);
INSERT INTO "category_spots" VALUES(19025,152,208321);
INSERT INTO "category_spots" VALUES(19025,153,208334);
INSERT INTO "category_spots" VALUES(19025,154,208632);
INSERT INTO "category_spots" VALUES(19025,155,208273);
INSERT INTO "category_spots" VALUES(19025,156,208475);
INSERT INTO "category_spots" VALUES(19025,157,208477);
INSERT INTO "category_spots" VALUES(19025,158,208605);
INSERT INTO "category_spots" VALUES(19025,159,208539);
INSERT INTO "category_spots" VALUES(19025,160,208312);
INSERT INTO "category_spots" VALUES(19025,161,208582);
INSERT INTO "category_spots" VALUES(19025,162,208270);
INSERT INTO "category_spots" VALUES(19025,163,209461);
INSERT INTO "category_spots" VALUES(19025,164,208560);
INSERT INTO "category_spots" VALUES(19025,165,208557);
INSERT INTO "category_spots" VALUES(19025,166,209081);
INSERT INTO "category_spots" VALUES(19025,167,208553);
INSERT INTO "category_spots" VALUES(19025,168,208583);
INSERT INTO "category_spots" VALUES(19025,169,208561);
INSERT INTO "category_spots" VALUES(19025,170,208650);
INSERT INTO "category_spots" VALUES(19025,171,208563);
INSERT INTO "category_spots" VALUES(19025,172,208613);
INSERT INTO "category_spots" VALUES(19025,173,208493);
INSERT INTO "category_spots" VALUES(19025,174,208652);
INSERT INTO "category_spots" VALUES(19025,175,209091);
INSERT INTO "category_spots" VALUES(19025,176,208558);
INSERT INTO "category_spots" VALUES(19025,177,208253);
INSERT INTO "category_spots" VALUES(19025,178,209084);
INSERT INTO "category_spots" VALUES(19025,179,208618);
INSERT INTO "category_spots" VALUES(19025,180,208316);
INSERT INTO "category_spots" VALUES(19025,181,208622);
INSERT INTO "category_spots" VALUES(19025,182,209294);
INSERT INTO "category_spots" VALUES(19025,183,208615);
INSERT INTO "category_spots" VALUES(19025,184,208491);
INSERT INTO "category_spots" VALUES(19025,185,208476);
INSERT INTO "category_spots" VALUES(19025,186,210057);
INSERT INTO "category_spots" VALUES(19025,187,208610);
INSERT INTO "category_spots" VALUES(19025,188,208540);
INSERT INTO "category_spots" VALUES(19025,189,208603);
INSERT INTO "category_spots" VALUES(19025,190,208267);
INSERT INTO "category_spots" VALUES(19025,191,208277);
INSERT INTO "category_spots" VALUES(19025,192,208541);
INSERT INTO "category_spots" VALUES(19025,193,208535);
INSERT INTO "category_spots" VALUES(19025,194,208536);
INSERT INTO "category_spots" VALUES(19025,195,208313);
INSERT INTO "category_spots" VALUES(19025,196,208479);
INSERT INTO "category_spots" VALUES(19025,197,209295);
INSERT INTO "category_spots" VALUES(19025,198,209082);
INSERT INTO "category_spots" VALUES(19025,199,208276);
INSERT INTO "category_spots" VALUES(19025,200,208303);
INSERT INTO "category_spots" VALUES(19025,201,208278);
INSERT INTO "category_spots" VALUES(19025,202,208635);
INSERT INTO "category_spots" VALUES(19025,203,208280);
INSERT INTO "category_spots" VALUES(19025,204,208281);
INSERT INTO "category_spots" VALUES(19025,205,208537);
INSERT INTO "category_spots" VALUES(19025,206,208607);
INSERT INTO "category_spots" VALUES(19025,207,208257);
INSERT INTO "category_spots" VALUES(19025,208,208335);
INSERT INTO "category_spots" VALUES(19025,209,208310);
INSERT INTO "category_spots" VALUES(19025,210,208542);
INSERT INTO "category_spots" VALUES(19025,211,209083);
INSERT INTO "category_spots" VALUES(19025,212,208291);
INSERT INTO "category_spots" VALUES(19025,213,208555);
INSERT INTO "category_spots" VALUES(19025,214,208620);
INSERT INTO "category_spots" VALUES(19025,215,208556);
INSERT INTO "category_spots" VALUES(19025,216,208279);
INSERT INTO "category_spots" VALUES(19025,217,208663);
INSERT INTO "category_spots" VALUES(19025,218,208258);
INSERT INTO "category_spots" VALUES(19025,219,208597);
INSERT INTO "category_spots" VALUES(19025,220,208658);
INSERT INTO "category_spots" VALUES(19025,221,208333);
INSERT INTO "category_spots" VALUES(19025,222,208294);
INSERT INTO "category_spots" VALUES(19025,223,208629);
INSERT INTO "category_spots" VALUES(19025,224,208284);
INSERT INTO "category_spots" VALUES(19025,225,208302);
INSERT INTO "category_spots" VALUES(19025,226,208304);
INSERT INTO "category_spots" VALUES(19025,227,208594);
INSERT INTO "category_spots" VALUES(19025,228,208639);
INSERT INTO "category_spots" VALUES(19025,229,208584);
INSERT INTO "category_spots" VALUES(19025,230,208494);
INSERT INTO "category_spots" VALUES(19025,231,208660);
INSERT INTO "category_spots" VALUES(19025,232,208297);
INSERT INTO "category_spots" VALUES(19025,233,208585);
INSERT INTO "category_spots" VALUES(19025,234,208596);
INSERT INTO "category_spots" VALUES(19025,235,208330);
INSERT INTO "category_spots" VALUES(19025,236,208296);
INSERT INTO "category_spots" VALUES(19025,237,208295);
INSERT INTO "category_spots" VALUES(19025,238,208286);
INSERT INTO "category_spots" VALUES(19025,239,208418);
INSERT INTO "category_spots" VALUES(19025,240,208326);
INSERT INTO "category_spots" VALUES(19025,241,208598);
INSERT INTO "category_spots" VALUES(19025,242,208593);
INSERT INTO "category_spots" VALUES(19025,243,208586);
INSERT INTO "category_spots" VALUES(19025,244,208293);
INSERT INTO "category_spots" VALUES(19025,245,208454);
INSERT INTO "category_spots" VALUES(19025,246,208588);
INSERT INTO "category_spots" VALUES(19025,247,208314);
INSERT INTO "category_spots" VALUES(19025,248,208495);
INSERT INTO "category_spots" VALUES(19025,249,208315);
INSERT INTO "category_spots" VALUES(19025,250,208285);
INSERT INTO "category_spots" VALUES(19025,251,208188);
INSERT INTO "category_spots" VALUES(19025,252,208254);
INSERT INTO "category_spots" VALUES(19025,253,208480);
INSERT INTO "category_spots" VALUES(19025,254,208227);
INSERT INTO "category_spots" VALUES(19025,255,208544);
INSERT INTO "category_spots" VALUES(19025,256,208298);
INSERT INTO "category_spots" VALUES(19025,257,209087);
INSERT INTO "category_spots" VALUES(19025,258,208497);
INSERT INTO "category_spots" VALUES(19025,259,208292);
INSERT INTO "category_spots" VALUES(19025,260,208230);
INSERT INTO "category_spots" VALUES(19025,261,208347);
INSERT INTO "category_spots" VALUES(19025,262,208567);
INSERT INTO "category_spots" VALUES(19025,263,208229);
INSERT INTO "category_spots" VALUES(19025,264,208228);
INSERT INTO "category_spots" VALUES(19025,265,208231);
INSERT INTO "category_spots" VALUES(19025,266,208232);
INSERT INTO "category_spots" VALUES(19025,267,208574);
INSERT INTO "category_spots" VALUES(19025,268,208457);
INSERT INTO "category_spots" VALUES(19025,269,209290);
INSERT INTO "category_spots" VALUES(19025,270,208572);
INSERT INTO "category_spots" VALUES(19025,271,208299);
INSERT INTO "category_spots" VALUES(19025,272,208300);
INSERT INTO "category_spots" VALUES(19025,273,208282);
INSERT INTO "category_spots" VALUES(19025,274,208496);
INSERT INTO "category_spots" VALUES(19025,275,208500);
INSERT INTO "category_spots" VALUES(19025,276,209085);
INSERT INTO "category_spots" VALUES(19025,277,208245);
INSERT INTO "category_spots" VALUES(19025,278,208543);
INSERT INTO "category_spots" VALUES(19025,279,208566);
INSERT INTO "category_spots" VALUES(19025,280,208630);
INSERT INTO "category_spots" VALUES(19025,281,208456);
INSERT INTO "category_spots" VALUES(19025,282,208301);
INSERT INTO "category_spots" VALUES(19025,283,208636);
INSERT INTO "category_spots" VALUES(19025,284,208571);
INSERT INTO "category_spots" VALUES(19025,285,208570);
INSERT INTO "category_spots" VALUES(19025,286,208502);
INSERT INTO "category_spots" VALUES(19025,287,208238);
INSERT INTO "category_spots" VALUES(19025,288,209296);
INSERT INTO "category_spots" VALUES(19025,289,208448);
INSERT INTO "category_spots" VALUES(19025,290,208499);
INSERT INTO "category_spots" VALUES(19025,291,208346);
INSERT INTO "category_spots" VALUES(19025,292,208338);
INSERT INTO "category_spots" VALUES(19025,293,208628);
INSERT INTO "category_spots" VALUES(19025,294,208244);
INSERT INTO "category_spots" VALUES(19025,295,208341);
INSERT INTO "category_spots" VALUES(19025,296,208627);
INSERT INTO "category_spots" VALUES(19025,297,208305);
INSERT INTO "category_spots" VALUES(19025,298,208337);
INSERT INTO "category_spots" VALUES(19025,299,208336);
INSERT INTO "category_spots" VALUES(19025,300,208573);
INSERT INTO "category_spots" VALUES(19025,301,208575);
INSERT INTO "category_spots" VALUES(19025,302,208237);
INSERT INTO "category_spots" VALUES(19025,303,208576);
INSERT INTO "category_spots" VALUES(19025,304,208345);
INSERT INTO "category_spots" VALUES(19025,305,208342);
INSERT INTO "category_spots" VALUES(19025,306,208568);
INSERT INTO "category_spots" VALUES(19025,307,208239);
INSERT INTO "category_spots" VALUES(19025,308,208455);
INSERT INTO "category_spots" VALUES(19025,309,208339);
INSERT INTO "category_spots" VALUES(19025,310,208242);
INSERT INTO "category_spots" VALUES(19025,311,208344);
INSERT INTO "category_spots" VALUES(19025,312,208481);
INSERT INTO "category_spots" VALUES(19025,313,208640);
INSERT INTO "category_spots" VALUES(19025,314,208307);
INSERT INTO "category_spots" VALUES(19025,315,208246);
INSERT INTO "category_spots" VALUES(19025,316,208241);
INSERT INTO "category_spots" VALUES(19025,317,208247);
INSERT INTO "category_spots" VALUES(19025,318,208248);
INSERT INTO "category_spots" VALUES(19025,319,208569);
INSERT INTO "category_spots" VALUES(19025,320,208249);
INSERT INTO "category_spots" VALUES(19025,321,208250);
INSERT INTO "category_spots" VALUES(19025,322,208343);
INSERT INTO "category_spots" VALUES(19025,323,208340);
INSERT INTO "category_spots" VALUES(19025,324,209281);
INSERT INTO "category_spots" VALUES(19025,325,208240);
INSERT INTO "category_spots" VALUES(19025,326,208498);
INSERT INTO "category_spots" VALUES(19025,327,208234);
INSERT INTO "category_spots" VALUES(19025,328,208450);
INSERT INTO "category_spots" VALUES(19025,329,208501);
INSERT INTO "category_spots" VALUES(19025,330,209077);
INSERT INTO "category_spots" VALUES(19025,331,209298);
INSERT INTO "category_spots" VALUES(19025,332,208577);
INSERT INTO "category_spots" VALUES(19025,333,208451);
INSERT INTO "category_spots" VALUES(19025,334,208233);
INSERT INTO "category_spots" VALUES(19025,335,208369);
INSERT INTO "category_spots" VALUES(19025,336,208236);
INSERT INTO "category_spots" VALUES(19025,337,208449);
INSERT INTO "category_spots" VALUES(19025,338,208452);
INSERT INTO "category_spots" VALUES(19025,339,208353);
INSERT INTO "category_spots" VALUES(19025,340,208354);
INSERT INTO "category_spots" VALUES(19025,341,208637);
INSERT INTO "category_spots" VALUES(19025,342,208621);
INSERT INTO "category_spots" VALUES(19025,343,208626);
INSERT INTO "category_spots" VALUES(19025,344,208368);
INSERT INTO "category_spots" VALUES(19025,345,209289);
INSERT INTO "category_spots" VALUES(19025,346,208243);
INSERT INTO "category_spots" VALUES(19025,347,209090);
INSERT INTO "category_spots" VALUES(19025,348,208235);
INSERT INTO "category_spots" VALUES(19025,349,208187);
INSERT INTO "category_spots" VALUES(19025,350,209291);
INSERT INTO "category_spots" VALUES(19025,351,209460);
INSERT INTO "category_spots" VALUES(19025,352,209288);
INSERT INTO "category_spots" VALUES(19025,353,208183);
INSERT INTO "category_spots" VALUES(19025,354,208653);
INSERT INTO "category_spots" VALUES(19025,355,208355);
INSERT INTO "category_spots" VALUES(19025,356,208251);
INSERT INTO "category_spots" VALUES(19025,357,208185);
INSERT INTO "category_spots" VALUES(19025,358,208462);
INSERT INTO "category_spots" VALUES(19025,359,208642);
INSERT INTO "category_spots" VALUES(19025,360,208252);
INSERT INTO "category_spots" VALUES(19025,361,208184);
INSERT INTO "category_spots" VALUES(19025,362,208633);
INSERT INTO "category_spots" VALUES(19025,363,208453);
INSERT INTO "category_spots" VALUES(19025,364,208181);
INSERT INTO "category_spots" VALUES(19025,365,208306);
INSERT INTO "category_spots" VALUES(19025,366,209079);
INSERT INTO "category_spots" VALUES(19025,367,208371);
INSERT INTO "category_spots" VALUES(19025,368,208182);
INSERT INTO "category_spots" VALUES(19025,369,208447);
INSERT INTO "category_spots" VALUES(19025,370,208358);
INSERT INTO "category_spots" VALUES(19025,371,208373);
INSERT INTO "category_spots" VALUES(19025,372,209297);
INSERT INTO "category_spots" VALUES(19025,373,208460);
INSERT INTO "category_spots" VALUES(19025,374,208654);
INSERT INTO "category_spots" VALUES(19025,375,208444);
INSERT INTO "category_spots" VALUES(19025,376,208459);
INSERT INTO "category_spots" VALUES(19025,377,208445);
INSERT INTO "category_spots" VALUES(19025,378,208461);
INSERT INTO "category_spots" VALUES(19025,379,209282);
INSERT INTO "category_spots" VALUES(19025,380,208370);
INSERT INTO "category_spots" VALUES(19025,381,209080);
INSERT INTO "category_spots" VALUES(19025,382,208372);
INSERT INTO "category_spots" VALUES(19025,383,208458);
INSERT INTO "category_spots" VALUES(19025,384,208352);
INSERT INTO "category_spots" VALUES(19025,385,208362);
INSERT INTO "category_spots" VALUES(19025,386,208364);
INSERT INTO "category_spots" VALUES(19025,387,208348);
INSERT INTO "category_spots" VALUES(19025,388,208363);
INSERT INTO "category_spots" VALUES(19025,389,208349);
INSERT INTO "category_spots" VALUES(19025,390,208350);
INSERT INTO "category_spots" VALUES(19025,391,208356);
INSERT INTO "category_spots" VALUES(19025,392,208661);
INSERT INTO "category_spots" VALUES(19025,393,208351);
INSERT INTO "category_spots" VALUES(19025,394,208421);
INSERT INTO "category_spots" VALUES(19025,395,210059);
INSERT INTO "category_spots" VALUES(19025,396,208180);
INSERT INTO "category_spots" VALUES(19025,397,208365);
INSERT INTO "category_spots" VALUES(19025,398,208424);
INSERT INTO "category_spots" VALUES(19025,399,208422);
INSERT INTO "category_spots" VALUES(19025,400,208423);
INSERT INTO "category_spots" VALUES(19025,401,208359);
INSERT INTO "category_spots" VALUES(19025,402,208360);
INSERT INTO "category_spots" VALUES(19025,403,208419);
INSERT INTO "category_spots" VALUES(19025,404,210062);
INSERT INTO "category_spots" VALUES(19025,405,208420);
INSERT INTO "category_spots" VALUES(19025,406,208361);
INSERT INTO "category_spots" VALUES(19025,407,210061);
INSERT INTO "category_spots" VALUES(19025,408,208443);
INSERT INTO "category_spots" VALUES(19025,409,208438);
INSERT INTO "category_spots" VALUES(19025,410,208446);
INSERT INTO "category_spots" VALUES(19025,411,208367);
INSERT INTO "category_spots" VALUES(19025,412,209286);
INSERT INTO "category_spots" VALUES(19025,413,208441);
INSERT INTO "category_spots" VALUES(19025,414,208442);
INSERT INTO "category_spots" VALUES(19025,415,210060);
INSERT INTO "category_spots" VALUES(19025,416,209078);
INSERT INTO "category_spots" VALUES(19025,417,208439);
INSERT INTO "category_spots" VALUES(19025,418,208409);
INSERT INTO "category_spots" VALUES(19025,419,208410);
INSERT INTO "category_spots" VALUES(19025,420,208411);
INSERT INTO "category_spots" VALUES(19025,421,208186);
INSERT INTO "category_spots" VALUES(19025,422,208407);
INSERT INTO "category_spots" VALUES(19025,423,208366);
INSERT INTO "category_spots" VALUES(19025,424,208179);
INSERT INTO "category_spots" VALUES(19025,425,208440);
INSERT INTO "category_spots" VALUES(19025,426,208412);
INSERT INTO "category_spots" VALUES(19025,427,208408);
INSERT INTO "category_spots" VALUES(19025,428,208357);
INSERT INTO "category_spots" VALUES(19025,429,208431);
INSERT INTO "category_spots" VALUES(19025,430,208425);
INSERT INTO "category_spots" VALUES(19025,431,208385);
INSERT INTO "category_spots" VALUES(19025,432,208434);
INSERT INTO "category_spots" VALUES(19025,433,208374);
INSERT INTO "category_spots" VALUES(19025,434,208429);
INSERT INTO "category_spots" VALUES(19025,435,208428);
INSERT INTO "category_spots" VALUES(19025,436,208437);
INSERT INTO "category_spots" VALUES(19025,437,208662);
INSERT INTO "category_spots" VALUES(19025,438,208436);
INSERT INTO "category_spots" VALUES(19025,439,208426);
INSERT INTO "category_spots" VALUES(19025,440,208432);
INSERT INTO "category_spots" VALUES(19025,441,208427);
INSERT INTO "category_spots" VALUES(19025,442,208376);
INSERT INTO "category_spots" VALUES(19025,443,208433);
INSERT INTO "category_spots" VALUES(19025,444,208377);
INSERT INTO "category_spots" VALUES(19025,445,208375);
INSERT INTO "category_spots" VALUES(19025,446,208430);
INSERT INTO "category_spots" VALUES(19025,447,208435);
INSERT INTO "category_spots" VALUES(19025,448,208643);
INSERT INTO "category_spots" VALUES(19025,449,210663);
INSERT INTO "category_spots" VALUES(19025,450,208386);
INSERT INTO "category_spots" VALUES(19025,451,208383);
INSERT INTO "category_spots" VALUES(19025,452,209086);
INSERT INTO "category_spots" VALUES(19025,453,208387);
INSERT INTO "category_spots" VALUES(19025,454,208388);
INSERT INTO "category_spots" VALUES(19025,455,208379);
INSERT INTO "category_spots" VALUES(19025,456,208380);
INSERT INTO "category_spots" VALUES(19025,457,208378);
INSERT INTO "category_spots" VALUES(19025,458,208382);
INSERT INTO "category_spots" VALUES(19025,459,208384);
INSERT INTO "category_spots" VALUES(19025,460,208417);
INSERT INTO "category_spots" VALUES(19025,461,209076);
INSERT INTO "category_spots" VALUES(19025,462,208414);
INSERT INTO "category_spots" VALUES(19025,463,208389);
INSERT INTO "category_spots" VALUES(19025,464,208413);
INSERT INTO "category_spots" VALUES(19025,465,208256);
INSERT INTO "category_spots" VALUES(19025,466,209285);
INSERT INTO "category_spots" VALUES(19025,467,208381);
INSERT INTO "category_spots" VALUES(19025,468,208415);
INSERT INTO "category_spots" VALUES(19025,469,208391);
INSERT INTO "category_spots" VALUES(19025,470,208393);
INSERT INTO "category_spots" VALUES(19025,471,208416);
INSERT INTO "category_spots" VALUES(19025,472,209284);
INSERT INTO "category_spots" VALUES(19025,473,208390);
INSERT INTO "category_spots" VALUES(19025,474,208392);
INSERT INTO "category_spots" VALUES(19025,475,208400);
INSERT INTO "category_spots" VALUES(19025,476,208401);
INSERT INTO "category_spots" VALUES(19025,477,208406);
INSERT INTO "category_spots" VALUES(19025,478,208402);
INSERT INTO "category_spots" VALUES(19025,479,208395);
INSERT INTO "category_spots" VALUES(19025,480,209283);
INSERT INTO "category_spots" VALUES(19025,481,208634);
INSERT INTO "category_spots" VALUES(19025,482,208405);
INSERT INTO "category_spots" VALUES(19025,483,208403);
INSERT INTO "category_spots" VALUES(19025,484,208404);
INSERT INTO "category_spots" VALUES(19025,485,208398);
INSERT INTO "category_spots" VALUES(19025,486,208399);
INSERT INTO "category_spots" VALUES(19025,487,208394);
INSERT INTO "category_spots" VALUES(19025,488,208397);
INSERT INTO "category_spots" VALUES(19025,489,208396);
INSERT INTO "category_spots" VALUES(19028,0,208255);
INSERT INTO "category_spots" VALUES(19028,1,208253);
INSERT INTO "category_spots" VALUES(19028,2,208495);
INSERT INTO "category_spots" VALUES(19028,3,208188);
INSERT INTO "category_spots" VALUES(19028,4,208227);
INSERT INTO "category_spots" VALUES(19028,5,208228);
INSERT INTO "category_spots" VALUES(19028,6,208232);
INSERT INTO "category_spots" VALUES(19028,7,209296);
INSERT INTO "category_spots" VALUES(19028,8,208246);
INSERT INTO "category_spots" VALUES(19028,9,208247);
INSERT INTO "category_spots" VALUES(19028,10,208248);
INSERT INTO "category_spots" VALUES(19028,11,208249);
INSERT INTO "category_spots" VALUES(19028,12,208250);
INSERT INTO "category_spots" VALUES(19028,13,208182);
INSERT INTO "category_spots" VALUES(19028,14,208179);
INSERT INTO "category_spots" VALUES(19167,0,208513);
INSERT INTO "category_spots" VALUES(19167,1,208518);
INSERT INTO "category_spots" VALUES(19167,2,208517);
INSERT INTO "category_spots" VALUES(19167,3,208526);
INSERT INTO "category_spots" VALUES(19167,4,208527);
INSERT INTO "category_spots" VALUES(19168,0,208468);
INSERT INTO "category_spots" VALUES(19168,1,208471);
INSERT INTO "category_spots" VALUES(19168,2,208463);
INSERT INTO "category_spots" VALUES(19168,3,208473);
INSERT INTO "category_spots" VALUES(19697,0,208523);
INSERT INTO "category_spots" VALUES(19697,1,209287);
INSERT INTO "category_spots" VALUES(19697,2,208545);
INSERT INTO "category_spots" VALUES(19697,3,208488);
INSERT INTO "category_spots" VALUES(19697,4,208526);
INSERT INTO "category_spots" VALUES(19697,5,208641);
INSERT INTO "category_spots" VALUES(19697,6,208259);
INSERT INTO "category_spots" VALUES(19697,7,208263);
INSERT INTO "category_spots" VALUES(19697,8,208262);
INSERT INTO "category_spots" VALUES(19697,9,208554);
INSERT INTO "category_spots" VALUES(19697,10,208592);
INSERT INTO "category_spots" VALUES(19697,11,208467);
INSERT INTO "category_spots" VALUES(19697,12,208631);
INSERT INTO "category_spots" VALUES(19697,13,208472);
INSERT INTO "category_spots" VALUES(19697,14,208465);
INSERT INTO "category_spots" VALUES(19697,15,208309);
INSERT INTO "category_spots" VALUES(19697,16,208638);
INSERT INTO "category_spots" VALUES(19697,17,208328);
INSERT INTO "category_spots" VALUES(19697,18,208319);
INSERT INTO "category_spots" VALUES(19697,19,208599);
INSERT INTO "category_spots" VALUES(19697,20,208275);
INSERT INTO "category_spots" VALUES(19697,21,208289);
INSERT INTO "category_spots" VALUES(19697,22,208266);
INSERT INTO "category_spots" VALUES(19697,23,210058);
INSERT INTO "category_spots" VALUES(19697,24,208492);
INSERT INTO "category_spots" VALUES(19697,25,208602);
INSERT INTO "category_spots" VALUES(19697,26,208601);
INSERT INTO "category_spots" VALUES(19697,27,208255);
INSERT INTO "category_spots" VALUES(19697,28,208311);
INSERT INTO "category_spots" VALUES(19697,29,208318);
INSERT INTO "category_spots" VALUES(19697,30,208334);
INSERT INTO "category_spots" VALUES(19697,31,208632);
INSERT INTO "category_spots" VALUES(19697,32,208557);
INSERT INTO "category_spots" VALUES(19697,33,208253);
INSERT INTO "category_spots" VALUES(19697,34,208476);
INSERT INTO "category_spots" VALUES(19697,35,210057);
INSERT INTO "category_spots" VALUES(19697,36,208610);
INSERT INTO "category_spots" VALUES(19697,37,208313);
INSERT INTO "category_spots" VALUES(19697,38,209295);
INSERT INTO "category_spots" VALUES(19697,39,208276);
INSERT INTO "category_spots" VALUES(19697,40,208635);
INSERT INTO "category_spots" VALUES(19697,41,208280);
INSERT INTO "category_spots" VALUES(19697,42,208607);
INSERT INTO "category_spots" VALUES(19697,43,208291);
INSERT INTO "category_spots" VALUES(19697,44,208284);
INSERT INTO "category_spots" VALUES(19697,45,208639);
INSERT INTO "category_spots" VALUES(19697,46,208586);
INSERT INTO "category_spots" VALUES(19697,47,208254);
INSERT INTO "category_spots" VALUES(19697,48,208347);
INSERT INTO "category_spots" VALUES(19697,49,208636);
INSERT INTO "category_spots" VALUES(19697,50,208502);
INSERT INTO "category_spots" VALUES(19697,51,208338);
INSERT INTO "category_spots" VALUES(19697,52,208337);
INSERT INTO "category_spots" VALUES(19697,53,208573);
INSERT INTO "category_spots" VALUES(19697,54,208237);
INSERT INTO "category_spots" VALUES(19697,55,208576);
INSERT INTO "category_spots" VALUES(19697,56,208455);
INSERT INTO "category_spots" VALUES(19697,57,208481);
INSERT INTO "category_spots" VALUES(19697,58,208640);
INSERT INTO "category_spots" VALUES(19697,59,208246);
INSERT INTO "category_spots" VALUES(19697,60,208247);
INSERT INTO "category_spots" VALUES(19697,61,208248);
INSERT INTO "category_spots" VALUES(19697,62,208249);
INSERT INTO "category_spots" VALUES(19697,63,208240);
INSERT INTO "category_spots" VALUES(19697,64,208234);
INSERT INTO "category_spots" VALUES(19697,65,208450);
INSERT INTO "category_spots" VALUES(19697,66,208501);
INSERT INTO "category_spots" VALUES(19697,67,209298);
INSERT INTO "category_spots" VALUES(19697,68,208233);
INSERT INTO "category_spots" VALUES(19697,69,208236);
INSERT INTO "category_spots" VALUES(19697,70,208354);
INSERT INTO "category_spots" VALUES(19697,71,208637);
INSERT INTO "category_spots" VALUES(19697,72,208621);
INSERT INTO "category_spots" VALUES(19697,73,208642);
INSERT INTO "category_spots" VALUES(19697,74,208633);
INSERT INTO "category_spots" VALUES(19697,75,209297);
INSERT INTO "category_spots" VALUES(19697,76,208445);
INSERT INTO "category_spots" VALUES(19697,77,208372);
INSERT INTO "category_spots" VALUES(19697,78,208348);
INSERT INTO "category_spots" VALUES(19697,79,208350);
INSERT INTO "category_spots" VALUES(19697,80,208356);
INSERT INTO "category_spots" VALUES(19697,81,208351);
INSERT INTO "category_spots" VALUES(19697,82,208420);
INSERT INTO "category_spots" VALUES(19697,83,208361);
INSERT INTO "category_spots" VALUES(19697,84,208433);
INSERT INTO "category_spots" VALUES(19697,85,208375);
INSERT INTO "category_spots" VALUES(19697,86,208643);
INSERT INTO "category_spots" VALUES(19697,87,208387);
INSERT INTO "category_spots" VALUES(19697,88,208388);
INSERT INTO "category_spots" VALUES(19697,89,208379);
INSERT INTO "category_spots" VALUES(19697,90,208380);
INSERT INTO "category_spots" VALUES(19697,91,208384);
INSERT INTO "category_spots" VALUES(19697,92,208416);
INSERT INTO "category_spots" VALUES(19697,93,208390);
INSERT INTO "category_spots" VALUES(19697,94,208395);
INSERT INTO "category_spots" VALUES(19697,95,208634);
INSERT INTO "category_spots" VALUES(19697,96,208394);
INSERT INTO "category_spots" VALUES(19762,0,208510);
INSERT INTO "category_spots" VALUES(19762,1,208528);
INSERT INTO "category_spots" VALUES(19762,2,208509);
INSERT INTO "category_spots" VALUES(19762,3,208534);
INSERT INTO "category_spots" VALUES(19762,4,208525);
INSERT INTO "category_spots" VALUES(19762,5,208623);
INSERT INTO "category_spots" VALUES(19882,0,208259);
INSERT INTO "category_spots" VALUES(19882,1,208271);
INSERT INTO "category_spots" VALUES(19882,2,208264);
INSERT INTO "category_spots" VALUES(19882,3,208275);
INSERT INTO "category_spots" VALUES(19882,4,208272);
INSERT INTO "category_spots" VALUES(19882,5,208289);
INSERT INTO "category_spots" VALUES(19882,6,208609);
INSERT INTO "category_spots" VALUES(19882,7,208331);
INSERT INTO "category_spots" VALUES(19882,8,208332);
INSERT INTO "category_spots" VALUES(19882,9,208619);
INSERT INTO "category_spots" VALUES(19882,10,208318);
INSERT INTO "category_spots" VALUES(19882,11,208334);
INSERT INTO "category_spots" VALUES(19883,0,208337);
INSERT INTO "category_spots" VALUES(19883,1,208345);
INSERT INTO "category_spots" VALUES(19883,2,208358);
INSERT INTO "category_spots" VALUES(19883,3,208350);
INSERT INTO "category_spots" VALUES(19883,4,208356);
INSERT INTO "category_spots" VALUES(19883,5,210059);
INSERT INTO "category_spots" VALUES(19883,6,208419);
INSERT INTO "category_spots" VALUES(19883,7,208377);
INSERT INTO "category_spots" VALUES(19883,8,208386);
INSERT INTO "category_spots" VALUES(19883,9,208387);
INSERT INTO "category_spots" VALUES(19883,10,208388);
INSERT INTO "category_spots" VALUES(19883,11,208380);
INSERT INTO "category_spots" VALUES(19883,12,208378);
INSERT INTO "category_spots" VALUES(19883,13,208382);
INSERT INTO "category_spots" VALUES(19883,14,208384);
INSERT INTO "category_spots" VALUES(19883,15,209283);
INSERT INTO "category_spots" VALUES(19883,16,208403);
INSERT INTO "category_spots" VALUES(19884,0,208494);
INSERT INTO "category_spots" VALUES(19884,1,208495);
INSERT INTO "category_spots" VALUES(19884,2,208502);
INSERT INTO "category_spots" VALUES(19884,3,208455);
INSERT INTO "category_spots" VALUES(19884,4,208501);
INSERT INTO "category_spots" VALUES(19884,5,208451);
INSERT INTO "category_spots" VALUES(19884,6,208621);
INSERT INTO "category_spots" VALUES(19884,7,209288);
INSERT INTO "category_spots" VALUES(19884,8,208453);
INSERT INTO "category_spots" VALUES(19884,9,208444);
INSERT INTO "category_spots" VALUES(19884,10,208445);
INSERT INTO "category_spots" VALUES(19884,11,208458);
INSERT INTO "category_spots" VALUES(19884,12,208443);
INSERT INTO "category_spots" VALUES(19884,13,208446);
INSERT INTO "category_spots" VALUES(19884,14,208441);
INSERT INTO "category_spots" VALUES(19884,15,208434);
INSERT INTO "category_spots" VALUES(19884,16,208437);
INSERT INTO "category_spots" VALUES(19884,17,208433);
INSERT INTO "category_spots" VALUES(19885,0,209287);
INSERT INTO "category_spots" VALUES(19885,1,208510);
INSERT INTO "category_spots" VALUES(19885,2,208513);
INSERT INTO "category_spots" VALUES(19885,3,208518);
INSERT INTO "category_spots" VALUES(19885,4,208528);
INSERT INTO "category_spots" VALUES(19885,5,208517);
INSERT INTO "category_spots" VALUES(19885,6,208526);
INSERT INTO "category_spots" VALUES(19885,7,208509);
INSERT INTO "category_spots" VALUES(19885,8,208534);
INSERT INTO "category_spots" VALUES(19885,9,208525);
INSERT INTO "category_spots" VALUES(19885,10,208468);
INSERT INTO "category_spots" VALUES(19885,11,208527);
INSERT INTO "category_spots" VALUES(19885,12,208471);
INSERT INTO "category_spots" VALUES(19885,13,208623);
INSERT INTO "category_spots" VALUES(19885,14,208463);
INSERT INTO "category_spots" VALUES(19885,15,208473);
INSERT INTO "category_spots" VALUES(19885,16,209288);
INSERT INTO "category_spots" VALUES(19886,0,208565);
INSERT INTO "category_spots" VALUES(19886,1,208554);
INSERT INTO "category_spots" VALUES(19886,2,209293);
INSERT INTO "category_spots" VALUES(19886,3,208599);
INSERT INTO "category_spots" VALUES(19886,4,208606);
INSERT INTO "category_spots" VALUES(19886,5,208562);
INSERT INTO "category_spots" VALUES(19886,6,208600);
INSERT INTO "category_spots" VALUES(19886,7,208564);
INSERT INTO "category_spots" VALUES(19886,8,208539);
INSERT INTO "category_spots" VALUES(19886,9,208557);
INSERT INTO "category_spots" VALUES(19886,10,208583);
INSERT INTO "category_spots" VALUES(19886,11,208540);
INSERT INTO "category_spots" VALUES(19886,12,208603);
INSERT INTO "category_spots" VALUES(19886,13,209295);
INSERT INTO "category_spots" VALUES(19886,14,208556);
INSERT INTO "category_spots" VALUES(19886,15,208584);
INSERT INTO "category_spots" VALUES(19886,16,208588);
INSERT INTO "category_spots" VALUES(19886,17,208544);
INSERT INTO "category_spots" VALUES(19886,18,209460);
INSERT INTO "category_spots" VALUES(19887,0,208515);
INSERT INTO "category_spots" VALUES(19887,1,208523);
INSERT INTO "category_spots" VALUES(19887,2,209287);
INSERT INTO "category_spots" VALUES(19887,3,208545);
INSERT INTO "category_spots" VALUES(19887,4,208526);
INSERT INTO "category_spots" VALUES(19887,5,208328);
INSERT INTO "category_spots" VALUES(19887,6,208319);
INSERT INTO "category_spots" VALUES(19887,7,208327);
INSERT INTO "category_spots" VALUES(19887,8,208492);
INSERT INTO "category_spots" VALUES(19887,9,208602);
INSERT INTO "category_spots" VALUES(19887,10,208601);
INSERT INTO "category_spots" VALUES(19887,11,208311);
INSERT INTO "category_spots" VALUES(19887,12,208582);
INSERT INTO "category_spots" VALUES(19887,13,208253);
INSERT INTO "category_spots" VALUES(19887,14,208476);
INSERT INTO "category_spots" VALUES(19887,15,210057);
INSERT INTO "category_spots" VALUES(19887,16,208313);
INSERT INTO "category_spots" VALUES(19887,17,209295);
INSERT INTO "category_spots" VALUES(19887,18,208244);
INSERT INTO "category_spots" VALUES(19887,19,208239);
INSERT INTO "category_spots" VALUES(19887,20,208481);
INSERT INTO "category_spots" VALUES(19887,21,208240);
INSERT INTO "category_spots" VALUES(19887,22,208450);
INSERT INTO "category_spots" VALUES(19887,23,208451);
INSERT INTO "category_spots" VALUES(19887,24,208236);
INSERT INTO "category_spots" VALUES(19887,25,208633);
INSERT INTO "category_spots" VALUES(19887,26,208414);
INSERT INTO "category_spots" VALUES(19887,27,208390);
INSERT INTO "category_spots" VALUES(19887,28,208395);
INSERT INTO "category_spots" VALUES(19887,29,209283);
INSERT INTO "category_spots" VALUES(19887,30,208394);
INSERT INTO "category_spots" VALUES(20124,0,208619);
INSERT INTO "category_spots" VALUES(20124,1,208332);
INSERT INTO "category_spots" VALUES(20124,2,208331);
INSERT INTO "category_spots" VALUES(20124,3,208318);
INSERT INTO "category_spots" VALUES(20125,0,208259);
INSERT INTO "category_spots" VALUES(20125,1,208271);
INSERT INTO "category_spots" VALUES(20125,2,208264);
INSERT INTO "category_spots" VALUES(20125,3,208609);
INSERT INTO "category_spots" VALUES(20126,0,208275);
INSERT INTO "category_spots" VALUES(20126,1,208272);
INSERT INTO "category_spots" VALUES(20126,2,208289);
INSERT INTO "category_spots" VALUES(20126,3,208334);
INSERT INTO "category_spots" VALUES(20172,0,208451);
INSERT INTO "category_spots" VALUES(20172,1,208455);
INSERT INTO "category_spots" VALUES(20172,2,208453);
INSERT INTO "category_spots" VALUES(20172,3,208444);
INSERT INTO "category_spots" VALUES(20172,4,208445);
INSERT INTO "category_spots" VALUES(20173,0,208441);
INSERT INTO "category_spots" VALUES(20173,1,208437);
INSERT INTO "category_spots" VALUES(20173,2,208434);
INSERT INTO "category_spots" VALUES(20173,3,208433);
INSERT INTO "category_spots" VALUES(20173,4,208443);
INSERT INTO "category_spots" VALUES(20173,5,208446);
INSERT INTO "category_spots" VALUES(20174,0,208494);
INSERT INTO "category_spots" VALUES(20174,1,208495);
INSERT INTO "category_spots" VALUES(20174,2,208502);
INSERT INTO "category_spots" VALUES(20174,3,208501);
INSERT INTO "category_spots" VALUES(20174,4,208621);
INSERT INTO "category_spots" VALUES(20174,5,209288);
INSERT INTO "category_spots" VALUES(20174,6,208458);
INSERT INTO "category_spots" VALUES(20177,0,208356);
INSERT INTO "category_spots" VALUES(20177,1,208358);
INSERT INTO "category_spots" VALUES(20177,2,208345);
INSERT INTO "category_spots" VALUES(20177,3,208386);
INSERT INTO "category_spots" VALUES(20177,4,208384);
INSERT INTO "category_spots" VALUES(20177,5,208403);
INSERT INTO "category_spots" VALUES(20178,0,208337);
INSERT INTO "category_spots" VALUES(20178,1,208350);
INSERT INTO "category_spots" VALUES(20178,2,208377);
INSERT INTO "category_spots" VALUES(20178,3,210059);
INSERT INTO "category_spots" VALUES(20178,4,208419);
INSERT INTO "category_spots" VALUES(20180,0,208380);
INSERT INTO "category_spots" VALUES(20180,1,208387);
INSERT INTO "category_spots" VALUES(20180,2,208388);
INSERT INTO "category_spots" VALUES(20180,3,208378);
INSERT INTO "category_spots" VALUES(20180,4,208382);
INSERT INTO "category_spots" VALUES(20180,5,208384);
INSERT INTO "category_spots" VALUES(20187,0,208253);
INSERT INTO "category_spots" VALUES(20187,1,208255);
INSERT INTO "category_spots" VALUES(20187,2,208228);
INSERT INTO "category_spots" VALUES(20187,3,208232);
INSERT INTO "category_spots" VALUES(20187,4,209296);
INSERT INTO "category_spots" VALUES(20187,5,208495);
INSERT INTO "category_spots" VALUES(20188,0,208249);
INSERT INTO "category_spots" VALUES(20188,1,208248);
INSERT INTO "category_spots" VALUES(20188,2,208246);
INSERT INTO "category_spots" VALUES(20188,3,208250);
INSERT INTO "category_spots" VALUES(20188,4,208247);
INSERT INTO "category_spots" VALUES(20189,0,208554);
INSERT INTO "category_spots" VALUES(20189,1,208562);
INSERT INTO "category_spots" VALUES(20189,2,208539);
INSERT INTO "category_spots" VALUES(20189,3,208540);
INSERT INTO "category_spots" VALUES(20189,4,208544);
INSERT INTO "category_spots" VALUES(20189,5,209460);
INSERT INTO "category_spots" VALUES(20190,0,209293);
INSERT INTO "category_spots" VALUES(20190,1,208565);
INSERT INTO "category_spots" VALUES(20190,2,208564);
INSERT INTO "category_spots" VALUES(20190,3,208557);
INSERT INTO "category_spots" VALUES(20190,4,208556);
INSERT INTO "category_spots" VALUES(20191,0,208606);
INSERT INTO "category_spots" VALUES(20191,1,208599);
INSERT INTO "category_spots" VALUES(20191,2,208603);
INSERT INTO "category_spots" VALUES(20191,3,208600);
INSERT INTO "category_spots" VALUES(20191,4,208588);
INSERT INTO "category_spots" VALUES(20191,5,208584);
INSERT INTO "category_spots" VALUES(20191,6,208583);
INSERT INTO "category_spots" VALUES(20192,0,208390);
INSERT INTO "category_spots" VALUES(20192,1,208414);
INSERT INTO "category_spots" VALUES(20192,2,209283);
INSERT INTO "category_spots" VALUES(20192,3,208395);
INSERT INTO "category_spots" VALUES(20192,4,208394);
INSERT INTO "category_spots" VALUES(20193,0,208253);
INSERT INTO "category_spots" VALUES(20193,1,208239);
INSERT INTO "category_spots" VALUES(20193,2,208244);
INSERT INTO "category_spots" VALUES(20193,3,208236);
INSERT INTO "category_spots" VALUES(20193,4,208240);
INSERT INTO "category_spots" VALUES(20193,5,208633);
INSERT INTO "category_spots" VALUES(20194,0,209295);
INSERT INTO "category_spots" VALUES(20194,1,208601);
INSERT INTO "category_spots" VALUES(20194,2,208602);
INSERT INTO "category_spots" VALUES(20194,3,208582);
INSERT INTO "category_spots" VALUES(20194,4,210057);
INSERT INTO "category_spots" VALUES(20195,0,208327);
INSERT INTO "category_spots" VALUES(20195,1,208319);
INSERT INTO "category_spots" VALUES(20195,2,208328);
INSERT INTO "category_spots" VALUES(20195,3,208311);
INSERT INTO "category_spots" VALUES(20195,4,208313);
INSERT INTO "category_spots" VALUES(20196,0,208476);
INSERT INTO "category_spots" VALUES(20196,1,208492);
INSERT INTO "category_spots" VALUES(20196,2,208450);
INSERT INTO "category_spots" VALUES(20196,3,208481);
INSERT INTO "category_spots" VALUES(20196,4,208451);
INSERT INTO "category_spots" VALUES(20197,0,208515);
INSERT INTO "category_spots" VALUES(20197,1,208523);
INSERT INTO "category_spots" VALUES(20197,2,209287);
INSERT INTO "category_spots" VALUES(20197,3,208545);
INSERT INTO "category_spots" VALUES(20197,4,208526);
INSERT INTO "category_spots" VALUES(20482,0,208179);
INSERT INTO "category_spots" VALUES(20482,1,208182);
INSERT INTO "category_spots" VALUES(20482,2,208227);
INSERT INTO "category_spots" VALUES(20482,3,208188);
INSERT INTO "category_spots" VALUES(20482,4,208255);
CREATE TABLE category_tree
(
    edge_id INTEGER PRIMARY KEY AUTOINCREMENT,
    parent_id INTEGER NOT NULL,
    child_id INTEGER NOT NULL
);
INSERT INTO "category_tree" VALUES(1,0,19016);
INSERT INTO "category_tree" VALUES(2,0,19018);
INSERT INTO "category_tree" VALUES(3,0,19025);
INSERT INTO "category_tree" VALUES(4,0,19028);
INSERT INTO "category_tree" VALUES(5,19885,19167);
INSERT INTO "category_tree" VALUES(6,19885,19168);
INSERT INTO "category_tree" VALUES(7,0,19697);
INSERT INTO "category_tree" VALUES(8,19885,19762);
INSERT INTO "category_tree" VALUES(9,0,19882);
INSERT INTO "category_tree" VALUES(10,0,19883);
INSERT INTO "category_tree" VALUES(11,0,19884);
INSERT INTO "category_tree" VALUES(12,0,19885);
INSERT INTO "category_tree" VALUES(13,0,19886);
INSERT INTO "category_tree" VALUES(14,0,19887);
INSERT INTO "category_tree" VALUES(15,19882,20124);
INSERT INTO "category_tree" VALUES(16,19882,20125);
INSERT INTO "category_tree" VALUES(17,19882,20126);
INSERT INTO "category_tree" VALUES(18,19884,20172);
INSERT INTO "category_tree" VALUES(19,19884,20173);
INSERT INTO "category_tree" VALUES(20,19884,20174);
INSERT INTO "category_tree" VALUES(21,19883,20177);
INSERT INTO "category_tree" VALUES(22,19883,20178);
INSERT INTO "category_tree" VALUES(23,19883,20180);
INSERT INTO "category_tree" VALUES(24,19028,20187);
INSERT INTO "category_tree" VALUES(25,19028,20188);
INSERT INTO "category_tree" VALUES(26,19886,20189);
INSERT INTO "category_tree" VALUES(27,19886,20190);
INSERT INTO "category_tree" VALUES(28,19886,20191);
INSERT INTO "category_tree" VALUES(29,19887,20192);
INSERT INTO "category_tree" VALUES(30,19887,20193);
INSERT INTO "category_tree" VALUES(31,19887,20194);
INSERT INTO "category_tree" VALUES(32,19887,20195);
INSERT INTO "category_tree" VALUES(33,19887,20196);
INSERT INTO "category_tree" VALUES(34,19887,20197);
INSERT INTO "category_tree" VALUES(35,19028,20482);
CREATE TABLE course_names
(
    category_id INTEGER PRIMARY KEY,
    cource_name TEXT UNIQUE NOT NULL
);
INSERT INTO "course_names" VALUES(19167,'唯一無二の景観に感動！　房総のフォトスポットめぐり');
INSERT INTO "course_names" VALUES(19168,'子どもと一緒に楽しむ体験ツアー');
INSERT INTO "course_names" VALUES(19762,'市原・君津・木更津　話題のスポットをめぐるコース');
INSERT INTO "course_names" VALUES(20124,'ベイエリアで和洋の近代建築とアートを堪能');
INSERT INTO "course_names" VALUES(20125,'船橋・市川・浦安のミュージアムめぐり');
INSERT INTO "course_names" VALUES(20126,'市川・船橋・千葉の神社仏閣めぐり');
INSERT INTO "course_names" VALUES(20172,'海だけでない　九十九里の魅力を体験');
INSERT INTO "course_names" VALUES(20173,'海・山・歴史・文化　九十九里の多彩な魅力を体験');
INSERT INTO "course_names" VALUES(20174,'九十九里フォトスポット・パワースポットめぐり');
INSERT INTO "course_names" VALUES(20177,'「北総四都市江戸紀行」神社仏閣めぐり');
INSERT INTO "course_names" VALUES(20178,'北総で古代のロマンを感じる旅');
INSERT INTO "course_names" VALUES(20180,'「北総の小江戸」佐原を満喫');
INSERT INTO "course_names" VALUES(20187,'東葛飾に残る江戸の風情と幕末を感じる旅');
INSERT INTO "course_names" VALUES(20188,'白樺派の文人たちが愛した手賀沼湖畔を散策');
INSERT INTO "course_names" VALUES(20189,'外房の海と南房総の里山の自然を味わうドライブコース');
INSERT INTO "course_names" VALUES(20190,'日蓮聖人ゆかりの地、鴨川の歴史を知る御朱印めぐり');
INSERT INTO "course_names" VALUES(20191,'南房総の海を満喫！房総最南端の海岸線をめぐる旅');
INSERT INTO "course_names" VALUES(20192,'＜ちば文化資産＞ダイナミックな景観と、下総の歴史と文化に出会う旅');
INSERT INTO "course_names" VALUES(20193,'＜ちば文化資産＞東葛飾　江戸・明治の歴史的建築物めぐり');
INSERT INTO "course_names" VALUES(20194,'＜ちば文化資産＞南房総の波と歴史に魅せられるダイナミッ');
INSERT INTO "course_names" VALUES(20195,'＜ちば文化資産＞千葉都市モノレールで行く「ちば文化資産」めぐり');
INSERT INTO "course_names" VALUES(20196,'＜ちば文化資産＞九十九里が誇る日本唯一の建築様式のお寺や歴史の痕跡をたどる');
INSERT INTO "course_names" VALUES(20197,'＜ちば文化資産＞驚きと感動の連続！かずさ・臨海エリアの絶景スポットをめぐる');
INSERT INTO "course_names" VALUES(20482,'水運で栄えた江戸川沿いの名所をたどる');
CREATE TABLE spot_addresses
(
    spot_id INTEGER PRIMARY KEY,
    spot_address TEXT NOT NULL
);
INSERT INTO "spot_addresses" VALUES(207134,'銚子市八木町1777-1');
INSERT INTO "spot_addresses" VALUES(207135,'館山市館山351-2');
INSERT INTO "spot_addresses" VALUES(207136,'成田市仲町381');
INSERT INTO "spot_addresses" VALUES(207137,'旭市萩園1437');
INSERT INTO "spot_addresses" VALUES(207138,'八街市八街ほ796-1');
INSERT INTO "spot_addresses" VALUES(207139,'八街市中央14-1');
INSERT INTO "spot_addresses" VALUES(207140,'香取市佐原イ1722-1');
INSERT INTO "spot_addresses" VALUES(207141,'夷隅郡御宿町岩和田702');
INSERT INTO "spot_addresses" VALUES(207142,'安房郡鋸南町元名184');
INSERT INTO "spot_addresses" VALUES(207143,'山武市蓮沼ハ4826');
INSERT INTO "spot_addresses" VALUES(207144,'船橋市山手1-1-8');
INSERT INTO "spot_addresses" VALUES(207145,'八千代市緑が丘2-1-3');
INSERT INTO "spot_addresses" VALUES(207146,'市川市鬼高1-1-1');
INSERT INTO "spot_addresses" VALUES(207147,'浦安市入船1-4-1');
INSERT INTO "spot_addresses" VALUES(207148,'習志野市谷津1-16-1');
INSERT INTO "spot_addresses" VALUES(207149,'千葉市中央区青葉町955-2');
INSERT INTO "spot_addresses" VALUES(207150,'千葉市中央区 中央港1-10-1');
INSERT INTO "spot_addresses" VALUES(208179,'野田市関宿三軒家143-4');
INSERT INTO "spot_addresses" VALUES(208180,'野田市東宝珠花237番地1いちいのホール5階');
INSERT INTO "spot_addresses" VALUES(208181,'野田市三ツ堀369');
INSERT INTO "spot_addresses" VALUES(208182,'野田市清水906');
INSERT INTO "spot_addresses" VALUES(208183,'野田市桜台210');
INSERT INTO "spot_addresses" VALUES(208184,'野田市野田370-8');
INSERT INTO "spot_addresses" VALUES(208185,'野田市野田250');
INSERT INTO "spot_addresses" VALUES(208186,'野田市関宿町1273');
INSERT INTO "spot_addresses" VALUES(208187,'野田市上花輪507');
INSERT INTO "spot_addresses" VALUES(208188,'流山市流山6-649');
INSERT INTO "spot_addresses" VALUES(208227,'流山市流山6-670-1');
INSERT INTO "spot_addresses" VALUES(208228,'流山市流山2-109-9');
INSERT INTO "spot_addresses" VALUES(208229,'流山市流山2-101-1');
INSERT INTO "spot_addresses" VALUES(208230,'流山市流山3-90');
INSERT INTO "spot_addresses" VALUES(208231,'流山市流山1-153');
INSERT INTO "spot_addresses" VALUES(208232,'流山市加1-1225-6');
INSERT INTO "spot_addresses" VALUES(208233,'流山市東深井368-1');
INSERT INTO "spot_addresses" VALUES(208234,'柏市中十余二399-1');
INSERT INTO "spot_addresses" VALUES(208235,'柏市布施1738');
INSERT INTO "spot_addresses" VALUES(208236,'柏市花野井字原974-1');
INSERT INTO "spot_addresses" VALUES(208237,'柏市呼塚新田字南道灌橋205他');
INSERT INTO "spot_addresses" VALUES(208238,'柏市柏市高田100');
INSERT INTO "spot_addresses" VALUES(208239,'柏市箕輪新田59-2');
INSERT INTO "spot_addresses" VALUES(208240,'柏市手賀666-2');
INSERT INTO "spot_addresses" VALUES(208241,'柏市布瀬89-1');
INSERT INTO "spot_addresses" VALUES(208242,'柏市岩井424');
INSERT INTO "spot_addresses" VALUES(208243,'柏市布施2005-2');
INSERT INTO "spot_addresses" VALUES(208244,'柏市柳戸612');
INSERT INTO "spot_addresses" VALUES(208245,'柏市増尾字稲荷下650他');
INSERT INTO "spot_addresses" VALUES(208246,'我孫子市若松1');
INSERT INTO "spot_addresses" VALUES(208247,'我孫子市高野山新田193');
INSERT INTO "spot_addresses" VALUES(208248,'我孫子市緑2-11-8');
INSERT INTO "spot_addresses" VALUES(208249,'我孫子市緑2-5-5');
INSERT INTO "spot_addresses" VALUES(208250,'我孫子市寿2-27-9');
INSERT INTO "spot_addresses" VALUES(208251,'我孫子市日秀90');
INSERT INTO "spot_addresses" VALUES(208252,'我孫子市新木1812');
INSERT INTO "spot_addresses" VALUES(208253,'千葉県松戸市松戸７１４−１ 戸定が丘歴史公園');
INSERT INTO "spot_addresses" VALUES(208254,'松戸市平賀63');
INSERT INTO "spot_addresses" VALUES(208255,'松戸市下矢切1257');
INSERT INTO "spot_addresses" VALUES(208256,'旭市イ2337');
INSERT INTO "spot_addresses" VALUES(208257,'松戸市千駄堀671');
INSERT INTO "spot_addresses" VALUES(208258,'松戸市五香8-31-1');
INSERT INTO "spot_addresses" VALUES(208259,'浦安市猫実1-2-7');
INSERT INTO "spot_addresses" VALUES(208260,'浦安市堀江3-1-8');
INSERT INTO "spot_addresses" VALUES(208261,'浦安市日の出7-9-1');
INSERT INTO "spot_addresses" VALUES(208262,'浦安市堀江3-3-1');
INSERT INTO "spot_addresses" VALUES(208263,'浦安市堀江3-4-8');
INSERT INTO "spot_addresses" VALUES(208264,'市川市鬼高1-1-3');
INSERT INTO "spot_addresses" VALUES(208265,'市川市福栄4-22-11');
INSERT INTO "spot_addresses" VALUES(208266,'市川市中山2-10-1');
INSERT INTO "spot_addresses" VALUES(208267,'市川市大町284-1');
INSERT INTO "spot_addresses" VALUES(208268,'市川市市川南1-10-1ザ・タワーズ・ウエスト45階');
INSERT INTO "spot_addresses" VALUES(208269,'市川市国分6-10-1');
INSERT INTO "spot_addresses" VALUES(208270,'市川市堀之内2-26-1');
INSERT INTO "spot_addresses" VALUES(208271,'市川市本塩21-3');
INSERT INTO "spot_addresses" VALUES(208272,'市川市菅野1-15-2');
INSERT INTO "spot_addresses" VALUES(208273,'市川市北国分1-1');
INSERT INTO "spot_addresses" VALUES(208274,'市川市真間4-9-1');
INSERT INTO "spot_addresses" VALUES(208275,'市川市八幡4-2-1');
INSERT INTO "spot_addresses" VALUES(208276,'鎌ケ谷市鎌ケ谷1-5');
INSERT INTO "spot_addresses" VALUES(208277,'鎌ケ谷市中沢459');
INSERT INTO "spot_addresses" VALUES(208278,'鎌ケ谷市初富本町2丁目22番');
INSERT INTO "spot_addresses" VALUES(208279,'鎌ケ谷市初富924-6他');
INSERT INTO "spot_addresses" VALUES(208280,'鎌ケ谷市東中沢2-1');
INSERT INTO "spot_addresses" VALUES(208281,'鎌ケ谷市中央1-8-31');
INSERT INTO "spot_addresses" VALUES(208282,'白井市復1459-12');
INSERT INTO "spot_addresses" VALUES(208283,'船橋市潮見町40');
INSERT INTO "spot_addresses" VALUES(208284,'船橋市金堀町525');
INSERT INTO "spot_addresses" VALUES(208285,'船橋市大神保町1356-3');
INSERT INTO "spot_addresses" VALUES(208286,'船橋市大神保町586-2');
INSERT INTO "spot_addresses" VALUES(208287,'船橋市潮見町40');
INSERT INTO "spot_addresses" VALUES(208288,'船橋市行田3-7-1');
INSERT INTO "spot_addresses" VALUES(208289,'船橋市宮本5-2-1');
INSERT INTO "spot_addresses" VALUES(208290,'船橋市日の出1-22-1');
INSERT INTO "spot_addresses" VALUES(208291,'八千代市大和田新田755');
INSERT INTO "spot_addresses" VALUES(208292,'八千代市米本4905−1');
INSERT INTO "spot_addresses" VALUES(208293,'八千代市村上901-2');
INSERT INTO "spot_addresses" VALUES(208294,'八千代市ゆりのき台3-8-1');
INSERT INTO "spot_addresses" VALUES(208295,'八千代市大和田新田640-7');
INSERT INTO "spot_addresses" VALUES(208296,'八千代市村上1170-2');
INSERT INTO "spot_addresses" VALUES(208297,'八千代市村上1530−1');
INSERT INTO "spot_addresses" VALUES(208298,'八千代市米本1587');
INSERT INTO "spot_addresses" VALUES(208299,'千葉県八千代市真木野２４４');
INSERT INTO "spot_addresses" VALUES(208300,'八千代市小池531');
INSERT INTO "spot_addresses" VALUES(208301,'八千代市保品917');
INSERT INTO "spot_addresses" VALUES(208302,'八千代市吉橋804');
INSERT INTO "spot_addresses" VALUES(208303,'千葉県八千代市高津１３４７');
INSERT INTO "spot_addresses" VALUES(208304,'八千代市萱田1427');
INSERT INTO "spot_addresses" VALUES(208305,'印西市原山1-12-1');
INSERT INTO "spot_addresses" VALUES(208306,'印西市木下1489-1');
INSERT INTO "spot_addresses" VALUES(208307,'印西市草深178-2');
INSERT INTO "spot_addresses" VALUES(208308,'習志野市谷津3-1-14');
INSERT INTO "spot_addresses" VALUES(208309,'習志野市秋津5-1-1');
INSERT INTO "spot_addresses" VALUES(208310,'千葉市若葉区野呂町108 泉自然公園内');
INSERT INTO "spot_addresses" VALUES(208311,'千葉市中央区亥鼻1-6-1');
INSERT INTO "spot_addresses" VALUES(208312,'千葉市中央区青葉町955-2（青葉の森公園内）');
INSERT INTO "spot_addresses" VALUES(208313,'千葉市若葉区桜木8-33-1');
INSERT INTO "spot_addresses" VALUES(208314,'千葉県千葉市若葉区富田町７１１−１ 富田さとにわ耕園');
INSERT INTO "spot_addresses" VALUES(208315,'千葉市若葉区富田町983-1');
INSERT INTO "spot_addresses" VALUES(208316,'千葉市若葉区源町280');
INSERT INTO "spot_addresses" VALUES(208317,'千葉市中央区中央4-5-1');
INSERT INTO "spot_addresses" VALUES(208318,'千葉市中央区中央3-10-8');
INSERT INTO "spot_addresses" VALUES(208319,'千葉市中央区中央港1-10-1');
INSERT INTO "spot_addresses" VALUES(208320,'千葉市中央区弁天3-1-1');
INSERT INTO "spot_addresses" VALUES(208321,'千葉市中央区弁天4-1-1');
INSERT INTO "spot_addresses" VALUES(208322,'千葉市中央区川崎町1-20');
INSERT INTO "spot_addresses" VALUES(208323,'千葉市美浜区美浜1');
INSERT INTO "spot_addresses" VALUES(208324,'千葉市美浜区中瀬2-1');
INSERT INTO "spot_addresses" VALUES(208325,'千葉市美浜区新港224-1');
INSERT INTO "spot_addresses" VALUES(208326,'千葉市緑区あすみが丘東3－15');
INSERT INTO "spot_addresses" VALUES(208327,'千葉市中央区中央港1-20-1');
INSERT INTO "spot_addresses" VALUES(208328,'千葉市中央区中央港1');
INSERT INTO "spot_addresses" VALUES(208329,'千葉市美浜区高浜7-2');
INSERT INTO "spot_addresses" VALUES(208330,'千葉市緑区土気町34');
INSERT INTO "spot_addresses" VALUES(208331,'千葉市稲毛区稲毛1-8-35(千葉市民ギャラリー･いなげ内)');
INSERT INTO "spot_addresses" VALUES(208332,'千葉市稲毛区稲毛1-16-12');
INSERT INTO "spot_addresses" VALUES(208333,'千葉市若葉区御殿町2549');
INSERT INTO "spot_addresses" VALUES(208334,'千葉市中央区院内1-16-1');
INSERT INTO "spot_addresses" VALUES(208335,'四街道市鹿放ヶ丘284-12');
INSERT INTO "spot_addresses" VALUES(208336,'佐倉市臼井田2714');
INSERT INTO "spot_addresses" VALUES(208337,'佐倉市城内町117');
INSERT INTO "spot_addresses" VALUES(208338,'佐倉市城内町官有無番地');
INSERT INTO "spot_addresses" VALUES(208339,'佐倉市新町210');
INSERT INTO "spot_addresses" VALUES(208340,'佐倉市飯野820');
INSERT INTO "spot_addresses" VALUES(208341,'佐倉市宮小路町57');
INSERT INTO "spot_addresses" VALUES(208342,'佐倉市裏新町1-4');
INSERT INTO "spot_addresses" VALUES(208343,'佐倉市本町81');
INSERT INTO "spot_addresses" VALUES(208344,'佐倉市鏑木町274');
INSERT INTO "spot_addresses" VALUES(208345,'佐倉市鏑木町933-1');
INSERT INTO "spot_addresses" VALUES(208346,'佐倉市城内町5-23');
INSERT INTO "spot_addresses" VALUES(208347,'千葉県佐倉市坂戸631');
INSERT INTO "spot_addresses" VALUES(208348,'印旛郡栄町龍角寺1028');
INSERT INTO "spot_addresses" VALUES(208349,'印旛郡栄町龍角寺1039-1');
INSERT INTO "spot_addresses" VALUES(208350,'印旛郡栄町龍角寺1039-1地先');
INSERT INTO "spot_addresses" VALUES(208351,'印旛郡栄町龍角寺239');
INSERT INTO "spot_addresses" VALUES(208352,'印旛郡栄町安食3620');
INSERT INTO "spot_addresses" VALUES(208353,'印旛郡酒々井町馬橋106');
INSERT INTO "spot_addresses" VALUES(208354,'印旛郡酒々井町本佐倉・佐倉市大佐倉');
INSERT INTO "spot_addresses" VALUES(208355,'印旛郡酒々井町墨1549-1（酒々井町コミュニティプラザ敷地内）');
INSERT INTO "spot_addresses" VALUES(208356,'成田市成田1');
INSERT INTO "spot_addresses" VALUES(208357,'成田市名木730-3');
INSERT INTO "spot_addresses" VALUES(208358,'成田市宗吾1-558');
INSERT INTO "spot_addresses" VALUES(208359,'成田市駒井野1353-1');
INSERT INTO "spot_addresses" VALUES(208360,'成田市駒井野1338-1');
INSERT INTO "spot_addresses" VALUES(208361,'成田市古込1-1');
INSERT INTO "spot_addresses" VALUES(208362,'成田市花崎町付近 （JR成田駅前参道口）');
INSERT INTO "spot_addresses" VALUES(208363,'成田市仲町383-1');
INSERT INTO "spot_addresses" VALUES(208364,'成田市大竹1450');
INSERT INTO "spot_addresses" VALUES(208365,'成田市三里塚御料1-34');
INSERT INTO "spot_addresses" VALUES(208366,'成田市高岡1500');
INSERT INTO "spot_addresses" VALUES(208367,'成田市天神峰80-1');
INSERT INTO "spot_addresses" VALUES(208368,'八街市八街ほ237');
INSERT INTO "spot_addresses" VALUES(208369,'八街市八街ほ796-1');
INSERT INTO "spot_addresses" VALUES(208370,'富里市七栄650-206（旧岩崎久彌末廣農場別邸公園隣）');
INSERT INTO "spot_addresses" VALUES(208371,'富里市高松101');
INSERT INTO "spot_addresses" VALUES(208372,'富里市七栄650-25（旧岩崎家末廣別邸所在地）');
INSERT INTO "spot_addresses" VALUES(208373,'富里市中沢593-1');
INSERT INTO "spot_addresses" VALUES(208374,'香取郡神崎町松崎855');
INSERT INTO "spot_addresses" VALUES(208375,'香取郡神崎町本宿1994');
INSERT INTO "spot_addresses" VALUES(208376,'香取郡神崎町神宿1982-3');
INSERT INTO "spot_addresses" VALUES(208377,'香取郡神崎町並木671');
INSERT INTO "spot_addresses" VALUES(208378,'香取市佐原イ3368（八坂神社境内）');
INSERT INTO "spot_addresses" VALUES(208379,'香取市佐原ｲ1903-1');
INSERT INTO "spot_addresses" VALUES(208380,'香取市佐原ｲ499-1');
INSERT INTO "spot_addresses" VALUES(208381,'香取市扇島1837-2');
INSERT INTO "spot_addresses" VALUES(208382,'香取市佐原イ3981-2（道の駅）佐原イ4051-3（川の駅）');
INSERT INTO "spot_addresses" VALUES(208383,'香取市鳩山344-4');
INSERT INTO "spot_addresses" VALUES(208384,'香取市香取1697-1');
INSERT INTO "spot_addresses" VALUES(208385,'香取市沢1372-1');
INSERT INTO "spot_addresses" VALUES(208386,'香取市牧野1752');
INSERT INTO "spot_addresses" VALUES(208387,'香取市佐原イ1722-1');
INSERT INTO "spot_addresses" VALUES(208388,'香取市佐原ｲ1900-1');
INSERT INTO "spot_addresses" VALUES(208389,'香取市府馬2395');
INSERT INTO "spot_addresses" VALUES(208390,'香取郡東庄町笹川い580-1');
INSERT INTO "spot_addresses" VALUES(208391,'香取郡東庄町小南639');
INSERT INTO "spot_addresses" VALUES(208392,'香取郡東庄町笹川い597');
INSERT INTO "spot_addresses" VALUES(208393,'香取郡東庄町小南690');
INSERT INTO "spot_addresses" VALUES(208394,'銚子市犬吠埼9576');
INSERT INTO "spot_addresses" VALUES(208395,'銚子市潮見町');
INSERT INTO "spot_addresses" VALUES(208396,'銚子市川口町2-6529-34');
INSERT INTO "spot_addresses" VALUES(208397,'銚子市川口町2-6385-267');
INSERT INTO "spot_addresses" VALUES(208398,'銚子市天王台1421-1');
INSERT INTO "spot_addresses" VALUES(208399,'銚子市外川町');
INSERT INTO "spot_addresses" VALUES(208400,'銚子市八木町1777-1');
INSERT INTO "spot_addresses" VALUES(208401,'銚子市猿田町1677');
INSERT INTO "spot_addresses" VALUES(208402,'銚子市妙見町1465');
INSERT INTO "spot_addresses" VALUES(208403,'銚子市馬場町1-1');
INSERT INTO "spot_addresses" VALUES(208404,'銚子市外川町2-10610');
INSERT INTO "spot_addresses" VALUES(208405,'銚子市新生町2-1-5');
INSERT INTO "spot_addresses" VALUES(208406,'銚子市松岸町3-228');
INSERT INTO "spot_addresses" VALUES(208407,'香取郡多古町多古1069-1');
INSERT INTO "spot_addresses" VALUES(208408,'香取郡多古町北中83');
INSERT INTO "spot_addresses" VALUES(208409,'香取郡多古町多古2550');
INSERT INTO "spot_addresses" VALUES(208410,'香取郡多古町多古2444-1');
INSERT INTO "spot_addresses" VALUES(208411,'香取郡多古町多古2613');
INSERT INTO "spot_addresses" VALUES(208412,'香取郡多古町寺作117');
INSERT INTO "spot_addresses" VALUES(208413,'旭市ｲ4337-1イオンタウン旭2階');
INSERT INTO "spot_addresses" VALUES(208414,'旭市長部345-2');
INSERT INTO "spot_addresses" VALUES(208415,'旭市萩園1437（いいおか潮騒ホテル1階東側隣接）');
INSERT INTO "spot_addresses" VALUES(208416,'旭市飯岡2126-1');
INSERT INTO "spot_addresses" VALUES(208417,'旭市ロの1425');
INSERT INTO "spot_addresses" VALUES(208418,'松戸市小金359');
INSERT INTO "spot_addresses" VALUES(208419,'山武郡芝山町芝山438-1');
INSERT INTO "spot_addresses" VALUES(208420,'山武郡芝山町岩山111-3');
INSERT INTO "spot_addresses" VALUES(208421,'山武郡芝山町小池2568');
INSERT INTO "spot_addresses" VALUES(208422,'山武郡芝山町岩山2012-6');
INSERT INTO "spot_addresses" VALUES(208423,'山武郡芝山町岩山1864-2');
INSERT INTO "spot_addresses" VALUES(208424,'山武郡芝山町朝倉394-15');
INSERT INTO "spot_addresses" VALUES(208425,'匝瑳市松山1127');
INSERT INTO "spot_addresses" VALUES(208426,'匝瑳市八日市場イ2939');
INSERT INTO "spot_addresses" VALUES(208427,'匝瑳市八日市場ｲ2435');
INSERT INTO "spot_addresses" VALUES(208428,'匝瑳市生尾75');
INSERT INTO "spot_addresses" VALUES(208429,'匝瑳市山桑108');
INSERT INTO "spot_addresses" VALUES(208430,'匝瑳市西小笹1031');
INSERT INTO "spot_addresses" VALUES(208431,'匝瑳市今泉363番地');
INSERT INTO "spot_addresses" VALUES(208432,'匝瑳市八日市場イ2291');
INSERT INTO "spot_addresses" VALUES(208433,'匝瑳市飯高1789');
INSERT INTO "spot_addresses" VALUES(208434,'匝瑳市松山630');
INSERT INTO "spot_addresses" VALUES(208435,'匝瑳市飯塚299-2');
INSERT INTO "spot_addresses" VALUES(208436,'匝瑳市八日市場イ137-1');
INSERT INTO "spot_addresses" VALUES(208437,'匝瑳市安久山197');
INSERT INTO "spot_addresses" VALUES(208438,'山武郡横芝光町坂田字登城地先');
INSERT INTO "spot_addresses" VALUES(208439,'山武郡横芝光町屋形地先');
INSERT INTO "spot_addresses" VALUES(208440,'山武郡横芝光町尾垂浜');
INSERT INTO "spot_addresses" VALUES(208441,'山武郡横芝光町横芝1355-2');
INSERT INTO "spot_addresses" VALUES(208442,'山武郡横芝光町虫生483');
INSERT INTO "spot_addresses" VALUES(208443,'山武市蓮沼ハ4826');
INSERT INTO "spot_addresses" VALUES(208444,'山武市成東2551');
INSERT INTO "spot_addresses" VALUES(208445,'山武市殿台343-2（山武市歴史民俗資料館）');
INSERT INTO "spot_addresses" VALUES(208446,'HGV6+3W 日本、千葉県山武市');
INSERT INTO "spot_addresses" VALUES(208447,'山武市埴谷1904-5');
INSERT INTO "spot_addresses" VALUES(208448,'東金市田中199');
INSERT INTO "spot_addresses" VALUES(208449,'東金市東金1703-4');
INSERT INTO "spot_addresses" VALUES(208450,'東金市大豆谷860');
INSERT INTO "spot_addresses" VALUES(208451,'東金市東金1693');
INSERT INTO "spot_addresses" VALUES(208452,'東金市松之郷');
INSERT INTO "spot_addresses" VALUES(208453,'東金市田間1300-3');
INSERT INTO "spot_addresses" VALUES(208454,'大網白里市小中1703');
INSERT INTO "spot_addresses" VALUES(208455,'大網白里市北吉田758');
INSERT INTO "spot_addresses" VALUES(208456,'大網白里市大網2990');
INSERT INTO "spot_addresses" VALUES(208457,'大網白里市土気飛地1876（カーナビ検索不可）／最寄り・季美の森南1丁目1番地／Googleマップ『縣神社　千葉県』で検索');
INSERT INTO "spot_addresses" VALUES(208458,'山武郡九十九里町小関2347-98');
INSERT INTO "spot_addresses" VALUES(208459,'山武郡九十九里町小関854');
INSERT INTO "spot_addresses" VALUES(208460,'山武郡九十九里町田中荒生414-1');
INSERT INTO "spot_addresses" VALUES(208461,'山武郡九十九里町片貝4477');
INSERT INTO "spot_addresses" VALUES(208462,'山武郡九十九里町藤下797');
INSERT INTO "spot_addresses" VALUES(208463,'市原市不入75-1');
INSERT INTO "spot_addresses" VALUES(208464,'夷隅郡大多喜町粟又～市原市朝生原');
INSERT INTO "spot_addresses" VALUES(208465,'市原市八幡1057-1');
INSERT INTO "spot_addresses" VALUES(208466,'市原市五井南海岸1-12');
INSERT INTO "spot_addresses" VALUES(208467,'市原市国分寺台中央3-5-2');
INSERT INTO "spot_addresses" VALUES(208468,'市原市浅井小向492-1');
INSERT INTO "spot_addresses" VALUES(208469,'市原市五井中央東1-1-2');
INSERT INTO "spot_addresses" VALUES(208470,'市原市平蔵1360');
INSERT INTO "spot_addresses" VALUES(208471,'市原市山倉1487');
INSERT INTO "spot_addresses" VALUES(208472,'市原市田淵1157');
INSERT INTO "spot_addresses" VALUES(208473,'市原市山小川937');
INSERT INTO "spot_addresses" VALUES(208474,'市原市飯給941-1');
INSERT INTO "spot_addresses" VALUES(208475,'市原市・長生郡長柄町');
INSERT INTO "spot_addresses" VALUES(208476,'長生郡長柄町徳増小榎本地先');
INSERT INTO "spot_addresses" VALUES(208477,'長生郡長柄町六地蔵138-1');
INSERT INTO "spot_addresses" VALUES(208478,'長生郡長柄町高山686');
INSERT INTO "spot_addresses" VALUES(208479,'長生郡長柄町味庄東台1067');
INSERT INTO "spot_addresses" VALUES(208480,'茂原市本小轡1108-2');
INSERT INTO "spot_addresses" VALUES(208481,'長生郡白子町関5364');
INSERT INTO "spot_addresses" VALUES(208482,'袖ケ浦市飯富2360');
INSERT INTO "spot_addresses" VALUES(208483,'袖ケ浦市永吉419');
INSERT INTO "spot_addresses" VALUES(208484,'袖ケ浦市南袖36');
INSERT INTO "spot_addresses" VALUES(208485,'袖ケ浦市飯富1635-1');
INSERT INTO "spot_addresses" VALUES(208486,'袖ケ浦市百目木200');
INSERT INTO "spot_addresses" VALUES(208487,'袖ケ浦市上泉1506−10');
INSERT INTO "spot_addresses" VALUES(208488,'袖ケ浦市下新田1133');
INSERT INTO "spot_addresses" VALUES(208489,'袖ケ浦市永地1943');
INSERT INTO "spot_addresses" VALUES(208490,'長生郡長南町岩撫36-1');
INSERT INTO "spot_addresses" VALUES(208491,'長生郡長南町佐坪2388');
INSERT INTO "spot_addresses" VALUES(208492,'長生郡長南町笠森302');
INSERT INTO "spot_addresses" VALUES(208493,'長生郡長南町長南770-1');
INSERT INTO "spot_addresses" VALUES(208494,'長生郡睦沢町森2-1');
INSERT INTO "spot_addresses" VALUES(208495,'長生郡睦沢町上之郷1794');
INSERT INTO "spot_addresses" VALUES(208496,'長生郡睦沢町岩井831');
INSERT INTO "spot_addresses" VALUES(208497,'長生郡睦沢町下之郷1875');
INSERT INTO "spot_addresses" VALUES(208498,'長生郡長生村一松戊');
INSERT INTO "spot_addresses" VALUES(208499,'長生郡長生村一松丙916');
INSERT INTO "spot_addresses" VALUES(208500,'長生郡長生村本郷5366-1');
INSERT INTO "spot_addresses" VALUES(208501,'長生郡一宮町東浪見');
INSERT INTO "spot_addresses" VALUES(208502,'長生郡一宮町一宮3048');
INSERT INTO "spot_addresses" VALUES(208503,'木更津市富士見2-9-30');
INSERT INTO "spot_addresses" VALUES(208504,'木更津市富士見1-6-15');
INSERT INTO "spot_addresses" VALUES(208505,'木更津市金田東3-1-1 三井アウトレットパー木更津6400');
INSERT INTO "spot_addresses" VALUES(208506,'木更津市矢那1245');
INSERT INTO "spot_addresses" VALUES(208507,'木更津市太田2-16-2');
INSERT INTO "spot_addresses" VALUES(208508,'木更津市金田東2-10-1');
INSERT INTO "spot_addresses" VALUES(208509,'木更津市下郡1369-1');
INSERT INTO "spot_addresses" VALUES(208510,'木更津市富士見3-5');
INSERT INTO "spot_addresses" VALUES(208511,'木更津市かずさ鎌足2-3-9');
INSERT INTO "spot_addresses" VALUES(208512,'木更津市太田2-16');
INSERT INTO "spot_addresses" VALUES(208513,'富津市萩生8-2');
INSERT INTO "spot_addresses" VALUES(208514,'富津市田倉940-3');
INSERT INTO "spot_addresses" VALUES(208515,'富津市富津2280');
INSERT INTO "spot_addresses" VALUES(208516,'富津市金谷4303');
INSERT INTO "spot_addresses" VALUES(208517,'富津市金谷4052-1');
INSERT INTO "spot_addresses" VALUES(208518,'富津市数馬268-3');
INSERT INTO "spot_addresses" VALUES(208519,'富津市金谷2146-1');
INSERT INTO "spot_addresses" VALUES(208520,'富津市金谷2288');
INSERT INTO "spot_addresses" VALUES(208521,'富津市上後423-1');
INSERT INTO "spot_addresses" VALUES(208522,'富津市小久保1588');
INSERT INTO "spot_addresses" VALUES(208523,'富津市富津2280');
INSERT INTO "spot_addresses" VALUES(208524,'富津市富津2280');
INSERT INTO "spot_addresses" VALUES(208525,'君津市久留里字内山');
INSERT INTO "spot_addresses" VALUES(208526,'千葉県君津市鹿野山１１９−１ 鹿野山九十九谷（かのうざん くじゅうくたに）展望公園');
INSERT INTO "spot_addresses" VALUES(208527,'君津市笹1954');
INSERT INTO "spot_addresses" VALUES(208528,'君津市大井305');
INSERT INTO "spot_addresses" VALUES(208529,'君津市亀山湖');
INSERT INTO "spot_addresses" VALUES(208530,'君津市鹿野山324-1');
INSERT INTO "spot_addresses" VALUES(208531,'君津市笹1765-9');
INSERT INTO "spot_addresses" VALUES(208532,'君津市大野台815-85');
INSERT INTO "spot_addresses" VALUES(208533,'君津市向郷1687-1');
INSERT INTO "spot_addresses" VALUES(208534,'君津市久留里市場195-4');
INSERT INTO "spot_addresses" VALUES(208535,'夷隅郡大多喜町久保126');
INSERT INTO "spot_addresses" VALUES(208536,'夷隅郡大多喜町久保159');
INSERT INTO "spot_addresses" VALUES(208537,'夷隅郡大多喜町石神855');
INSERT INTO "spot_addresses" VALUES(208538,'夷隅郡大多喜町小田代148-24');
INSERT INTO "spot_addresses" VALUES(208539,'夷隅郡大多喜町粟又地先');
INSERT INTO "spot_addresses" VALUES(208540,'夷隅郡大多喜町小土呂2423');
INSERT INTO "spot_addresses" VALUES(208541,'夷隅郡大多喜町大多喜259-1');
INSERT INTO "spot_addresses" VALUES(208542,'いすみ市作田1298');
INSERT INTO "spot_addresses" VALUES(208543,'いすみ市万木2050');
INSERT INTO "spot_addresses" VALUES(208544,'いすみ市苅谷630');
INSERT INTO "spot_addresses" VALUES(208545,'安房郡鋸南町鋸山');
INSERT INTO "spot_addresses" VALUES(208546,'安房郡鋸南町保田724');
INSERT INTO "spot_addresses" VALUES(208547,'安房郡鋸南町大崩39');
INSERT INTO "spot_addresses" VALUES(208548,'安房郡鋸南町江月448');
INSERT INTO "spot_addresses" VALUES(208549,'安房郡鋸南町保田');
INSERT INTO "spot_addresses" VALUES(208550,'安房郡鋸南町吉浜517-1');
INSERT INTO "spot_addresses" VALUES(208551,'安房郡鋸南町大崩1114');
INSERT INTO "spot_addresses" VALUES(208552,'安房郡鋸南町吉浜99-5');
INSERT INTO "spot_addresses" VALUES(208553,'鴨川市東町1464-18');
INSERT INTO "spot_addresses" VALUES(208554,'鴨川市平塚540');
INSERT INTO "spot_addresses" VALUES(208555,'鴨川市小湊183-8');
INSERT INTO "spot_addresses" VALUES(208556,'鴨川市小湊183');
INSERT INTO "spot_addresses" VALUES(208557,'鴨川市清澄322-1');
INSERT INTO "spot_addresses" VALUES(208558,'鴨川市江見太夫崎22');
INSERT INTO "spot_addresses" VALUES(208559,'鴨川市広場');
INSERT INTO "spot_addresses" VALUES(208560,'鴨川市広場777');
INSERT INTO "spot_addresses" VALUES(208561,'鴨川市貝渚3277');
INSERT INTO "spot_addresses" VALUES(208562,'鴨川市四方木366（四方木ふれあい館から徒歩20分程度）');
INSERT INTO "spot_addresses" VALUES(208563,'鴨川市前原359-71');
INSERT INTO "spot_addresses" VALUES(208564,'鴨川市横渚1401-6');
INSERT INTO "spot_addresses" VALUES(208565,'鴨川市平塚1718');
INSERT INTO "spot_addresses" VALUES(208566,'勝浦市鵜原地先');
INSERT INTO "spot_addresses" VALUES(208567,'勝浦市守谷1512');
INSERT INTO "spot_addresses" VALUES(208568,'勝浦市浜勝浦221');
INSERT INTO "spot_addresses" VALUES(208569,'勝浦市川津1394');
INSERT INTO "spot_addresses" VALUES(208570,'勝浦市吉尾174');
INSERT INTO "spot_addresses" VALUES(208571,'勝浦市吉尾123');
INSERT INTO "spot_addresses" VALUES(208572,'勝浦市芳賀花立山1-14');
INSERT INTO "spot_addresses" VALUES(208573,'勝浦市浜勝浦･下本町朝市通り(毎月1日〜15日)･仲本町通り(毎月16日〜月末)');
INSERT INTO "spot_addresses" VALUES(208574,'勝浦市守谷地先');
INSERT INTO "spot_addresses" VALUES(208575,'勝浦市勝浦49');
INSERT INTO "spot_addresses" VALUES(208576,'勝浦市浜勝浦1');
INSERT INTO "spot_addresses" VALUES(208577,'夷隅郡御宿町六軒町505-1');
INSERT INTO "spot_addresses" VALUES(208578,'南房総市富浦町青木123-1');
INSERT INTO "spot_addresses" VALUES(208579,'南房総市二部2211');
INSERT INTO "spot_addresses" VALUES(208580,'南房総市富浦町大津320');
INSERT INTO "spot_addresses" VALUES(208581,'南房総市川田82-2');
INSERT INTO "spot_addresses" VALUES(208582,'南房総市和田町仁我浦243');
INSERT INTO "spot_addresses" VALUES(208583,'南房総市白子1501');
INSERT INTO "spot_addresses" VALUES(208584,'南房総市千倉町千田1051');
INSERT INTO "spot_addresses" VALUES(208585,'南房総市白浜町滝口9240');
INSERT INTO "spot_addresses" VALUES(208586,'南房総市白浜町白浜630');
INSERT INTO "spot_addresses" VALUES(208587,'南房総市富浦町原岡地先');
INSERT INTO "spot_addresses" VALUES(208588,'南房総市白浜町白浜630');
INSERT INTO "spot_addresses" VALUES(208589,'南房総市和田町花園');
INSERT INTO "spot_addresses" VALUES(208590,'南房総市大井686');
INSERT INTO "spot_addresses" VALUES(208591,'南房総市和田町花園');
INSERT INTO "spot_addresses" VALUES(208592,'南房総市富浦町多田良1212-29');
INSERT INTO "spot_addresses" VALUES(208593,'南房総市白浜町白浜628-1');
INSERT INTO "spot_addresses" VALUES(208594,'南房総市白浜町白浜');
INSERT INTO "spot_addresses" VALUES(208595,'南房総市合戸');
INSERT INTO "spot_addresses" VALUES(208596,'南房総市千倉町白間津');
INSERT INTO "spot_addresses" VALUES(208597,'南房総市白浜町滝口5185-1');
INSERT INTO "spot_addresses" VALUES(208598,'南房総市千倉町白間津');
INSERT INTO "spot_addresses" VALUES(208599,'館山市富士見地先');
INSERT INTO "spot_addresses" VALUES(208600,'館山市館山1564-1');
INSERT INTO "spot_addresses" VALUES(208601,'館山市館山362');
INSERT INTO "spot_addresses" VALUES(208602,'館山市宮城192-2');
INSERT INTO "spot_addresses" VALUES(208603,'館山市藤原1497');
INSERT INTO "spot_addresses" VALUES(208604,'館山市船形835');
INSERT INTO "spot_addresses" VALUES(208605,'館山市上真倉1689');
INSERT INTO "spot_addresses" VALUES(208606,'館山市洲崎1043');
INSERT INTO "spot_addresses" VALUES(208607,'館山市布良1256');
INSERT INTO "spot_addresses" VALUES(208608,'館山市船形1422-6');
INSERT INTO "spot_addresses" VALUES(208609,'船橋市海神4-27-2');
INSERT INTO "spot_addresses" VALUES(208610,'夷隅郡大多喜町大多喜481');
INSERT INTO "spot_addresses" VALUES(208611,'木更津市中央1-3-5');
INSERT INTO "spot_addresses" VALUES(208612,'習志野市茜浜3');
INSERT INTO "spot_addresses" VALUES(208613,'習志野市実籾2-24-1（実籾本郷公園内）');
INSERT INTO "spot_addresses" VALUES(208614,'習志野市藤崎1-14-43（藤崎森林公園内）');
INSERT INTO "spot_addresses" VALUES(208615,'習志野市東習志野2-19付近（ハミングロード起点から1km地点）');
INSERT INTO "spot_addresses" VALUES(208616,'習志野市茜浜2-3-3（千葉県国際総合水泳場）');
INSERT INTO "spot_addresses" VALUES(208617,'習志野市鷺沼5-4付近');
INSERT INTO "spot_addresses" VALUES(208618,'習志野市東習志野4-4（東習志野四丁目児童遊園内）');
INSERT INTO "spot_addresses" VALUES(208619,'習志野市津田沼2-17-1（千葉工業大学）');
INSERT INTO "spot_addresses" VALUES(208620,'茂原市茂原1201');
INSERT INTO "spot_addresses" VALUES(208621,'いすみ市岬町和泉2935-1');
INSERT INTO "spot_addresses" VALUES(208622,'館山市西長田1163-5');
INSERT INTO "spot_addresses" VALUES(208623,'市原市能満1489');
INSERT INTO "spot_addresses" VALUES(208624,'安房郡鋸南町吉浜516');
INSERT INTO "spot_addresses" VALUES(208625,'君津市笹1766-3');
INSERT INTO "spot_addresses" VALUES(208626,'長生郡白子町剃金2730-1');
INSERT INTO "spot_addresses" VALUES(208627,'長生郡一宮町東浪見5841');
INSERT INTO "spot_addresses" VALUES(208628,'白井市平塚939');
INSERT INTO "spot_addresses" VALUES(208629,'四街道市吉岡49');
INSERT INTO "spot_addresses" VALUES(208630,'八街市根古谷 塩古道');
INSERT INTO "spot_addresses" VALUES(208631,'市川市本行徳35番7号（旧浅子神輿店店舗兼主屋）、本行徳37番13号（休憩所）');
INSERT INTO "spot_addresses" VALUES(208632,'松戸市下矢切261　西蓮寺境内');
INSERT INTO "spot_addresses" VALUES(208633,'我孫子市相島新田1');
INSERT INTO "spot_addresses" VALUES(208634,'銚子市北小川町2570');
INSERT INTO "spot_addresses" VALUES(208635,'長生郡睦沢町妙楽寺500');
INSERT INTO "spot_addresses" VALUES(208636,'長生郡長生村岩沼1番地');
INSERT INTO "spot_addresses" VALUES(208637,'夷隅郡御宿町岩和田702');
INSERT INTO "spot_addresses" VALUES(208638,'舘山市八幡68');
INSERT INTO "spot_addresses" VALUES(208639,'いすみ市大野1107');
INSERT INTO "spot_addresses" VALUES(208640,'いすみ市下布施757');
INSERT INTO "spot_addresses" VALUES(208641,'君津市宿原844');
INSERT INTO "spot_addresses" VALUES(208642,'印西市竜腹寺626');
INSERT INTO "spot_addresses" VALUES(208643,'匝瑳市大寺1856');
INSERT INTO "spot_addresses" VALUES(208644,'浦安市北栄1-15-6北栄1-15-6');
INSERT INTO "spot_addresses" VALUES(208645,'浦安市富岡4-25');
INSERT INTO "spot_addresses" VALUES(208646,'君津市小香359-1');
INSERT INTO "spot_addresses" VALUES(208647,'市原市高滝1');
INSERT INTO "spot_addresses" VALUES(208648,'安房郡鋸南町元名1');
INSERT INTO "spot_addresses" VALUES(208649,'千葉市美浜区ひび野1-11');
INSERT INTO "spot_addresses" VALUES(208650,'千葉市緑区おゆみ野3-15-3（緑区役所）');
INSERT INTO "spot_addresses" VALUES(208651,'千葉市美浜区中瀬');
INSERT INTO "spot_addresses" VALUES(208652,'千葉市花見川区さつきが丘2-11-13');
INSERT INTO "spot_addresses" VALUES(208653,'東金市松之郷186');
INSERT INTO "spot_addresses" VALUES(208654,'成田市公津の杜4-8');
INSERT INTO "spot_addresses" VALUES(208655,'船橋市浜町2丁目地先');
INSERT INTO "spot_addresses" VALUES(208656,'船橋市夏見5丁目付近');
INSERT INTO "spot_addresses" VALUES(208657,'船橋市本町2-2-5');
INSERT INTO "spot_addresses" VALUES(208658,'南房総市白浜町根本無番地');
INSERT INTO "spot_addresses" VALUES(208659,'南房総市富浦町多田良地先');
INSERT INTO "spot_addresses" VALUES(208660,'茂原市高師821-11');
INSERT INTO "spot_addresses" VALUES(208661,'成田市成田1');
INSERT INTO "spot_addresses" VALUES(208662,'匝瑳市八日市場イ２９１７（ポケットパーク）');
INSERT INTO "spot_addresses" VALUES(208663,'四街道市大日396-8');
INSERT INTO "spot_addresses" VALUES(209076,'旭市旭市椎名内3260');
INSERT INTO "spot_addresses" VALUES(209077,'長生郡長生村長生郡一松字塩浜地先');
INSERT INTO "spot_addresses" VALUES(209078,'山武郡横芝光町屋形地先字東雲5356-1');
INSERT INTO "spot_addresses" VALUES(209079,'大網白里市南今泉4881番1地先');
INSERT INTO "spot_addresses" VALUES(209080,'山武郡九十九里町片貝地先');
INSERT INTO "spot_addresses" VALUES(209081,'鴨川市前原地先');
INSERT INTO "spot_addresses" VALUES(209082,'南房総市千倉町南朝夷1193地先');
INSERT INTO "spot_addresses" VALUES(209083,'松戸市馬橋2547');
INSERT INTO "spot_addresses" VALUES(209084,'松戸市松戸1457');
INSERT INTO "spot_addresses" VALUES(209085,'柏市増尾895');
INSERT INTO "spot_addresses" VALUES(209086,'旭市鎌数4314');
INSERT INTO "spot_addresses" VALUES(209087,'茂原市本納738');
INSERT INTO "spot_addresses" VALUES(209088,'君津市草川原1407');
INSERT INTO "spot_addresses" VALUES(209089,'袖ケ浦市久保田2329');
INSERT INTO "spot_addresses" VALUES(209090,'いすみ市深堀新田若山入会地');
INSERT INTO "spot_addresses" VALUES(209091,'船橋市三山5-20-1');
INSERT INTO "spot_addresses" VALUES(209281,'我孫子市本町2-1-10');
INSERT INTO "spot_addresses" VALUES(209282,'富里市七栄652-225');
INSERT INTO "spot_addresses" VALUES(209283,'銚子市双葉町3-6');
INSERT INTO "spot_addresses" VALUES(209284,'旭市上永井1309-1');
INSERT INTO "spot_addresses" VALUES(209285,'旭市イの5238');
INSERT INTO "spot_addresses" VALUES(209286,'山武郡横芝光町横芝');
INSERT INTO "spot_addresses" VALUES(209287,'木更津市中島地先海ほたる');
INSERT INTO "spot_addresses" VALUES(209288,'いすみ市岬町和泉');
INSERT INTO "spot_addresses" VALUES(209289,'いすみ市岬町和泉2363−17');
INSERT INTO "spot_addresses" VALUES(209290,'いすみ市万木834');
INSERT INTO "spot_addresses" VALUES(209291,'いすみ市大原9775');
INSERT INTO "spot_addresses" VALUES(209292,'安房郡鋸南町竜島165-1');
INSERT INTO "spot_addresses" VALUES(209293,'鴨川市宮山1696');
INSERT INTO "spot_addresses" VALUES(209294,'南房総市千倉町大貫1057');
INSERT INTO "spot_addresses" VALUES(209295,'南房総市千倉町南朝夷164');
INSERT INTO "spot_addresses" VALUES(209296,'柏市柏5-7-4');
INSERT INTO "spot_addresses" VALUES(209297,'印旛郡栄町西199');
INSERT INTO "spot_addresses" VALUES(209298,'東金市東金1415-1');
INSERT INTO "spot_addresses" VALUES(209460,'いすみ市大原11574');
INSERT INTO "spot_addresses" VALUES(209461,'南房総市久保587');
INSERT INTO "spot_addresses" VALUES(210057,'鴨川市太海浜445');
INSERT INTO "spot_addresses" VALUES(210058,'市川市中山1-16-2');
INSERT INTO "spot_addresses" VALUES(210059,'山武郡横芝光町中台1462');
INSERT INTO "spot_addresses" VALUES(210060,'山武郡横芝光町屋形921');
INSERT INTO "spot_addresses" VALUES(210061,'山武郡横芝光町木戸台1917');
INSERT INTO "spot_addresses" VALUES(210062,'山武郡横芝光町姥山宇台513−1');
INSERT INTO "spot_addresses" VALUES(210663,'匝瑳市春海15');
CREATE TABLE spot_areas
(
    spot_id INTEGER,
    area_index INTEGER,
    area_id INTEGER NOT NULL,
    PRIMARY KEY(spot_id, area_index)
);
INSERT INTO "spot_areas" VALUES(207134,0,122025);
INSERT INTO "spot_areas" VALUES(207135,0,122050);
INSERT INTO "spot_areas" VALUES(207136,0,122114);
INSERT INTO "spot_areas" VALUES(207137,0,122157);
INSERT INTO "spot_areas" VALUES(207138,0,122301);
INSERT INTO "spot_areas" VALUES(207139,0,122301);
INSERT INTO "spot_areas" VALUES(207140,0,122360);
INSERT INTO "spot_areas" VALUES(207141,0,124435);
INSERT INTO "spot_areas" VALUES(207142,0,124630);
INSERT INTO "spot_areas" VALUES(207143,0,122378);
INSERT INTO "spot_areas" VALUES(207144,0,122041);
INSERT INTO "spot_areas" VALUES(207145,0,122211);
INSERT INTO "spot_areas" VALUES(207146,0,122033);
INSERT INTO "spot_areas" VALUES(207147,0,122271);
INSERT INTO "spot_areas" VALUES(207148,0,122165);
INSERT INTO "spot_areas" VALUES(207149,0,121011);
INSERT INTO "spot_areas" VALUES(207150,0,121011);
INSERT INTO "spot_areas" VALUES(208179,0,122084);
INSERT INTO "spot_areas" VALUES(208180,0,122084);
INSERT INTO "spot_areas" VALUES(208181,0,122084);
INSERT INTO "spot_areas" VALUES(208182,0,122084);
INSERT INTO "spot_areas" VALUES(208183,0,122084);
INSERT INTO "spot_areas" VALUES(208184,0,122084);
INSERT INTO "spot_areas" VALUES(208185,0,122084);
INSERT INTO "spot_areas" VALUES(208186,0,122084);
INSERT INTO "spot_areas" VALUES(208187,0,122084);
INSERT INTO "spot_areas" VALUES(208188,0,122203);
INSERT INTO "spot_areas" VALUES(208227,0,122203);
INSERT INTO "spot_areas" VALUES(208228,0,122203);
INSERT INTO "spot_areas" VALUES(208229,0,122203);
INSERT INTO "spot_areas" VALUES(208230,0,122203);
INSERT INTO "spot_areas" VALUES(208231,0,122203);
INSERT INTO "spot_areas" VALUES(208232,0,122203);
INSERT INTO "spot_areas" VALUES(208233,0,122203);
INSERT INTO "spot_areas" VALUES(208234,0,122173);
INSERT INTO "spot_areas" VALUES(208235,0,122173);
INSERT INTO "spot_areas" VALUES(208236,0,122173);
INSERT INTO "spot_areas" VALUES(208237,0,122173);
INSERT INTO "spot_areas" VALUES(208238,0,122173);
INSERT INTO "spot_areas" VALUES(208238,1,122173);
INSERT INTO "spot_areas" VALUES(208239,0,122173);
INSERT INTO "spot_areas" VALUES(208240,0,122173);
INSERT INTO "spot_areas" VALUES(208241,0,122173);
INSERT INTO "spot_areas" VALUES(208242,0,122173);
INSERT INTO "spot_areas" VALUES(208243,0,122173);
INSERT INTO "spot_areas" VALUES(208244,0,122173);
INSERT INTO "spot_areas" VALUES(208245,0,122173);
INSERT INTO "spot_areas" VALUES(208246,0,122220);
INSERT INTO "spot_areas" VALUES(208247,0,122220);
INSERT INTO "spot_areas" VALUES(208248,0,122220);
INSERT INTO "spot_areas" VALUES(208249,0,122220);
INSERT INTO "spot_areas" VALUES(208250,0,122220);
INSERT INTO "spot_areas" VALUES(208251,0,122220);
INSERT INTO "spot_areas" VALUES(208252,0,122220);
INSERT INTO "spot_areas" VALUES(208253,0,122076);
INSERT INTO "spot_areas" VALUES(208254,0,122076);
INSERT INTO "spot_areas" VALUES(208255,0,122076);
INSERT INTO "spot_areas" VALUES(208256,0,122157);
INSERT INTO "spot_areas" VALUES(208257,0,122076);
INSERT INTO "spot_areas" VALUES(208258,0,122076);
INSERT INTO "spot_areas" VALUES(208259,0,122271);
INSERT INTO "spot_areas" VALUES(208260,0,122271);
INSERT INTO "spot_areas" VALUES(208261,0,122271);
INSERT INTO "spot_areas" VALUES(208262,0,122271);
INSERT INTO "spot_areas" VALUES(208263,0,122271);
INSERT INTO "spot_areas" VALUES(208264,0,122033);
INSERT INTO "spot_areas" VALUES(208265,0,122033);
INSERT INTO "spot_areas" VALUES(208266,0,122033);
INSERT INTO "spot_areas" VALUES(208267,0,122033);
INSERT INTO "spot_areas" VALUES(208268,0,122033);
INSERT INTO "spot_areas" VALUES(208269,0,122033);
INSERT INTO "spot_areas" VALUES(208270,0,122033);
INSERT INTO "spot_areas" VALUES(208271,0,122033);
INSERT INTO "spot_areas" VALUES(208272,0,122033);
INSERT INTO "spot_areas" VALUES(208273,0,122033);
INSERT INTO "spot_areas" VALUES(208274,0,122033);
INSERT INTO "spot_areas" VALUES(208275,0,122033);
INSERT INTO "spot_areas" VALUES(208276,0,122246);
INSERT INTO "spot_areas" VALUES(208277,0,122246);
INSERT INTO "spot_areas" VALUES(208278,0,122246);
INSERT INTO "spot_areas" VALUES(208279,0,122246);
INSERT INTO "spot_areas" VALUES(208280,0,122246);
INSERT INTO "spot_areas" VALUES(208281,0,122246);
INSERT INTO "spot_areas" VALUES(208282,0,122327);
INSERT INTO "spot_areas" VALUES(208283,0,122041);
INSERT INTO "spot_areas" VALUES(208284,0,122041);
INSERT INTO "spot_areas" VALUES(208285,0,122041);
INSERT INTO "spot_areas" VALUES(208286,0,122041);
INSERT INTO "spot_areas" VALUES(208287,0,122041);
INSERT INTO "spot_areas" VALUES(208288,0,122041);
INSERT INTO "spot_areas" VALUES(208289,0,122041);
INSERT INTO "spot_areas" VALUES(208290,0,122041);
INSERT INTO "spot_areas" VALUES(208291,0,122211);
INSERT INTO "spot_areas" VALUES(208292,0,122211);
INSERT INTO "spot_areas" VALUES(208293,0,122211);
INSERT INTO "spot_areas" VALUES(208294,0,122211);
INSERT INTO "spot_areas" VALUES(208295,0,122211);
INSERT INTO "spot_areas" VALUES(208296,0,122211);
INSERT INTO "spot_areas" VALUES(208297,0,122211);
INSERT INTO "spot_areas" VALUES(208298,0,122211);
INSERT INTO "spot_areas" VALUES(208299,0,122211);
INSERT INTO "spot_areas" VALUES(208300,0,122211);
INSERT INTO "spot_areas" VALUES(208301,0,122211);
INSERT INTO "spot_areas" VALUES(208302,0,122211);
INSERT INTO "spot_areas" VALUES(208303,0,122211);
INSERT INTO "spot_areas" VALUES(208304,0,122211);
INSERT INTO "spot_areas" VALUES(208305,0,122319);
INSERT INTO "spot_areas" VALUES(208306,0,122319);
INSERT INTO "spot_areas" VALUES(208307,0,122319);
INSERT INTO "spot_areas" VALUES(208308,0,122165);
INSERT INTO "spot_areas" VALUES(208309,0,122165);
INSERT INTO "spot_areas" VALUES(208310,0,121045);
INSERT INTO "spot_areas" VALUES(208311,0,121011);
INSERT INTO "spot_areas" VALUES(208312,0,121011);
INSERT INTO "spot_areas" VALUES(208313,0,121045);
INSERT INTO "spot_areas" VALUES(208314,0,121045);
INSERT INTO "spot_areas" VALUES(208315,0,121045);
INSERT INTO "spot_areas" VALUES(208316,0,121045);
INSERT INTO "spot_areas" VALUES(208317,0,121011);
INSERT INTO "spot_areas" VALUES(208318,0,121011);
INSERT INTO "spot_areas" VALUES(208319,0,121011);
INSERT INTO "spot_areas" VALUES(208320,0,121011);
INSERT INTO "spot_areas" VALUES(208321,0,121011);
INSERT INTO "spot_areas" VALUES(208322,0,121011);
INSERT INTO "spot_areas" VALUES(208323,0,121061);
INSERT INTO "spot_areas" VALUES(208324,0,121061);
INSERT INTO "spot_areas" VALUES(208325,0,121061);
INSERT INTO "spot_areas" VALUES(208326,0,121053);
INSERT INTO "spot_areas" VALUES(208327,0,121011);
INSERT INTO "spot_areas" VALUES(208328,0,121011);
INSERT INTO "spot_areas" VALUES(208329,0,121061);
INSERT INTO "spot_areas" VALUES(208330,0,121053);
INSERT INTO "spot_areas" VALUES(208331,0,121037);
INSERT INTO "spot_areas" VALUES(208332,0,121037);
INSERT INTO "spot_areas" VALUES(208333,0,121045);
INSERT INTO "spot_areas" VALUES(208334,0,121011);
INSERT INTO "spot_areas" VALUES(208335,0,122289);
INSERT INTO "spot_areas" VALUES(208336,0,122122);
INSERT INTO "spot_areas" VALUES(208337,0,122122);
INSERT INTO "spot_areas" VALUES(208338,0,122122);
INSERT INTO "spot_areas" VALUES(208339,0,122122);
INSERT INTO "spot_areas" VALUES(208340,0,122122);
INSERT INTO "spot_areas" VALUES(208341,0,122122);
INSERT INTO "spot_areas" VALUES(208342,0,122122);
INSERT INTO "spot_areas" VALUES(208343,0,122122);
INSERT INTO "spot_areas" VALUES(208344,0,122122);
INSERT INTO "spot_areas" VALUES(208345,0,122122);
INSERT INTO "spot_areas" VALUES(208346,0,122122);
INSERT INTO "spot_areas" VALUES(208347,0,122122);
INSERT INTO "spot_areas" VALUES(208348,0,123293);
INSERT INTO "spot_areas" VALUES(208349,0,123293);
INSERT INTO "spot_areas" VALUES(208350,0,123293);
INSERT INTO "spot_areas" VALUES(208351,0,123293);
INSERT INTO "spot_areas" VALUES(208352,0,123293);
INSERT INTO "spot_areas" VALUES(208353,0,123226);
INSERT INTO "spot_areas" VALUES(208354,0,123226);
INSERT INTO "spot_areas" VALUES(208354,1,122122);
INSERT INTO "spot_areas" VALUES(208355,0,123226);
INSERT INTO "spot_areas" VALUES(208355,1,123226);
INSERT INTO "spot_areas" VALUES(208356,0,122114);
INSERT INTO "spot_areas" VALUES(208357,0,122114);
INSERT INTO "spot_areas" VALUES(208358,0,122114);
INSERT INTO "spot_areas" VALUES(208359,0,122114);
INSERT INTO "spot_areas" VALUES(208360,0,122114);
INSERT INTO "spot_areas" VALUES(208361,0,122114);
INSERT INTO "spot_areas" VALUES(208362,0,122114);
INSERT INTO "spot_areas" VALUES(208363,0,122114);
INSERT INTO "spot_areas" VALUES(208364,0,122114);
INSERT INTO "spot_areas" VALUES(208365,0,122114);
INSERT INTO "spot_areas" VALUES(208366,0,122114);
INSERT INTO "spot_areas" VALUES(208367,0,122114);
INSERT INTO "spot_areas" VALUES(208368,0,122301);
INSERT INTO "spot_areas" VALUES(208369,0,122301);
INSERT INTO "spot_areas" VALUES(208370,0,122335);
INSERT INTO "spot_areas" VALUES(208371,0,122335);
INSERT INTO "spot_areas" VALUES(208372,0,122335);
INSERT INTO "spot_areas" VALUES(208373,0,122335);
INSERT INTO "spot_areas" VALUES(208374,0,123421);
INSERT INTO "spot_areas" VALUES(208375,0,123421);
INSERT INTO "spot_areas" VALUES(208376,0,123421);
INSERT INTO "spot_areas" VALUES(208377,0,123421);
INSERT INTO "spot_areas" VALUES(208378,0,122360);
INSERT INTO "spot_areas" VALUES(208379,0,122360);
INSERT INTO "spot_areas" VALUES(208380,0,122360);
INSERT INTO "spot_areas" VALUES(208381,0,122360);
INSERT INTO "spot_areas" VALUES(208382,0,122360);
INSERT INTO "spot_areas" VALUES(208383,0,122360);
INSERT INTO "spot_areas" VALUES(208384,0,122360);
INSERT INTO "spot_areas" VALUES(208385,0,122360);
INSERT INTO "spot_areas" VALUES(208386,0,122360);
INSERT INTO "spot_areas" VALUES(208387,0,122360);
INSERT INTO "spot_areas" VALUES(208388,0,122360);
INSERT INTO "spot_areas" VALUES(208389,0,122360);
INSERT INTO "spot_areas" VALUES(208390,0,123498);
INSERT INTO "spot_areas" VALUES(208391,0,123498);
INSERT INTO "spot_areas" VALUES(208392,0,123498);
INSERT INTO "spot_areas" VALUES(208393,0,123498);
INSERT INTO "spot_areas" VALUES(208394,0,122025);
INSERT INTO "spot_areas" VALUES(208395,0,122025);
INSERT INTO "spot_areas" VALUES(208396,0,122025);
INSERT INTO "spot_areas" VALUES(208397,0,122025);
INSERT INTO "spot_areas" VALUES(208398,0,122025);
INSERT INTO "spot_areas" VALUES(208399,0,122025);
INSERT INTO "spot_areas" VALUES(208400,0,122025);
INSERT INTO "spot_areas" VALUES(208401,0,122025);
INSERT INTO "spot_areas" VALUES(208402,0,122025);
INSERT INTO "spot_areas" VALUES(208403,0,122025);
INSERT INTO "spot_areas" VALUES(208404,0,122025);
INSERT INTO "spot_areas" VALUES(208405,0,122025);
INSERT INTO "spot_areas" VALUES(208406,0,122025);
INSERT INTO "spot_areas" VALUES(208407,0,123471);
INSERT INTO "spot_areas" VALUES(208408,0,123471);
INSERT INTO "spot_areas" VALUES(208409,0,123471);
INSERT INTO "spot_areas" VALUES(208410,0,123471);
INSERT INTO "spot_areas" VALUES(208411,0,123471);
INSERT INTO "spot_areas" VALUES(208412,0,123471);
INSERT INTO "spot_areas" VALUES(208413,0,122157);
INSERT INTO "spot_areas" VALUES(208414,0,122157);
INSERT INTO "spot_areas" VALUES(208415,0,122157);
INSERT INTO "spot_areas" VALUES(208416,0,122157);
INSERT INTO "spot_areas" VALUES(208417,0,122157);
INSERT INTO "spot_areas" VALUES(208418,0,122076);
INSERT INTO "spot_areas" VALUES(208419,0,124095);
INSERT INTO "spot_areas" VALUES(208420,0,124095);
INSERT INTO "spot_areas" VALUES(208421,0,124095);
INSERT INTO "spot_areas" VALUES(208422,0,124095);
INSERT INTO "spot_areas" VALUES(208423,0,124095);
INSERT INTO "spot_areas" VALUES(208424,0,124095);
INSERT INTO "spot_areas" VALUES(208425,0,122351);
INSERT INTO "spot_areas" VALUES(208426,0,122351);
INSERT INTO "spot_areas" VALUES(208427,0,122351);
INSERT INTO "spot_areas" VALUES(208428,0,122351);
INSERT INTO "spot_areas" VALUES(208429,0,122351);
INSERT INTO "spot_areas" VALUES(208430,0,122351);
INSERT INTO "spot_areas" VALUES(208431,0,122351);
INSERT INTO "spot_areas" VALUES(208432,0,122351);
INSERT INTO "spot_areas" VALUES(208433,0,122351);
INSERT INTO "spot_areas" VALUES(208434,0,122351);
INSERT INTO "spot_areas" VALUES(208435,0,122351);
INSERT INTO "spot_areas" VALUES(208436,0,122351);
INSERT INTO "spot_areas" VALUES(208437,0,122351);
INSERT INTO "spot_areas" VALUES(208438,0,124109);
INSERT INTO "spot_areas" VALUES(208439,0,124109);
INSERT INTO "spot_areas" VALUES(208440,0,124109);
INSERT INTO "spot_areas" VALUES(208441,0,124109);
INSERT INTO "spot_areas" VALUES(208442,0,124109);
INSERT INTO "spot_areas" VALUES(208443,0,122378);
INSERT INTO "spot_areas" VALUES(208444,0,122378);
INSERT INTO "spot_areas" VALUES(208445,0,122378);
INSERT INTO "spot_areas" VALUES(208445,1,122378);
INSERT INTO "spot_areas" VALUES(208446,0,122378);
INSERT INTO "spot_areas" VALUES(208447,0,122378);
INSERT INTO "spot_areas" VALUES(208448,0,122131);
INSERT INTO "spot_areas" VALUES(208449,0,122131);
INSERT INTO "spot_areas" VALUES(208450,0,122131);
INSERT INTO "spot_areas" VALUES(208451,0,122131);
INSERT INTO "spot_areas" VALUES(208452,0,122131);
INSERT INTO "spot_areas" VALUES(208453,0,122131);
INSERT INTO "spot_areas" VALUES(208454,0,122394);
INSERT INTO "spot_areas" VALUES(208455,0,122394);
INSERT INTO "spot_areas" VALUES(208456,0,122394);
INSERT INTO "spot_areas" VALUES(208457,0,122394);
INSERT INTO "spot_areas" VALUES(208458,0,124036);
INSERT INTO "spot_areas" VALUES(208459,0,124036);
INSERT INTO "spot_areas" VALUES(208460,0,124036);
INSERT INTO "spot_areas" VALUES(208461,0,124036);
INSERT INTO "spot_areas" VALUES(208462,0,124036);
INSERT INTO "spot_areas" VALUES(208463,0,122190);
INSERT INTO "spot_areas" VALUES(208464,0,124419);
INSERT INTO "spot_areas" VALUES(208464,1,122190);
INSERT INTO "spot_areas" VALUES(208465,0,122190);
INSERT INTO "spot_areas" VALUES(208466,0,122190);
INSERT INTO "spot_areas" VALUES(208467,0,122190);
INSERT INTO "spot_areas" VALUES(208468,0,122190);
INSERT INTO "spot_areas" VALUES(208469,0,122190);
INSERT INTO "spot_areas" VALUES(208470,0,122190);
INSERT INTO "spot_areas" VALUES(208471,0,122190);
INSERT INTO "spot_areas" VALUES(208472,0,122190);
INSERT INTO "spot_areas" VALUES(208473,0,122190);
INSERT INTO "spot_areas" VALUES(208474,0,122190);
INSERT INTO "spot_areas" VALUES(208475,0,122190);
INSERT INTO "spot_areas" VALUES(208475,1,124265);
INSERT INTO "spot_areas" VALUES(208476,0,124265);
INSERT INTO "spot_areas" VALUES(208477,0,124265);
INSERT INTO "spot_areas" VALUES(208478,0,124265);
INSERT INTO "spot_areas" VALUES(208479,0,124265);
INSERT INTO "spot_areas" VALUES(208480,0,122106);
INSERT INTO "spot_areas" VALUES(208481,0,124249);
INSERT INTO "spot_areas" VALUES(208482,0,122297);
INSERT INTO "spot_areas" VALUES(208483,0,122297);
INSERT INTO "spot_areas" VALUES(208484,0,122297);
INSERT INTO "spot_areas" VALUES(208485,0,122297);
INSERT INTO "spot_areas" VALUES(208486,0,122297);
INSERT INTO "spot_areas" VALUES(208487,0,122297);
INSERT INTO "spot_areas" VALUES(208488,0,122297);
INSERT INTO "spot_areas" VALUES(208489,0,122297);
INSERT INTO "spot_areas" VALUES(208490,0,124273);
INSERT INTO "spot_areas" VALUES(208491,0,124273);
INSERT INTO "spot_areas" VALUES(208492,0,124273);
INSERT INTO "spot_areas" VALUES(208493,0,124273);
INSERT INTO "spot_areas" VALUES(208494,0,124222);
INSERT INTO "spot_areas" VALUES(208495,0,124222);
INSERT INTO "spot_areas" VALUES(208496,0,124222);
INSERT INTO "spot_areas" VALUES(208497,0,124222);
INSERT INTO "spot_areas" VALUES(208498,0,124231);
INSERT INTO "spot_areas" VALUES(208499,0,124231);
INSERT INTO "spot_areas" VALUES(208500,0,124231);
INSERT INTO "spot_areas" VALUES(208501,0,124214);
INSERT INTO "spot_areas" VALUES(208502,0,124214);
INSERT INTO "spot_areas" VALUES(208503,0,122068);
INSERT INTO "spot_areas" VALUES(208504,0,122068);
INSERT INTO "spot_areas" VALUES(208505,0,122068);
INSERT INTO "spot_areas" VALUES(208506,0,122068);
INSERT INTO "spot_areas" VALUES(208507,0,122068);
INSERT INTO "spot_areas" VALUES(208508,0,122068);
INSERT INTO "spot_areas" VALUES(208509,0,122068);
INSERT INTO "spot_areas" VALUES(208510,0,122068);
INSERT INTO "spot_areas" VALUES(208511,0,122068);
INSERT INTO "spot_areas" VALUES(208512,0,122068);
INSERT INTO "spot_areas" VALUES(208513,0,122262);
INSERT INTO "spot_areas" VALUES(208514,0,122262);
INSERT INTO "spot_areas" VALUES(208515,0,122262);
INSERT INTO "spot_areas" VALUES(208516,0,122262);
INSERT INTO "spot_areas" VALUES(208517,0,122262);
INSERT INTO "spot_areas" VALUES(208518,0,122262);
INSERT INTO "spot_areas" VALUES(208519,0,122262);
INSERT INTO "spot_areas" VALUES(208520,0,122262);
INSERT INTO "spot_areas" VALUES(208521,0,122262);
INSERT INTO "spot_areas" VALUES(208522,0,122262);
INSERT INTO "spot_areas" VALUES(208523,0,122262);
INSERT INTO "spot_areas" VALUES(208524,0,122262);
INSERT INTO "spot_areas" VALUES(208525,0,122254);
INSERT INTO "spot_areas" VALUES(208526,0,122254);
INSERT INTO "spot_areas" VALUES(208527,0,122254);
INSERT INTO "spot_areas" VALUES(208528,0,122254);
INSERT INTO "spot_areas" VALUES(208529,0,122254);
INSERT INTO "spot_areas" VALUES(208530,0,122254);
INSERT INTO "spot_areas" VALUES(208531,0,122254);
INSERT INTO "spot_areas" VALUES(208532,0,122254);
INSERT INTO "spot_areas" VALUES(208533,0,122254);
INSERT INTO "spot_areas" VALUES(208534,0,122254);
INSERT INTO "spot_areas" VALUES(208535,0,124419);
INSERT INTO "spot_areas" VALUES(208536,0,124419);
INSERT INTO "spot_areas" VALUES(208537,0,124419);
INSERT INTO "spot_areas" VALUES(208538,0,124419);
INSERT INTO "spot_areas" VALUES(208539,0,124419);
INSERT INTO "spot_areas" VALUES(208540,0,124419);
INSERT INTO "spot_areas" VALUES(208541,0,124419);
INSERT INTO "spot_areas" VALUES(208542,0,122386);
INSERT INTO "spot_areas" VALUES(208543,0,122386);
INSERT INTO "spot_areas" VALUES(208544,0,122386);
INSERT INTO "spot_areas" VALUES(208545,0,124630);
INSERT INTO "spot_areas" VALUES(208546,0,124630);
INSERT INTO "spot_areas" VALUES(208547,0,124630);
INSERT INTO "spot_areas" VALUES(208548,0,124630);
INSERT INTO "spot_areas" VALUES(208549,0,124630);
INSERT INTO "spot_areas" VALUES(208550,0,124630);
INSERT INTO "spot_areas" VALUES(208551,0,124630);
INSERT INTO "spot_areas" VALUES(208552,0,124630);
INSERT INTO "spot_areas" VALUES(208553,0,122238);
INSERT INTO "spot_areas" VALUES(208554,0,122238);
INSERT INTO "spot_areas" VALUES(208555,0,122238);
INSERT INTO "spot_areas" VALUES(208556,0,122238);
INSERT INTO "spot_areas" VALUES(208557,0,122238);
INSERT INTO "spot_areas" VALUES(208558,0,122238);
INSERT INTO "spot_areas" VALUES(208559,0,122238);
INSERT INTO "spot_areas" VALUES(208560,0,122238);
INSERT INTO "spot_areas" VALUES(208561,0,122238);
INSERT INTO "spot_areas" VALUES(208562,0,122238);
INSERT INTO "spot_areas" VALUES(208563,0,122238);
INSERT INTO "spot_areas" VALUES(208564,0,122238);
INSERT INTO "spot_areas" VALUES(208565,0,122238);
INSERT INTO "spot_areas" VALUES(208566,0,122181);
INSERT INTO "spot_areas" VALUES(208567,0,122181);
INSERT INTO "spot_areas" VALUES(208568,0,122181);
INSERT INTO "spot_areas" VALUES(208569,0,122181);
INSERT INTO "spot_areas" VALUES(208570,0,122181);
INSERT INTO "spot_areas" VALUES(208571,0,122181);
INSERT INTO "spot_areas" VALUES(208572,0,122181);
INSERT INTO "spot_areas" VALUES(208573,0,122181);
INSERT INTO "spot_areas" VALUES(208574,0,122181);
INSERT INTO "spot_areas" VALUES(208575,0,122181);
INSERT INTO "spot_areas" VALUES(208576,0,122181);
INSERT INTO "spot_areas" VALUES(208577,0,124435);
INSERT INTO "spot_areas" VALUES(208578,0,122343);
INSERT INTO "spot_areas" VALUES(208579,0,122343);
INSERT INTO "spot_areas" VALUES(208580,0,122343);
INSERT INTO "spot_areas" VALUES(208581,0,122343);
INSERT INTO "spot_areas" VALUES(208582,0,122343);
INSERT INTO "spot_areas" VALUES(208583,0,122343);
INSERT INTO "spot_areas" VALUES(208584,0,122343);
INSERT INTO "spot_areas" VALUES(208585,0,122343);
INSERT INTO "spot_areas" VALUES(208586,0,122343);
INSERT INTO "spot_areas" VALUES(208587,0,122343);
INSERT INTO "spot_areas" VALUES(208588,0,122343);
INSERT INTO "spot_areas" VALUES(208589,0,122343);
INSERT INTO "spot_areas" VALUES(208590,0,122343);
INSERT INTO "spot_areas" VALUES(208591,0,122343);
INSERT INTO "spot_areas" VALUES(208592,0,122343);
INSERT INTO "spot_areas" VALUES(208593,0,122343);
INSERT INTO "spot_areas" VALUES(208594,0,122343);
INSERT INTO "spot_areas" VALUES(208595,0,122343);
INSERT INTO "spot_areas" VALUES(208596,0,122343);
INSERT INTO "spot_areas" VALUES(208597,0,122343);
INSERT INTO "spot_areas" VALUES(208598,0,122343);
INSERT INTO "spot_areas" VALUES(208599,0,122050);
INSERT INTO "spot_areas" VALUES(208600,0,122050);
INSERT INTO "spot_areas" VALUES(208601,0,122050);
INSERT INTO "spot_areas" VALUES(208602,0,122050);
INSERT INTO "spot_areas" VALUES(208603,0,122050);
INSERT INTO "spot_areas" VALUES(208604,0,122050);
INSERT INTO "spot_areas" VALUES(208605,0,122050);
INSERT INTO "spot_areas" VALUES(208606,0,122050);
INSERT INTO "spot_areas" VALUES(208607,0,122050);
INSERT INTO "spot_areas" VALUES(208608,0,122050);
INSERT INTO "spot_areas" VALUES(208609,0,122041);
INSERT INTO "spot_areas" VALUES(208610,0,124419);
INSERT INTO "spot_areas" VALUES(208611,0,122068);
INSERT INTO "spot_areas" VALUES(208612,0,122165);
INSERT INTO "spot_areas" VALUES(208613,0,122165);
INSERT INTO "spot_areas" VALUES(208614,0,122165);
INSERT INTO "spot_areas" VALUES(208615,0,122165);
INSERT INTO "spot_areas" VALUES(208616,0,122165);
INSERT INTO "spot_areas" VALUES(208617,0,122165);
INSERT INTO "spot_areas" VALUES(208618,0,122165);
INSERT INTO "spot_areas" VALUES(208619,0,122165);
INSERT INTO "spot_areas" VALUES(208620,0,122106);
INSERT INTO "spot_areas" VALUES(208621,0,122386);
INSERT INTO "spot_areas" VALUES(208622,0,122050);
INSERT INTO "spot_areas" VALUES(208623,0,122190);
INSERT INTO "spot_areas" VALUES(208624,0,124630);
INSERT INTO "spot_areas" VALUES(208625,0,122254);
INSERT INTO "spot_areas" VALUES(208626,0,124249);
INSERT INTO "spot_areas" VALUES(208627,0,124214);
INSERT INTO "spot_areas" VALUES(208628,0,122327);
INSERT INTO "spot_areas" VALUES(208629,0,122289);
INSERT INTO "spot_areas" VALUES(208630,0,122301);
INSERT INTO "spot_areas" VALUES(208631,0,122033);
INSERT INTO "spot_areas" VALUES(208632,0,122076);
INSERT INTO "spot_areas" VALUES(208633,0,122220);
INSERT INTO "spot_areas" VALUES(208634,0,122025);
INSERT INTO "spot_areas" VALUES(208635,0,124222);
INSERT INTO "spot_areas" VALUES(208636,0,124231);
INSERT INTO "spot_areas" VALUES(208637,0,124435);
INSERT INTO "spot_areas" VALUES(208638,0,122050);
INSERT INTO "spot_areas" VALUES(208639,0,122386);
INSERT INTO "spot_areas" VALUES(208640,0,122386);
INSERT INTO "spot_areas" VALUES(208641,0,122254);
INSERT INTO "spot_areas" VALUES(208642,0,122319);
INSERT INTO "spot_areas" VALUES(208643,0,122351);
INSERT INTO "spot_areas" VALUES(208644,0,122271);
INSERT INTO "spot_areas" VALUES(208645,0,122271);
INSERT INTO "spot_areas" VALUES(208646,0,122254);
INSERT INTO "spot_areas" VALUES(208647,0,122190);
INSERT INTO "spot_areas" VALUES(208648,0,124630);
INSERT INTO "spot_areas" VALUES(208649,0,121061);
INSERT INTO "spot_areas" VALUES(208650,0,121053);
INSERT INTO "spot_areas" VALUES(208650,1,121053);
INSERT INTO "spot_areas" VALUES(208651,0,121061);
INSERT INTO "spot_areas" VALUES(208652,0,121029);
INSERT INTO "spot_areas" VALUES(208653,0,122131);
INSERT INTO "spot_areas" VALUES(208654,0,122114);
INSERT INTO "spot_areas" VALUES(208655,0,122041);
INSERT INTO "spot_areas" VALUES(208656,0,122041);
INSERT INTO "spot_areas" VALUES(208657,0,122041);
INSERT INTO "spot_areas" VALUES(208658,0,122343);
INSERT INTO "spot_areas" VALUES(208659,0,122343);
INSERT INTO "spot_areas" VALUES(208660,0,122106);
INSERT INTO "spot_areas" VALUES(208661,0,122114);
INSERT INTO "spot_areas" VALUES(208662,0,122351);
INSERT INTO "spot_areas" VALUES(208663,0,122289);
INSERT INTO "spot_areas" VALUES(209076,0,122157);
INSERT INTO "spot_areas" VALUES(209076,1,122157);
INSERT INTO "spot_areas" VALUES(209077,0,124231);
INSERT INTO "spot_areas" VALUES(209078,0,124109);
INSERT INTO "spot_areas" VALUES(209079,0,122394);
INSERT INTO "spot_areas" VALUES(209080,0,124036);
INSERT INTO "spot_areas" VALUES(209081,0,122238);
INSERT INTO "spot_areas" VALUES(209082,0,122343);
INSERT INTO "spot_areas" VALUES(209083,0,122076);
INSERT INTO "spot_areas" VALUES(209084,0,122076);
INSERT INTO "spot_areas" VALUES(209085,0,122173);
INSERT INTO "spot_areas" VALUES(209086,0,122157);
INSERT INTO "spot_areas" VALUES(209087,0,122106);
INSERT INTO "spot_areas" VALUES(209088,0,122254);
INSERT INTO "spot_areas" VALUES(209089,0,122297);
INSERT INTO "spot_areas" VALUES(209090,0,122386);
INSERT INTO "spot_areas" VALUES(209091,0,122041);
INSERT INTO "spot_areas" VALUES(209281,0,122220);
INSERT INTO "spot_areas" VALUES(209282,0,122335);
INSERT INTO "spot_areas" VALUES(209283,0,122025);
INSERT INTO "spot_areas" VALUES(209284,0,122157);
INSERT INTO "spot_areas" VALUES(209285,0,122157);
INSERT INTO "spot_areas" VALUES(209286,0,124109);
INSERT INTO "spot_areas" VALUES(209287,0,122068);
INSERT INTO "spot_areas" VALUES(209288,0,122386);
INSERT INTO "spot_areas" VALUES(209289,0,122386);
INSERT INTO "spot_areas" VALUES(209290,0,122386);
INSERT INTO "spot_areas" VALUES(209291,0,122386);
INSERT INTO "spot_areas" VALUES(209292,0,124630);
INSERT INTO "spot_areas" VALUES(209293,0,122238);
INSERT INTO "spot_areas" VALUES(209294,0,122343);
INSERT INTO "spot_areas" VALUES(209295,0,122343);
INSERT INTO "spot_areas" VALUES(209296,0,122173);
INSERT INTO "spot_areas" VALUES(209297,0,123293);
INSERT INTO "spot_areas" VALUES(209298,0,122131);
INSERT INTO "spot_areas" VALUES(209460,0,122386);
INSERT INTO "spot_areas" VALUES(209461,0,122343);
INSERT INTO "spot_areas" VALUES(210057,0,122238);
INSERT INTO "spot_areas" VALUES(210058,0,122033);
INSERT INTO "spot_areas" VALUES(210059,0,124109);
INSERT INTO "spot_areas" VALUES(210060,0,124109);
INSERT INTO "spot_areas" VALUES(210061,0,124109);
INSERT INTO "spot_areas" VALUES(210062,0,124109);
INSERT INTO "spot_areas" VALUES(210663,0,122351);
CREATE TABLE spot_names
(
    spot_id INTEGER,
    notation_id INTEGER,
    spot_name TEXT NOT NULL,
    PRIMARY KEY(spot_id, notation_id)
);
INSERT INTO "spot_names" VALUES(207134,0,'企画展「千葉の自然再発見　～銚子から見つめるカコ・イマそしてミライへ～」');
INSERT INTO "spot_names" VALUES(207135,0,'千葉県誕生150周年記念 　関東大震災100年企画展「関東大震災と館山」');
INSERT INTO "spot_names" VALUES(207136,0,'成田伝統芸能まつり秋の陣');
INSERT INTO "spot_names" VALUES(207137,0,'ぽるぽろ（Play Learn Protect and Live with the Ocean）');
INSERT INTO "spot_names" VALUES(207138,0,'企画展「土に実りぬ―八街の１５０年―」');
INSERT INTO "spot_names" VALUES(207139,0,'やちまた落花生まつり2023');
INSERT INTO "spot_names" VALUES(207140,0,'伊能忠敬記念館開館25周年特別展「描かれた日本～伊能図焼失100年目の再会～」');
INSERT INTO "spot_names" VALUES(207141,0,'日西墨友好の絆記念日事業');
INSERT INTO "spot_names" VALUES(207142,0,'鋸山・日本寺コンサート');
INSERT INTO "spot_names" VALUES(207143,0,'千葉県誕生150周年記念「田んぼアート in 山武市」稲刈りイベント');
INSERT INTO "spot_names" VALUES(207144,0,'「葛南地域５市で見つけた！夕焼け・夜景の名所フォトコンテスト」写真展');
INSERT INTO "spot_names" VALUES(207145,0,'「葛南地域５市で見つけた！夕焼け・夜景の名所フォトコンテスト」写真展');
INSERT INTO "spot_names" VALUES(207146,0,'「葛南地域５市で見つけた！夕焼け・夜景の名所フォトコンテスト」写真展');
INSERT INTO "spot_names" VALUES(207147,0,'「葛南地域５市で見つけた！夕焼け・夜景の名所フォトコンテスト」写真展');
INSERT INTO "spot_names" VALUES(207148,0,'「葛南地域５市で見つけた！夕焼け・夜景の名所フォトコンテスト」写真展');
INSERT INTO "spot_names" VALUES(207149,0,'県立中央博物館　特別展「よみがえるチバニアン期の古生物」');
INSERT INTO "spot_names" VALUES(207150,0,'県立美術館「房総の海をめぐる光と影とアート展」');
INSERT INTO "spot_names" VALUES(208179,0,'千葉県立関宿城博物館');
INSERT INTO "spot_names" VALUES(208180,0,'関根名人記念館');
INSERT INTO "spot_names" VALUES(208181,0,'こうのとりの里');
INSERT INTO "spot_names" VALUES(208182,0,'清水公園');
INSERT INTO "spot_names" VALUES(208183,0,'櫻木神社');
INSERT INTO "spot_names" VALUES(208184,0,'野田市市民会館（旧茂木佐平治邸）');
INSERT INTO "spot_names" VALUES(208185,0,'興風会館');
INSERT INTO "spot_names" VALUES(208186,0,'野田市鈴木貫太郎記念館');
INSERT INTO "spot_names" VALUES(208187,0,'公益財団法人髙梨本家 上花輪歴史館');
INSERT INTO "spot_names" VALUES(208188,0,'赤城神社');
INSERT INTO "spot_names" VALUES(208227,0,'一茶双樹記念館');
INSERT INTO "spot_names" VALUES(208228,0,'近藤勇陣屋跡');
INSERT INTO "spot_names" VALUES(208229,0,'流山万華鏡ギャラリー＆ミュージアムと葉茶屋寺田園');
INSERT INTO "spot_names" VALUES(208230,0,'流山本町まちなかミュージアム');
INSERT INTO "spot_names" VALUES(208231,0,'浅間神社');
INSERT INTO "spot_names" VALUES(208232,0,'流山市立博物館');
INSERT INTO "spot_names" VALUES(208233,0,'運河水辺公園');
INSERT INTO "spot_names" VALUES(208234,0,'こんぶくろ池自然博物公園');
INSERT INTO "spot_names" VALUES(208235,0,'紅龍山布施弁天東海寺');
INSERT INTO "spot_names" VALUES(208236,0,'旧吉田家住宅歴史公園');
INSERT INTO "spot_names" VALUES(208237,0,'北柏ふるさと公園');
INSERT INTO "spot_names" VALUES(208238,0,'農産物直売所かしわで');
INSERT INTO "spot_names" VALUES(208239,0,'道の駅　しょうなん');
INSERT INTO "spot_names" VALUES(208240,0,'旧手賀教会堂');
INSERT INTO "spot_names" VALUES(208241,0,'柏しょうなんゆめファーム');
INSERT INTO "spot_names" VALUES(208242,0,'龍光院・将門神社');
INSERT INTO "spot_names" VALUES(208243,0,'あけぼの山農業公園');
INSERT INTO "spot_names" VALUES(208244,0,'蓬莱山弘誓院福満寺');
INSERT INTO "spot_names" VALUES(208245,0,'増尾城址総合公園');
INSERT INTO "spot_names" VALUES(208246,0,'手賀沼公園');
INSERT INTO "spot_names" VALUES(208247,0,'手賀沼親水広場・水の館');
INSERT INTO "spot_names" VALUES(208248,0,'我孫子市白樺文学館');
INSERT INTO "spot_names" VALUES(208249,0,'我孫子市杉村楚人冠記念館');
INSERT INTO "spot_names" VALUES(208250,0,'旧村川別荘');
INSERT INTO "spot_names" VALUES(208251,0,'日秀観音');
INSERT INTO "spot_names" VALUES(208252,0,'葺不合神社');
INSERT INTO "spot_names" VALUES(208253,0,'戸定が丘歴史公園（戸定邸・戸定歴史館）');
INSERT INTO "spot_names" VALUES(208254,0,'長谷山 本土寺');
INSERT INTO "spot_names" VALUES(208255,0,'矢切の渡し');
INSERT INTO "spot_names" VALUES(208256,0,'東漸寺');
INSERT INTO "spot_names" VALUES(208257,0,'松戸市立博物館');
INSERT INTO "spot_names" VALUES(208258,0,'野馬除土手');
INSERT INTO "spot_names" VALUES(208259,0,'浦安市郷土博物館');
INSERT INTO "spot_names" VALUES(208260,0,'旧医院');
INSERT INTO "spot_names" VALUES(208261,0,'三番瀬環境観察館');
INSERT INTO "spot_names" VALUES(208262,0,'旧大塚家住宅');
INSERT INTO "spot_names" VALUES(208263,0,'旧宇田川家住宅');
INSERT INTO "spot_names" VALUES(208264,0,'千葉県立現代産業科学館');
INSERT INTO "spot_names" VALUES(208265,0,'市川市行徳野鳥観察舎「あいねすと」');
INSERT INTO "spot_names" VALUES(208266,0,'日蓮宗大本山　中山法華経寺');
INSERT INTO "spot_names" VALUES(208267,0,'市川市動植物園');
INSERT INTO "spot_names" VALUES(208268,0,'アイ・リンクタウン展望施設');
INSERT INTO "spot_names" VALUES(208269,0,'道の駅　いちかわ');
INSERT INTO "spot_names" VALUES(208270,0,'市立市川考古博物館');
INSERT INTO "spot_names" VALUES(208271,0,'行徳神輿ミュージアム');
INSERT INTO "spot_names" VALUES(208272,0,'白幡天神社');
INSERT INTO "spot_names" VALUES(208273,0,'小塚山フィールドアスレチック');
INSERT INTO "spot_names" VALUES(208274,0,'真間山　弘法寺');
INSERT INTO "spot_names" VALUES(208275,0,'葛飾八幡宮');
INSERT INTO "spot_names" VALUES(208276,0,'鎌ケ谷大仏');
INSERT INTO "spot_names" VALUES(208277,0,'ファイターズ鎌ケ谷スタジアム');
INSERT INTO "spot_names" VALUES(208278,0,'貝柄山公園');
INSERT INTO "spot_names" VALUES(208279,0,'市制記念公園');
INSERT INTO "spot_names" VALUES(208280,0,'国史跡下総小金中野牧跡・捕込');
INSERT INTO "spot_names" VALUES(208281,0,'鎌ケ谷市郷土資料館');
INSERT INTO "spot_names" VALUES(208282,0,'白井そろばん博物館');
INSERT INTO "spot_names" VALUES(208283,0,'ふなばし三番瀬海浜公園');
INSERT INTO "spot_names" VALUES(208284,0,'ふなばしアンデルセン公園');
INSERT INTO "spot_names" VALUES(208285,0,'ふなばしメグスパ');
INSERT INTO "spot_names" VALUES(208286,0,'千葉県立船橋県民の森');
INSERT INTO "spot_names" VALUES(208287,0,'ふなばし三番瀬環境学習館');
INSERT INTO "spot_names" VALUES(208288,0,'農産物直売所 ふなっこ畑');
INSERT INTO "spot_names" VALUES(208289,0,'船橋大神宮（意富比神社）');
INSERT INTO "spot_names" VALUES(208290,0,'三番瀬みなとや');
INSERT INTO "spot_names" VALUES(208291,0,'京成バラ園');
INSERT INTO "spot_names" VALUES(208292,0,'道の駅 やちよ');
INSERT INTO "spot_names" VALUES(208293,0,'村上緑地公園');
INSERT INTO "spot_names" VALUES(208294,0,'萱田地区公園');
INSERT INTO "spot_names" VALUES(208295,0,'ファーマーズマーケット「よったいよ」');
INSERT INTO "spot_names" VALUES(208296,0,'八千代市立郷土博物館');
INSERT INTO "spot_names" VALUES(208297,0,'正覚院（毘沙門天）');
INSERT INTO "spot_names" VALUES(208298,0,'長福寺（弁財天）');
INSERT INTO "spot_names" VALUES(208299,0,'妙徳寺（大黒天）');
INSERT INTO "spot_names" VALUES(208300,0,'妙光寺（吉祥天）');
INSERT INTO "spot_names" VALUES(208301,0,'東栄寺（福禄寿）');
INSERT INTO "spot_names" VALUES(208302,0,'貞福寺（恵比寿）');
INSERT INTO "spot_names" VALUES(208303,0,'観音寺（布袋尊）');
INSERT INTO "spot_names" VALUES(208304,0,'長福寺（寿老人）');
INSERT INTO "spot_names" VALUES(208305,0,'北総花の丘公園');
INSERT INTO "spot_names" VALUES(208306,0,'木下交流の杜歴史資料センター');
INSERT INTO "spot_names" VALUES(208307,0,'草深の森（そうふけのもり）');
INSERT INTO "spot_names" VALUES(208308,0,'谷津バラ園');
INSERT INTO "spot_names" VALUES(208309,0,'谷津干潟自然観察センター');
INSERT INTO "spot_names" VALUES(208310,0,'フォレストアドベンチャー・千葉');
INSERT INTO "spot_names" VALUES(208311,0,'千葉市立郷土博物館');
INSERT INTO "spot_names" VALUES(208312,0,'千葉県立中央博物館');
INSERT INTO "spot_names" VALUES(208313,0,'千葉市立加曽利貝塚博物館');
INSERT INTO "spot_names" VALUES(208314,0,'富田さとにわ耕園');
INSERT INTO "spot_names" VALUES(208315,0,'千葉ウシノヒロバ');
INSERT INTO "spot_names" VALUES(208316,0,'千葉市動物公園');
INSERT INTO "spot_names" VALUES(208317,0,'千葉市科学館');
INSERT INTO "spot_names" VALUES(208318,0,'千葉市美術館');
INSERT INTO "spot_names" VALUES(208319,0,'千葉県立美術館');
INSERT INTO "spot_names" VALUES(208320,0,'千葉公園');
INSERT INTO "spot_names" VALUES(208321,0,'TIPSTAR DOME CHIBA');
INSERT INTO "spot_names" VALUES(208322,0,'フクダ電子アリーナ');
INSERT INTO "spot_names" VALUES(208323,0,'ZOZOマリンスタジアム');
INSERT INTO "spot_names" VALUES(208324,0,'幕張メッセ');
INSERT INTO "spot_names" VALUES(208325,0,'アクアリンクちば');
INSERT INTO "spot_names" VALUES(208326,0,'ホキ美術館');
INSERT INTO "spot_names" VALUES(208327,0,'千葉港めぐり（ケーズハーバー）');
INSERT INTO "spot_names" VALUES(208328,0,'千葉ポートタワー');
INSERT INTO "spot_names" VALUES(208329,0,'SUNSET BEACH PARK INAGE（稲毛海浜公園）');
INSERT INTO "spot_names" VALUES(208330,0,'昭和の森');
INSERT INTO "spot_names" VALUES(208331,0,'旧神谷傳兵衛稲毛別荘');
INSERT INTO "spot_names" VALUES(208332,0,'千葉市ゆかりの家・いなげ');
INSERT INTO "spot_names" VALUES(208333,0,'千葉御茶屋御殿跡');
INSERT INTO "spot_names" VALUES(208334,0,'千葉神社');
INSERT INTO "spot_names" VALUES(208335,0,'四街道市鹿放ヶ丘 ふれあいセンター');
INSERT INTO "spot_names" VALUES(208336,0,'佐倉ふるさと広場');
INSERT INTO "spot_names" VALUES(208337,0,'国立歴史民俗博物館');
INSERT INTO "spot_names" VALUES(208338,0,'佐倉城址公園');
INSERT INTO "spot_names" VALUES(208339,0,'佐倉市立美術館');
INSERT INTO "spot_names" VALUES(208340,0,'佐倉草ぶえの丘');
INSERT INTO "spot_names" VALUES(208341,0,'佐倉武家屋敷');
INSERT INTO "spot_names" VALUES(208342,0,'塚本刀剣美術館');
INSERT INTO "spot_names" VALUES(208343,0,'佐倉順天堂記念館');
INSERT INTO "spot_names" VALUES(208344,0,'旧堀田邸（さくら庭園）');
INSERT INTO "spot_names" VALUES(208345,0,'麻賀多神社');
INSERT INTO "spot_names" VALUES(208346,0,'ひよどり坂');
INSERT INTO "spot_names" VALUES(208347,0,'DIC川村記念美術館');
INSERT INTO "spot_names" VALUES(208348,0,'千葉県立房総のむら');
INSERT INTO "spot_names" VALUES(208349,0,'コスプレの館');
INSERT INTO "spot_names" VALUES(208350,0,'龍角寺古墳群・岩屋古墳');
INSERT INTO "spot_names" VALUES(208351,0,'龍角寺');
INSERT INTO "spot_names" VALUES(208352,0,'大鷲神社');
INSERT INTO "spot_names" VALUES(208353,0,'飯沼本家 きのえねまがり家');
INSERT INTO "spot_names" VALUES(208354,0,'本佐倉城跡');
INSERT INTO "spot_names" VALUES(208355,0,'しすい・ハーブガーデン');
INSERT INTO "spot_names" VALUES(208356,0,'成田山新勝寺');
INSERT INTO "spot_names" VALUES(208357,0,'成田ゆめ牧場');
INSERT INTO "spot_names" VALUES(208358,0,'宗吾霊堂');
INSERT INTO "spot_names" VALUES(208359,0,'空の駅 さくら館');
INSERT INTO "spot_names" VALUES(208360,0,'成田市さくらの山');
INSERT INTO "spot_names" VALUES(208361,0,'成田空港');
INSERT INTO "spot_names" VALUES(208362,0,'からくり時計');
INSERT INTO "spot_names" VALUES(208363,0,'成田観光館');
INSERT INTO "spot_names" VALUES(208364,0,'坂田ヶ池総合公園');
INSERT INTO "spot_names" VALUES(208365,0,'三里塚御料牧場記念館');
INSERT INTO "spot_names" VALUES(208366,0,'下総歴史民俗資料館');
INSERT INTO "spot_names" VALUES(208367,0,'新生成田市場（成田市公設地方卸売市場）');
INSERT INTO "spot_names" VALUES(208368,0,'八街市推奨の店　ぼっち');
INSERT INTO "spot_names" VALUES(208369,0,'八街市郷土資料館');
INSERT INTO "spot_names" VALUES(208370,0,'観光・交流拠点施設「末廣農場」');
INSERT INTO "spot_names" VALUES(208371,0,'富里鎮守　香取神社');
INSERT INTO "spot_names" VALUES(208372,0,'旧岩崎久彌末廣農場別邸公園');
INSERT INTO "spot_names" VALUES(208373,0,'三谷胤政供養塔');
INSERT INTO "spot_names" VALUES(208374,0,'道の駅　発酵の里こうざき');
INSERT INTO "spot_names" VALUES(208375,0,'神崎神社（なんじゃもんじゃの木）');
INSERT INTO "spot_names" VALUES(208376,0,'こうざき天の川公園');
INSERT INTO "spot_names" VALUES(208377,0,'西の城貝塚');
INSERT INTO "spot_names" VALUES(208378,0,'水郷佐原山車会館');
INSERT INTO "spot_names" VALUES(208379,0,'佐原町並み交流館・佐原三菱館');
INSERT INTO "spot_names" VALUES(208380,0,'さわら町屋館（上川岸小公園）');
INSERT INTO "spot_names" VALUES(208381,0,'水郷佐原あやめパーク');
INSERT INTO "spot_names" VALUES(208382,0,'道の駅・川の駅　水の郷さわら');
INSERT INTO "spot_names" VALUES(208383,0,'やます蔵 風土村');
INSERT INTO "spot_names" VALUES(208384,0,'香取神宮');
INSERT INTO "spot_names" VALUES(208385,0,'道の駅　くりもと紅小町の郷');
INSERT INTO "spot_names" VALUES(208386,0,'観福寺');
INSERT INTO "spot_names" VALUES(208387,0,'伊能忠敬記念館');
INSERT INTO "spot_names" VALUES(208388,0,'伊能忠敬旧宅');
INSERT INTO "spot_names" VALUES(208389,0,'府馬の大クス');
INSERT INTO "spot_names" VALUES(208390,0,'天保水滸伝遺品館/諏訪神社');
INSERT INTO "spot_names" VALUES(208391,0,'千葉県立東庄県民の森');
INSERT INTO "spot_names" VALUES(208392,0,'延命寺');
INSERT INTO "spot_names" VALUES(208393,0,'福聚寺');
INSERT INTO "spot_names" VALUES(208394,0,'犬吠埼灯台');
INSERT INTO "spot_names" VALUES(208395,0,'屏風ケ浦/銚子マリーナ海水浴場');
INSERT INTO "spot_names" VALUES(208396,0,'ウオッセ21');
INSERT INTO "spot_names" VALUES(208397,0,'銚子ポートタワー');
INSERT INTO "spot_names" VALUES(208398,0,'地球の丸く見える丘展望館');
INSERT INTO "spot_names" VALUES(208399,0,'外川町の町並み');
INSERT INTO "spot_names" VALUES(208400,0,'銚子ジオパークミュージアム');
INSERT INTO "spot_names" VALUES(208401,0,'猿田神社');
INSERT INTO "spot_names" VALUES(208402,0,'妙見宮　妙福寺');
INSERT INTO "spot_names" VALUES(208403,0,'飯沼観音（圓福寺）');
INSERT INTO "spot_names" VALUES(208404,0,'外川ミニ郷土資料館');
INSERT INTO "spot_names" VALUES(208405,0,'旧公正会館');
INSERT INTO "spot_names" VALUES(208406,0,'銚子ちぢみ伝統工芸館');
INSERT INTO "spot_names" VALUES(208407,0,'道の駅　多古あじさい館');
INSERT INTO "spot_names" VALUES(208408,0,'澁谷嘉助旧宅正門');
INSERT INTO "spot_names" VALUES(208409,0,'妙印山　妙光寺');
INSERT INTO "spot_names" VALUES(208410,0,'多古町魅力発信交流館「たこらぼ」');
INSERT INTO "spot_names" VALUES(208411,0,'木内家住宅');
INSERT INTO "spot_names" VALUES(208412,0,'土橋山東禅寺');
INSERT INTO "spot_names" VALUES(208413,0,'おひさまテラス');
INSERT INTO "spot_names" VALUES(208414,0,'大原幽学記念館');
INSERT INTO "spot_names" VALUES(208415,0,'旭市防災資料館');
INSERT INTO "spot_names" VALUES(208416,0,'玉﨑神社');
INSERT INTO "spot_names" VALUES(208417,0,'中央児童遊園');
INSERT INTO "spot_names" VALUES(208418,0,'東漸寺');
INSERT INTO "spot_names" VALUES(208419,0,'芝山町立芝山古墳・はにわ博物館');
INSERT INTO "spot_names" VALUES(208420,0,'航空科学博物館');
INSERT INTO "spot_names" VALUES(208421,0,'道の駅 　風和里しばやま');
INSERT INTO "spot_names" VALUES(208422,0,'ひこうきの丘');
INSERT INTO "spot_names" VALUES(208423,0,'グリーンポートエコ・アグリパーク');
INSERT INTO "spot_names" VALUES(208424,0,'空の駅　風和里しばやま');
INSERT INTO "spot_names" VALUES(208425,0,'松山神社');
INSERT INTO "spot_names" VALUES(208426,0,'八重垣神社');
INSERT INTO "spot_names" VALUES(208427,0,'八日市場東照宮');
INSERT INTO "spot_names" VALUES(208428,0,'老尾神社');
INSERT INTO "spot_names" VALUES(208429,0,'曾我兄弟の墓');
INSERT INTO "spot_names" VALUES(208430,0,'西小笹八幡神社');
INSERT INTO "spot_names" VALUES(208431,0,'野栄ふれあい公園');
INSERT INTO "spot_names" VALUES(208432,0,'天神山公園');
INSERT INTO "spot_names" VALUES(208433,0,'飯高檀林跡（飯高寺）');
INSERT INTO "spot_names" VALUES(208434,0,'松山庭園美術館');
INSERT INTO "spot_names" VALUES(208435,0,'ふれあいパーク八日市場');
INSERT INTO "spot_names" VALUES(208436,0,'そうさ観光物産センター　匝りの里');
INSERT INTO "spot_names" VALUES(208437,0,'安久山のスダジイ');
INSERT INTO "spot_names" VALUES(208438,0,'坂田城跡');
INSERT INTO "spot_names" VALUES(208439,0,'マリンピアくりやまがわ');
INSERT INTO "spot_names" VALUES(208440,0,'成田山御本尊 上陸の地');
INSERT INTO "spot_names" VALUES(208441,0,'横芝駅前情報交流館「ヨリドコロ」');
INSERT INTO "spot_names" VALUES(208442,0,'広済寺');
INSERT INTO "spot_names" VALUES(208443,0,'道の駅　オライはすぬま');
INSERT INTO "spot_names" VALUES(208444,0,'浪切不動院（成東山不動院長勝寺）');
INSERT INTO "spot_names" VALUES(208445,0,'伊藤左千夫の生家（山武市歴史民俗資料館）');
INSERT INTO "spot_names" VALUES(208446,0,'蓮沼海浜公園');
INSERT INTO "spot_names" VALUES(208447,0,'さんぶの森公園');
INSERT INTO "spot_names" VALUES(208448,0,'雄蛇ヶ池');
INSERT INTO "spot_names" VALUES(208449,0,'山王台公園');
INSERT INTO "spot_names" VALUES(208450,0,'日吉神社');
INSERT INTO "spot_names" VALUES(208451,0,'最福寺');
INSERT INTO "spot_names" VALUES(208452,0,'ときがね湖（東金ダム）');
INSERT INTO "spot_names" VALUES(208453,0,'道の駅　みのりの郷東金');
INSERT INTO "spot_names" VALUES(208454,0,'小中池公園');
INSERT INTO "spot_names" VALUES(208455,0,'十枝の森');
INSERT INTO "spot_names" VALUES(208456,0,'宮谷八幡神社');
INSERT INTO "spot_names" VALUES(208457,0,'縣神社');
INSERT INTO "spot_names" VALUES(208458,0,'海の駅　九十九里');
INSERT INTO "spot_names" VALUES(208459,0,'伊能忠敬記念公園（伊能忠敬出生地）');
INSERT INTO "spot_names" VALUES(208460,0,'宮島池親水公園');
INSERT INTO "spot_names" VALUES(208461,0,'九十九里ハーブガーデン');
INSERT INTO "spot_names" VALUES(208462,0,'Sghr 菅原工芸硝子');
INSERT INTO "spot_names" VALUES(208463,0,'市原湖畔美術館');
INSERT INTO "spot_names" VALUES(208464,0,'養老渓谷');
INSERT INTO "spot_names" VALUES(208465,0,'飯香岡八幡宮');
INSERT INTO "spot_names" VALUES(208466,0,'養老川臨海公園');
INSERT INTO "spot_names" VALUES(208467,0,'史跡上総国分尼寺跡展示館');
INSERT INTO "spot_names" VALUES(208468,0,'道の駅　あずの里いちはら');
INSERT INTO "spot_names" VALUES(208469,0,'こみなと待合室');
INSERT INTO "spot_names" VALUES(208470,0,'西願寺');
INSERT INTO "spot_names" VALUES(208471,0,'千葉こどもの国キッズダム');
INSERT INTO "spot_names" VALUES(208472,0,'チバニアンビジターセンター');
INSERT INTO "spot_names" VALUES(208473,0,'ANIMAL WONDER REZOURT 市原ぞうの国');
INSERT INTO "spot_names" VALUES(208474,0,'Toilet in Nature／飯給駅');
INSERT INTO "spot_names" VALUES(208475,0,'長柄ダム');
INSERT INTO "spot_names" VALUES(208476,0,'史跡長柄横穴群');
INSERT INTO "spot_names" VALUES(208477,0,'道の駅　ながら');
INSERT INTO "spot_names" VALUES(208478,0,'大田中将顕彰碑');
INSERT INTO "spot_names" VALUES(208479,0,'フォレストアドベンチャー・ターザニア');
INSERT INTO "spot_names" VALUES(208480,0,'掩体壕');
INSERT INTO "spot_names" VALUES(208481,0,'白子神社');
INSERT INTO "spot_names" VALUES(208482,0,'袖ケ浦公園');
INSERT INTO "spot_names" VALUES(208483,0,'東京ドイツ村');
INSERT INTO "spot_names" VALUES(208484,0,'袖ケ浦海浜公園');
INSERT INTO "spot_names" VALUES(208485,0,'袖ケ浦市農畜産物直売所「ゆりの里」');
INSERT INTO "spot_names" VALUES(208486,0,'百目木公園');
INSERT INTO "spot_names" VALUES(208487,0,'袖ケ浦ふれあいどうぶつ縁');
INSERT INTO "spot_names" VALUES(208488,0,'袖ケ浦市郷土博物館');
INSERT INTO "spot_names" VALUES(208489,0,'ひらおかの里農村公園');
INSERT INTO "spot_names" VALUES(208490,0,'野見金公園');
INSERT INTO "spot_names" VALUES(208491,0,'熊野の清水');
INSERT INTO "spot_names" VALUES(208492,0,'笠森観音（笠森寺観音堂）');
INSERT INTO "spot_names" VALUES(208493,0,'長南集学校');
INSERT INTO "spot_names" VALUES(208494,0,'道の駅　むつざわつどいの郷');
INSERT INTO "spot_names" VALUES(208495,0,'諏訪神社');
INSERT INTO "spot_names" VALUES(208496,0,'鵜羽神社');
INSERT INTO "spot_names" VALUES(208497,0,'お寺カフェそわか');
INSERT INTO "spot_names" VALUES(208498,0,'長生観音');
INSERT INTO "spot_names" VALUES(208499,0,'一松神社');
INSERT INTO "spot_names" VALUES(208500,0,'尼ヶ台総合公園');
INSERT INTO "spot_names" VALUES(208501,0,'釣ヶ崎海岸');
INSERT INTO "spot_names" VALUES(208502,0,'上総国一之宮　玉前神社');
INSERT INTO "spot_names" VALUES(208503,0,'證誠寺');
INSERT INTO "spot_names" VALUES(208504,0,'八剱八幡神社');
INSERT INTO "spot_names" VALUES(208505,0,'チーバくんプラザ-千葉県観光情報館-');
INSERT INTO "spot_names" VALUES(208506,0,'高倉観音（高蔵寺）');
INSERT INTO "spot_names" VALUES(208507,0,'木更津市郷土博物館金のすず');
INSERT INTO "spot_names" VALUES(208508,0,'木更津かんらんしゃパーク　キサラピア');
INSERT INTO "spot_names" VALUES(208509,0,'道の駅　木更津うまくたの里');
INSERT INTO "spot_names" VALUES(208510,0,'鳥居崎海浜公園');
INSERT INTO "spot_names" VALUES(208511,0,'かずさアーク');
INSERT INTO "spot_names" VALUES(208512,0,'きみさらずタワー／太田山公園');
INSERT INTO "spot_names" VALUES(208513,0,'燈籠坂大師の切通しトンネル');
INSERT INTO "spot_names" VALUES(208514,0,'マザー牧場');
INSERT INTO "spot_names" VALUES(208515,0,'明治百年記念展望塔');
INSERT INTO "spot_names" VALUES(208516,0,'金谷港');
INSERT INTO "spot_names" VALUES(208517,0,'鋸山ロープウェー');
INSERT INTO "spot_names" VALUES(208518,0,'岩谷観音堂やぐら群');
INSERT INTO "spot_names" VALUES(208519,0,'鋸山美術館');
INSERT INTO "spot_names" VALUES(208520,0,'ザ・フィッシュ');
INSERT INTO "spot_names" VALUES(208521,0,'小泉酒造合資会社ソムリエハウス酒匠の館');
INSERT INTO "spot_names" VALUES(208522,0,'東京湾観音');
INSERT INTO "spot_names" VALUES(208523,0,'富津元洲堡塁砲台（中の島）');
INSERT INTO "spot_names" VALUES(208524,0,'富津公園');
INSERT INTO "spot_names" VALUES(208525,0,'久留里城（君津市立久留里城址資料館）');
INSERT INTO "spot_names" VALUES(208526,0,'九十九谷展望公園');
INSERT INTO "spot_names" VALUES(208527,0,'清水渓流広場（濃溝の滝・亀岩の洞窟）');
INSERT INTO "spot_names" VALUES(208528,0,'はちみつとミードのはちみつ工房');
INSERT INTO "spot_names" VALUES(208529,0,'亀山湖');
INSERT INTO "spot_names" VALUES(208530,0,'鹿野山　神野寺');
INSERT INTO "spot_names" VALUES(208531,0,'猟師工房ドライブイン');
INSERT INTO "spot_names" VALUES(208532,0,'ドリプレ・ローズガーデン');
INSERT INTO "spot_names" VALUES(208533,0,'カズサの郷 愛彩畑');
INSERT INTO "spot_names" VALUES(208534,0,'君津市久留里観光交流センター');
INSERT INTO "spot_names" VALUES(208535,0,'渡辺家住宅');
INSERT INTO "spot_names" VALUES(208536,0,'釜屋（旧江澤邸）');
INSERT INTO "spot_names" VALUES(208537,0,'道の駅　たけゆらの里おおたき');
INSERT INTO "spot_names" VALUES(208538,0,'山の駅 養老渓谷 喜楽里');
INSERT INTO "spot_names" VALUES(208539,0,'粟又の滝');
INSERT INTO "spot_names" VALUES(208540,0,'大多喜ハーブガーデン');
INSERT INTO "spot_names" VALUES(208541,0,'天然ガス記念館');
INSERT INTO "spot_names" VALUES(208542,0,'ポッポの丘');
INSERT INTO "spot_names" VALUES(208543,0,'千葉県いすみ環境と文化のさとセンター');
INSERT INTO "spot_names" VALUES(208544,0,'国吉神社・上総出雲大社');
INSERT INTO "spot_names" VALUES(208545,0,'鋸山 日本寺（地獄のぞき）');
INSERT INTO "spot_names" VALUES(208546,0,'都市交流施設・道の駅 保田小学校');
INSERT INTO "spot_names" VALUES(208547,0,'佐久間ダム湖親水公園');
INSERT INTO "spot_names" VALUES(208548,0,'江月水仙ロード');
INSERT INTO "spot_names" VALUES(208549,0,'保田海水浴場');
INSERT INTO "spot_names" VALUES(208550,0,'道の駅　きょなん');
INSERT INTO "spot_names" VALUES(208551,0,'をくづれ水仙郷');
INSERT INTO "spot_names" VALUES(208552,0,'保田漁協ばんや');
INSERT INTO "spot_names" VALUES(208553,0,'鴨川シーワールド');
INSERT INTO "spot_names" VALUES(208554,0,'大山千枚田');
INSERT INTO "spot_names" VALUES(208555,0,'鯛の浦遊覧船');
INSERT INTO "spot_names" VALUES(208556,0,'誕生寺');
INSERT INTO "spot_names" VALUES(208557,0,'大本山　清澄寺');
INSERT INTO "spot_names" VALUES(208558,0,'道の駅　鴨川オーシャンパーク');
INSERT INTO "spot_names" VALUES(208559,0,'菜な畑ロード');
INSERT INTO "spot_names" VALUES(208560,0,'潮騒市場');
INSERT INTO "spot_names" VALUES(208561,0,'魚見塚展望台');
INSERT INTO "spot_names" VALUES(208562,0,'四方木不動滝');
INSERT INTO "spot_names" VALUES(208563,0,'鴨川ウォールアート');
INSERT INTO "spot_names" VALUES(208564,0,'鴨川市郷土資料館');
INSERT INTO "spot_names" VALUES(208565,0,'大山寺不動尊');
INSERT INTO "spot_names" VALUES(208566,0,'鵜原海岸（白い鳥居）');
INSERT INTO "spot_names" VALUES(208567,0,'SGT美術館');
INSERT INTO "spot_names" VALUES(208568,0,'八幡岬公園');
INSERT INTO "spot_names" VALUES(208569,0,'官軍塚');
INSERT INTO "spot_names" VALUES(208570,0,'かつうら海中公園');
INSERT INTO "spot_names" VALUES(208571,0,'千葉県立中央博物館分館　海の博物館');
INSERT INTO "spot_names" VALUES(208572,0,'JAXA勝浦宇宙通信所');
INSERT INTO "spot_names" VALUES(208573,0,'勝浦朝市');
INSERT INTO "spot_names" VALUES(208574,0,'守谷海岸（渡島）');
INSERT INTO "spot_names" VALUES(208575,0,'高照寺');
INSERT INTO "spot_names" VALUES(208576,0,'遠見岬神社');
INSERT INTO "spot_names" VALUES(208577,0,'月の沙漠記念館');
INSERT INTO "spot_names" VALUES(208578,0,'道の駅　とみうら枇杷倶楽部');
INSERT INTO "spot_names" VALUES(208579,0,'道の駅　富楽里とみやま');
INSERT INTO "spot_names" VALUES(208580,0,'道の駅　おおつの里花俱楽部');
INSERT INTO "spot_names" VALUES(208581,0,'道の駅　三芳村鄙の里');
INSERT INTO "spot_names" VALUES(208582,0,'道の駅　和田浦WA・O！');
INSERT INTO "spot_names" VALUES(208583,0,'道の駅　ローズマリー公園');
INSERT INTO "spot_names" VALUES(208584,0,'道の駅　ちくら潮風王国');
INSERT INTO "spot_names" VALUES(208585,0,'道の駅　白浜野島崎');
INSERT INTO "spot_names" VALUES(208586,0,'野島埼灯台');
INSERT INTO "spot_names" VALUES(208587,0,'岡本桟橋（原岡桟橋）');
INSERT INTO "spot_names" VALUES(208588,0,'最果てのベンチ［ラバーズベンチ］');
INSERT INTO "spot_names" VALUES(208589,0,'抱湖園（元朝桜）');
INSERT INTO "spot_names" VALUES(208590,0,'千葉県　酪農のさと');
INSERT INTO "spot_names" VALUES(208591,0,'花嫁街道　黒滝');
INSERT INTO "spot_names" VALUES(208592,0,'大房岬自然公園（ビジターセンター）');
INSERT INTO "spot_names" VALUES(208593,0,'白浜海洋美術館');
INSERT INTO "spot_names" VALUES(208594,0,'白浜城');
INSERT INTO "spot_names" VALUES(208595,0,'伏姫籠穴');
INSERT INTO "spot_names" VALUES(208596,0,'南房千倉大橋（公園）');
INSERT INTO "spot_names" VALUES(208597,0,'シラハマ校舎');
INSERT INTO "spot_names" VALUES(208598,0,'白間津のお花畑');
INSERT INTO "spot_names" VALUES(208599,0,'沖ノ島公園');
INSERT INTO "spot_names" VALUES(208600,0,'"渚の駅"たてやま');
INSERT INTO "spot_names" VALUES(208601,0,'城山公園');
INSERT INTO "spot_names" VALUES(208602,0,'館山海軍航空隊 赤山地下壕跡');
INSERT INTO "spot_names" VALUES(208603,0,'道の駅 南房パラダイス/アロハガーデンたてやま');
INSERT INTO "spot_names" VALUES(208604,0,'大福寺（崖観音）');
INSERT INTO "spot_names" VALUES(208605,0,'安房高野山　妙音院');
INSERT INTO "spot_names" VALUES(208606,0,'洲埼灯台');
INSERT INTO "spot_names" VALUES(208607,0,'青木繁「海の幸」記念館');
INSERT INTO "spot_names" VALUES(208608,0,'ギャラリー ＆ カフェ　船形倉庫');
INSERT INTO "spot_names" VALUES(208609,0,'飛ノ台史跡公園博物館');
INSERT INTO "spot_names" VALUES(208610,0,'大多喜城（県立中央博物館大多喜城分館）');
INSERT INTO "spot_names" VALUES(208611,0,'光明寺');
INSERT INTO "spot_names" VALUES(208612,0,'茜浜緑地（関東富士見百景）');
INSERT INTO "spot_names" VALUES(208613,0,'旧鴇田家住宅');
INSERT INTO "spot_names" VALUES(208614,0,'旧大沢家住宅');
INSERT INTO "spot_names" VALUES(208615,0,'有森裕子記念碑');
INSERT INTO "spot_names" VALUES(208616,0,'鈴木大地記念碑');
INSERT INTO "spot_names" VALUES(208617,0,'山縣飛行士殉空之地碑');
INSERT INTO "spot_names" VALUES(208618,0,'ドイツ捕虜オーケストラの碑');
INSERT INTO "spot_names" VALUES(208619,0,'千葉工業大学通用門（旧陸軍鉄道第二聯隊表門）');
INSERT INTO "spot_names" VALUES(208620,0,'東身延 本山 藻原寺');
INSERT INTO "spot_names" VALUES(208621,0,'飯縄寺');
INSERT INTO "spot_names" VALUES(208622,0,'館山ジビエセンター');
INSERT INTO "spot_names" VALUES(208623,0,'市原歴史博物館');
INSERT INTO "spot_names" VALUES(208624,0,'菱川師宣記念館');
INSERT INTO "spot_names" VALUES(208625,0,'道の駅 ふれあいパーク・きみつ');
INSERT INTO "spot_names" VALUES(208626,0,'ウミガメの丘');
INSERT INTO "spot_names" VALUES(208627,0,'稲花酒造');
INSERT INTO "spot_names" VALUES(208628,0,'延命寺観音堂');
INSERT INTO "spot_names" VALUES(208629,0,'蔵の図書館');
INSERT INTO "spot_names" VALUES(208630,0,'寝釈迦');
INSERT INTO "spot_names" VALUES(208631,0,'市川市行徳ふれあい伝承館');
INSERT INTO "spot_names" VALUES(208632,0,'野菊の墓文学碑（西蓮寺）');
INSERT INTO "spot_names" VALUES(208633,0,'旧井上家住宅');
INSERT INTO "spot_names" VALUES(208634,0,'ヤマサ醤油 しょうゆ味わい体験館');
INSERT INTO "spot_names" VALUES(208635,0,'妙楽寺');
INSERT INTO "spot_names" VALUES(208636,0,'皇産靈神社');
INSERT INTO "spot_names" VALUES(208637,0,'メキシコ記念公園（日西墨三国交通発祥記念之碑）');
INSERT INTO "spot_names" VALUES(208638,0,'鶴谷八幡宮');
INSERT INTO "spot_names" VALUES(208639,0,'光福寺');
INSERT INTO "spot_names" VALUES(208640,0,'長福寺');
INSERT INTO "spot_names" VALUES(208641,0,'三島神社');
INSERT INTO "spot_names" VALUES(208642,0,'龍腹寺');
INSERT INTO "spot_names" VALUES(208643,0,'龍尾寺');
INSERT INTO "spot_names" VALUES(208644,0,'喫茶さくら');
INSERT INTO "spot_names" VALUES(208645,0,'中央公園');
INSERT INTO "spot_names" VALUES(208646,0,'三舟山');
INSERT INTO "spot_names" VALUES(208647,0,'髙瀧神社');
INSERT INTO "spot_names" VALUES(208648,0,'音楽と珈琲の店　岬');
INSERT INTO "spot_names" VALUES(208649,0,'ホテルスプリングス幕張');
INSERT INTO "spot_names" VALUES(208650,0,'おゆみ野四季のみち');
INSERT INTO "spot_names" VALUES(208651,0,'メッセモール');
INSERT INTO "spot_names" VALUES(208652,0,'さつきが丘名店街');
INSERT INTO "spot_names" VALUES(208653,0,'東金青年の森公園');
INSERT INTO "spot_names" VALUES(208654,0,'公津の杜コミュニティセンター（もりんぴあこうづ）');
INSERT INTO "spot_names" VALUES(208655,0,'船橋港親水公園');
INSERT INTO "spot_names" VALUES(208656,0,'海老川ジョギングロード');
INSERT INTO "spot_names" VALUES(208657,0,'船橋市民文化ホール');
INSERT INTO "spot_names" VALUES(208658,0,'根本海水浴場');
INSERT INTO "spot_names" VALUES(208659,0,'多田良北浜海水浴場');
INSERT INTO "spot_names" VALUES(208660,0,'榎町商店街');
INSERT INTO "spot_names" VALUES(208661,0,'成田山公園');
INSERT INTO "spot_names" VALUES(208662,0,'八日市場本町通り商店街の町並み');
INSERT INTO "spot_names" VALUES(208663,0,'大土手山（ルボン山）');
INSERT INTO "spot_names" VALUES(209076,0,'矢指ケ浦海水浴場');
INSERT INTO "spot_names" VALUES(209077,0,'一松海岸（一松海水浴場）');
INSERT INTO "spot_names" VALUES(209078,0,'屋形海岸（屋形海水浴場）');
INSERT INTO "spot_names" VALUES(209079,0,'白里海岸（白里海水浴場）');
INSERT INTO "spot_names" VALUES(209080,0,'片貝海岸（片貝海水浴場）');
INSERT INTO "spot_names" VALUES(209081,0,'前原・横渚海岸（前原海水浴場）');
INSERT INTO "spot_names" VALUES(209082,0,'南千倉海岸（南千倉海水浴場）');
INSERT INTO "spot_names" VALUES(209083,0,'萬満寺');
INSERT INTO "spot_names" VALUES(209084,0,'松戸神社');
INSERT INTO "spot_names" VALUES(209085,0,'廣幡八幡宮');
INSERT INTO "spot_names" VALUES(209086,0,'鎌数伊勢大神宮');
INSERT INTO "spot_names" VALUES(209087,0,'橘樹神社');
INSERT INTO "spot_names" VALUES(209088,0,'三石山観音寺');
INSERT INTO "spot_names" VALUES(209089,0,'笠上観音正福寺');
INSERT INTO "spot_names" VALUES(209090,0,'大原海水浴場');
INSERT INTO "spot_names" VALUES(209091,0,'二宮神社');
INSERT INTO "spot_names" VALUES(209281,0,'我孫子インフォメーションセンター（アビシルベ）');
INSERT INTO "spot_names" VALUES(209282,0,'JA富里市産直センター');
INSERT INTO "spot_names" VALUES(209283,0,'銚子セレクト市場');
INSERT INTO "spot_names" VALUES(209284,0,'上永井公園（飯岡灯台、飯岡刑部岬展望館）');
INSERT INTO "spot_names" VALUES(209285,0,'道の駅　季楽里あさひ');
INSERT INTO "spot_names" VALUES(209286,0,'JR横芝駅舎');
INSERT INTO "spot_names" VALUES(209287,0,'海ほたるパーキングエリア');
INSERT INTO "spot_names" VALUES(209288,0,'太東埼灯台');
INSERT INTO "spot_names" VALUES(209289,0,'夫婦岩');
INSERT INTO "spot_names" VALUES(209290,0,'万木城跡公園');
INSERT INTO "spot_names" VALUES(209291,0,'大原公園「平和の鐘」');
INSERT INTO "spot_names" VALUES(209292,0,'源頼朝上陸地');
INSERT INTO "spot_names" VALUES(209293,0,'里のMUJI みんなみの里');
INSERT INTO "spot_names" VALUES(209294,0,'檀特山 小松寺');
INSERT INTO "spot_names" VALUES(209295,0,'高家神社');
INSERT INTO "spot_names" VALUES(209296,0,'下総国 柏鎮守 諏訪神社');
INSERT INTO "spot_names" VALUES(209297,0,'布鎌惣社水神社');
INSERT INTO "spot_names" VALUES(209298,0,'八鶴湖');
INSERT INTO "spot_names" VALUES(209460,0,'大原漁港 港の朝市');
INSERT INTO "spot_names" VALUES(209461,0,'真野寺');
INSERT INTO "spot_names" VALUES(210057,0,'仁右衛門島');
INSERT INTO "spot_names" VALUES(210058,0,'市川市東山魁夷記念館');
INSERT INTO "spot_names" VALUES(210059,0,'殿塚・姫塚');
INSERT INTO "spot_names" VALUES(210060,0,'屋形四社神社');
INSERT INTO "spot_names" VALUES(210061,0,'町原大銀杏');
INSERT INTO "spot_names" VALUES(210062,0,'山武姥山貝塚');
INSERT INTO "spot_names" VALUES(210663,0,'椿ノ海水神社');
CREATE TABLE spot_uris
(
    spot_id INTEGER PRIMARY KEY,
    spot_uri TEXT NOT NULL
);
INSERT INTO "spot_uris" VALUES(207134,'https://www.city.choshi.chiba.jp/edu/sg-guide/index.html');
INSERT INTO "spot_uris" VALUES(207135,'https://www.city.tateyama.chiba.jp/hakubutukan/page100065.html');
INSERT INTO "spot_uris" VALUES(207136,'http://www.nrtk.jp/enjoy/shikisaisai/traditional-performing-arts.html');
INSERT INTO "spot_uris" VALUES(207137,'https://www.city.asahi.lg.jp/soshiki/30/21573.html');
INSERT INTO "spot_uris" VALUES(207138,'https://www.city.yachimata.lg.jp/soshiki/39/');
INSERT INTO "spot_uris" VALUES(207139,'https://www.city.yachimata.lg.jp/soshiki/20/37204.html');
INSERT INTO "spot_uris" VALUES(207140,'https://www.city.katori.lg.jp/sightseeing/museum/index.html');
INSERT INTO "spot_uris" VALUES(207141,'https://www.town.onjuku.chiba.jp/sub4/3/mexico_kinentou1.html');
INSERT INTO "spot_uris" VALUES(207142,'https://www.town.kyonan.chiba.jp/life/3/28/');
INSERT INTO "spot_uris" VALUES(207143,'https://chiba150th-tamboart.com/');
INSERT INTO "spot_uris" VALUES(207144,'https://www.pref.chiba.lg.jp/kc-katsunan/event/2023/photocontest.html');
INSERT INTO "spot_uris" VALUES(207145,'https://www.pref.chiba.lg.jp/kc-katsunan/event/2023/photocontest.html');
INSERT INTO "spot_uris" VALUES(207146,'https://www.pref.chiba.lg.jp/kc-katsunan/event/2023/photocontest.html');
INSERT INTO "spot_uris" VALUES(207147,'https://www.pref.chiba.lg.jp/kc-katsunan/event/2023/photocontest.html');
INSERT INTO "spot_uris" VALUES(207148,'https://www.pref.chiba.lg.jp/kc-katsunan/event/2023/photocontest.html');
INSERT INTO "spot_uris" VALUES(207149,'http://www2.chiba-muse.or.jp/NATURAL/');
INSERT INTO "spot_uris" VALUES(207150,'http://www2.chiba-muse.or.jp/ART/');
INSERT INTO "spot_uris" VALUES(208179,'http://www2.chiba-muse.or.jp/www/SEKIYADO/index.html');
INSERT INTO "spot_uris" VALUES(208180,'https://www.city.noda.chiba.jp/shisetsu/bunka/1028434.html');
INSERT INTO "spot_uris" VALUES(208181,'https://www.city.noda.chiba.jp/shisetsu/etc/1001113.html');
INSERT INTO "spot_uris" VALUES(208182,'https://www.shimizu-kouen.com/');
INSERT INTO "spot_uris" VALUES(208183,'https://sakuragi.info/');
INSERT INTO "spot_uris" VALUES(208184,'https://noda-muse.jp/');
INSERT INTO "spot_uris" VALUES(208185,'https://www.kouhoo1929.or.jp/');
INSERT INTO "spot_uris" VALUES(208186,'https://www.city.noda.chiba.jp/kantaro_museum/index.html');
INSERT INTO "spot_uris" VALUES(208187,'https://kamihanawa.jp/');
INSERT INTO "spot_uris" VALUES(208188,'https://nagareyamakankou.com/tourism-information/akagi-2/');
INSERT INTO "spot_uris" VALUES(208227,'https://nagareyama-td.com/issasouju/');
INSERT INTO "spot_uris" VALUES(208228,'https://nagareyamakankou.com/tourism-information/kondo-isami-3/');
INSERT INTO "spot_uris" VALUES(208229,'https://nagareyama-td.com/misegura/');
INSERT INTO "spot_uris" VALUES(208230,'https://nagareyamakankou.com/tourism-information/machinaka-museum-2/');
INSERT INTO "spot_uris" VALUES(208231,'https://nagareyamakankou.com/tourism-information/asama/');
INSERT INTO "spot_uris" VALUES(208232,'https://www.city.nagareyama.chiba.jp/life/1001780/1001785/index.html');
INSERT INTO "spot_uris" VALUES(208233,'https://www.city.nagareyama.chiba.jp/institution/1004355/1004357/1004358.html');
INSERT INTO "spot_uris" VALUES(208234,'https://www.konbukuroike.com/');
INSERT INTO "spot_uris" VALUES(208235,'https://www.fusebenten.com/');
INSERT INTO "spot_uris" VALUES(208236,'http://former-yoshida.jp/');
INSERT INTO "spot_uris" VALUES(208237,'https://www.city.kashiwa.lg.jp/facilities/park/kitakashiwa.html');
INSERT INTO "spot_uris" VALUES(208238,'http://www.kasiwade.com/');
INSERT INTO "spot_uris" VALUES(208239,'https://www.michinoeki-shonan.jp/');
INSERT INTO "spot_uris" VALUES(208240,'https://www.city.kashiwa.lg.jp/bunka/about_kashiwa/culture/rekishi/shiteibunkazai/ken/kyokaido.html');
INSERT INTO "spot_uris" VALUES(208241,'https://www.yumefarm.jp/');
INSERT INTO "spot_uris" VALUES(208242,'https://kankou.kashiwa-cci.or.jp/spots/masakado-jinjya/');
INSERT INTO "spot_uris" VALUES(208243,'https://www.akebonoyama-nougyoukouen.jp/');
INSERT INTO "spot_uris" VALUES(208244,'https://kankou.kashiwa-cci.or.jp/spots/guzein/');
INSERT INTO "spot_uris" VALUES(208245,'https://www.city.kashiwa.lg.jp/facilities/park/masuojoshi.html');
INSERT INTO "spot_uris" VALUES(208246,'https://www.city.abiko.chiba.jp/event/shizennonaka/kouenryokuchi/park/citypark/teganuma.html');
INSERT INTO "spot_uris" VALUES(208247,'https://www.abiko831.jp/');
INSERT INTO "spot_uris" VALUES(208248,'https://www.city.abiko.chiba.jp/event/shiseki_bunkazai/shirakaba/');
INSERT INTO "spot_uris" VALUES(208249,'https://www.city.abiko.chiba.jp/event/shiseki_bunkazai/sugimurasojinkan/');
INSERT INTO "spot_uris" VALUES(208250,'https://www.city.abiko.chiba.jp/event/shiseki_bunkazai/kyu_murakawa/');
INSERT INTO "spot_uris" VALUES(208251,'https://jiminzan.com/');
INSERT INTO "spot_uris" VALUES(208252,'https://www.city.abiko.chiba.jp/kouko/siteibunkazai/hukiaezu.html');
INSERT INTO "spot_uris" VALUES(208253,'https://www.city.matsudo.chiba.jp/tojo/index.html');
INSERT INTO "spot_uris" VALUES(208254,'https://www.hondoji.net/index.html');
INSERT INTO "spot_uris" VALUES(208255,'https://www.city.matsudo.chiba.jp/miryoku/kankoumiryokubunka/odekakemap/sanpo-map/yakiri-nogiku.html');
INSERT INTO "spot_uris" VALUES(208256,'http://tozenji.life.coocan.jp/index.html');
INSERT INTO "spot_uris" VALUES(208257,'https://www.city.matsudo.chiba.jp/m_muse/');
INSERT INTO "spot_uris" VALUES(208258,'https://66map.main.jp/p5/p5-07/p5-07-01');
INSERT INTO "spot_uris" VALUES(208259,'https://www.city.urayasu.lg.jp/kanko/kyodo/index.html');
INSERT INTO "spot_uris" VALUES(208260,'https://www.city.urayasu.lg.jp/shisetsu/bunka/bunka/1005591.html');
INSERT INTO "spot_uris" VALUES(208261,'https://www.ces-net.jp/sanbanze/');
INSERT INTO "spot_uris" VALUES(208262,'https://www.urayasu-zaidan.or.jp/bunkazai/index.html');
INSERT INTO "spot_uris" VALUES(208263,'https://www.urayasu-zaidan.or.jp/bunkazai/index.html');
INSERT INTO "spot_uris" VALUES(208264,'http://www2.chiba-muse.or.jp/SCIENCE/');
INSERT INTO "spot_uris" VALUES(208265,'https://www.city.ichikawa.lg.jp/env09/1111000028.html');
INSERT INTO "spot_uris" VALUES(208266,'https://temple.nichiren.or.jp/1041026-hokekyoji/');
INSERT INTO "spot_uris" VALUES(208267,'https://www.city.ichikawa.lg.jp/zoo/');
INSERT INTO "spot_uris" VALUES(208268,'https://www.city.ichikawa.lg.jp/eco04/1111000055.html');
INSERT INTO "spot_uris" VALUES(208269,'https://www.michinoeki-ichikawa.jp/');
INSERT INTO "spot_uris" VALUES(208270,'https://www.city.ichikawa.lg.jp/edu14/');
INSERT INTO "spot_uris" VALUES(208271,'http://www.mikoshiya.com/museum/');
INSERT INTO "spot_uris" VALUES(208272,'https://www.shirahatatenjinsya.com/');
INSERT INTO "spot_uris" VALUES(208273,'https://www.city.ichikawa.lg.jp/gre04/1111000002.html');
INSERT INTO "spot_uris" VALUES(208274,'http://mamasan.or.jp/');
INSERT INTO "spot_uris" VALUES(208275,'https://www.katsushikahachimangu.com/');
INSERT INTO "spot_uris" VALUES(208276,'http://www.kama-navi.jp/spot/history/shiteibunkazai/1396502320519.html');
INSERT INTO "spot_uris" VALUES(208277,'https://www.fighters.co.jp/stadium/kamagaya/');
INSERT INTO "spot_uris" VALUES(208278,'http://www.city.kamagaya.chiba.jp/sisetsu/park/kaigarayama.html');
INSERT INTO "spot_uris" VALUES(208279,'http://www.city.kamagaya.chiba.jp/sisetsu/park/shiseikinen.html');
INSERT INTO "spot_uris" VALUES(208280,'http://www.kama-navi.jp/spot/history/shiteibunkazai/1396497581166.html');
INSERT INTO "spot_uris" VALUES(208281,'https://www.city.kamagaya.chiba.jp/sisetsu/kyoudo_2/index.html');
INSERT INTO "spot_uris" VALUES(208282,'https://soroban-muse.com/');
INSERT INTO "spot_uris" VALUES(208283,'https://www.sambanze.jp/');
INSERT INTO "spot_uris" VALUES(208284,'https://www.park-funabashi.or.jp/and/');
INSERT INTO "spot_uris" VALUES(208285,'https://f-meguspa.jp/');
INSERT INTO "spot_uris" VALUES(208286,'http://funabashi-mori.jp/');
INSERT INTO "spot_uris" VALUES(208287,'https://www.sambanze.jp/');
INSERT INTO "spot_uris" VALUES(208288,'http://www.ja-chibatoukatu.or.jp/directsales/');
INSERT INTO "spot_uris" VALUES(208289,'http://www.oohijinja.jp/');
INSERT INTO "spot_uris" VALUES(208290,'http://www.funabashi-gyokyou.jp/minatoya');
INSERT INTO "spot_uris" VALUES(208291,'https://www.keiseirose.co.jp/garden/');
INSERT INTO "spot_uris" VALUES(208292,'http://yachiyo-agri.org/');
INSERT INTO "spot_uris" VALUES(208293,'https://www.city.yachiyo.lg.jp/soshiki/46/4035.html');
INSERT INTO "spot_uris" VALUES(208294,'https://yachiyo-park.jp/kayadachiku-park/');
INSERT INTO "spot_uris" VALUES(208295,'http://www.ja-yachiyo.or.jp/farmers_market/farmers_market.html');
INSERT INTO "spot_uris" VALUES(208296,'https://www.yachiyo.ed.jp/yachiyo/sosiki/rekisi/');
INSERT INTO "spot_uris" VALUES(208297,'https://www.yachiyo-kankou.com/spot/hachifukujin/');
INSERT INTO "spot_uris" VALUES(208298,'https://www.yachiyo-kankou.com/spot/hachifukujin/');
INSERT INTO "spot_uris" VALUES(208299,'https://www.yachiyo-kankou.com/spot/hachifukujin/');
INSERT INTO "spot_uris" VALUES(208300,'https://www.yachiyo-kankou.com/spot/hachifukujin/');
INSERT INTO "spot_uris" VALUES(208301,'https://www.yachiyo-kankou.com/spot/hachifukujin/');
INSERT INTO "spot_uris" VALUES(208302,'https://www.yachiyo-kankou.com/spot/hachifukujin/');
INSERT INTO "spot_uris" VALUES(208303,'https://www.yachiyo-kankou.com/spot/hachifukujin/');
INSERT INTO "spot_uris" VALUES(208304,'https://www.yachiyo-kankou.com/spot/hachifukujin/');
INSERT INTO "spot_uris" VALUES(208305,'https://www.seibu-la.co.jp/hokusou/');
INSERT INTO "spot_uris" VALUES(208306,'https://www.city.inzai.lg.jp/0000005283.html');
INSERT INTO "spot_uris" VALUES(208307,'https://www.city.inzai.lg.jp/0000013226.html');
INSERT INTO "spot_uris" VALUES(208308,'http://www.yatsu-rosegarden.jp/');
INSERT INTO "spot_uris" VALUES(208309,'https://www.seibu-la.co.jp/yatsuhigata/');
INSERT INTO "spot_uris" VALUES(208310,'https://fa-chiba.foret-aventure.jp/');
INSERT INTO "spot_uris" VALUES(208311,'https://www.city.chiba.jp/kyodo/');
INSERT INTO "spot_uris" VALUES(208312,'http://www.chiba-muse.or.jp/NATURAL/');
INSERT INTO "spot_uris" VALUES(208313,'https://www.city.chiba.jp/kasori/');
INSERT INTO "spot_uris" VALUES(208314,'http://www.tomita-kan.jp/');
INSERT INTO "spot_uris" VALUES(208315,'https://ushinohiroba.com/');
INSERT INTO "spot_uris" VALUES(208316,'https://www.city.chiba.jp/zoo/');
INSERT INTO "spot_uris" VALUES(208317,'https://www.kagakukanq.com/');
INSERT INTO "spot_uris" VALUES(208318,'https://www.ccma-net.jp/');
INSERT INTO "spot_uris" VALUES(208319,'http://www2.chiba-muse.or.jp/ART/');
INSERT INTO "spot_uris" VALUES(208320,'https://www.city.chiba.jp/toshi/koenryokuchi/kanri/chuo-mihama/chibakouen.html');
INSERT INTO "spot_uris" VALUES(208321,'https://www.pist6.com/');
INSERT INTO "spot_uris" VALUES(208322,'https://sogasportspark.com/');
INSERT INTO "spot_uris" VALUES(208323,'https://www.marines.co.jp/');
INSERT INTO "spot_uris" VALUES(208324,'https://www.m-messe.co.jp/');
INSERT INTO "spot_uris" VALUES(208325,'http://www.aquarink-chiba.jp/');
INSERT INTO "spot_uris" VALUES(208326,'https://www.hoki-museum.jp/');
INSERT INTO "spot_uris" VALUES(208327,'http://ksnetwork.co.jp/');
INSERT INTO "spot_uris" VALUES(208328,'https://chiba-porttower.com/');
INSERT INTO "spot_uris" VALUES(208329,'https://sunsetbeachpark.jp/');
INSERT INTO "spot_uris" VALUES(208330,'https://www.showanomori.jp/');
INSERT INTO "spot_uris" VALUES(208331,'https://galleryinage.jp/');
INSERT INTO "spot_uris" VALUES(208332,'https://www.city.chiba.jp/kyoiku/shogaigakushu/bunkazai/yukarinoieinage.html');
INSERT INTO "spot_uris" VALUES(208333,'https://www.city.chiba.jp/kyoiku/shogaigakushu/bunkazai/ochayagoten.html');
INSERT INTO "spot_uris" VALUES(208334,'https://www.chibajinja.com/');
INSERT INTO "spot_uris" VALUES(208335,'http://yotsu-foundation.or.jp/fureai/index.php');
INSERT INTO "spot_uris" VALUES(208336,'https://www.sakurashi-kankou.or.jp/facility/furusato/');
INSERT INTO "spot_uris" VALUES(208337,'https://www.rekihaku.ac.jp/');
INSERT INTO "spot_uris" VALUES(208338,'https://www.city.sakura.lg.jp/soshiki/koenryokuchika/3/13/4609.html#wrapper');
INSERT INTO "spot_uris" VALUES(208339,'https://www.city.sakura.lg.jp/section/museum/');
INSERT INTO "spot_uris" VALUES(208340,'https://www.city.sakura.lg.jp/section/kusabue/');
INSERT INTO "spot_uris" VALUES(208341,'https://www.city.sakura.lg.jp/soshiki/bunkaka/bunkazai/buke/3032.html');
INSERT INTO "spot_uris" VALUES(208342,'https://www.city.sakura.lg.jp/soshiki/sakuranomiryoku/1/3036.html');
INSERT INTO "spot_uris" VALUES(208343,'https://www.city.sakura.lg.jp/soshiki/bunkaka/bunkazai/juntendou/5797.html');
INSERT INTO "spot_uris" VALUES(208344,'https://www.city.sakura.lg.jp/soshiki/bunkaka/bunkazai/hotta/4595.html');
INSERT INTO "spot_uris" VALUES(208345,'http://www.makata.jp/');
INSERT INTO "spot_uris" VALUES(208346,'https://www.city.sakura.lg.jp/soshiki/sakuranomiryoku/1/3599.html');
INSERT INTO "spot_uris" VALUES(208347,'https://kawamura-museum.dic.co.jp/');
INSERT INTO "spot_uris" VALUES(208348,'http://www2.chiba-muse.or.jp/MURA/');
INSERT INTO "spot_uris" VALUES(208349,'http://www.town.sakae.chiba.jp/news.php?type=8');
INSERT INTO "spot_uris" VALUES(208350,'https://www.pref.chiba.lg.jp/kyouiku/bunkazai/bunkazai/n411-017.html');
INSERT INTO "spot_uris" VALUES(208351,'https://www.town.sakae.chiba.jp/page/page005873.html');
INSERT INTO "spot_uris" VALUES(208352,'https://www.town.sakae.chiba.jp/page/page001249.html');
INSERT INTO "spot_uris" VALUES(208353,'https://www.iinumahonke.co.jp/lp/shisui-magariya');
INSERT INTO "spot_uris" VALUES(208354,'https://www.town.shisui.chiba.jp/docs/2017120600025/');
INSERT INTO "spot_uris" VALUES(208355,'https://www.town.shisui.chiba.jp/docs/2017112200059/');
INSERT INTO "spot_uris" VALUES(208356,'https://www.naritasan.or.jp/');
INSERT INTO "spot_uris" VALUES(208357,'https://www.yumebokujo.com/');
INSERT INTO "spot_uris" VALUES(208358,'http://sougo.frenchkiss.jp/');
INSERT INTO "spot_uris" VALUES(208359,'https://www.soranoekisakurakan.com/');
INSERT INTO "spot_uris" VALUES(208360,'https://www.soranoekisakurakan.com/');
INSERT INTO "spot_uris" VALUES(208361,'https://www.narita-airport.jp/jp/');
INSERT INTO "spot_uris" VALUES(208362,'https://www.nrtk.jp/news/20181007.html');
INSERT INTO "spot_uris" VALUES(208363,'http://www.nrtk.jp/mypage/00109.html');
INSERT INTO "spot_uris" VALUES(208364,'https://www.city.narita.chiba.jp/shisetsu/page000195.html');
INSERT INTO "spot_uris" VALUES(208365,'https://www.city.narita.chiba.jp/bunka_sports/page205700.html');
INSERT INTO "spot_uris" VALUES(208366,'https://www.city.narita.chiba.jp/shisetsu/page000176.html');
INSERT INTO "spot_uris" VALUES(208367,'https://www.city.narita.chiba.jp/business/page0139_00039.html');
INSERT INTO "spot_uris" VALUES(208368,'https://www.city.yachimata.lg.jp/site/peanuts/43.html');
INSERT INTO "spot_uris" VALUES(208369,'https://www.city.yachimata.lg.jp/soshiki/39/');
INSERT INTO "spot_uris" VALUES(208370,'https://suehiro-gs.com/');
INSERT INTO "spot_uris" VALUES(208371,'http://tomisatokatori.com/');
INSERT INTO "spot_uris" VALUES(208372,'https://www.city.tomisato.lg.jp/0000013134.html');
INSERT INTO "spot_uris" VALUES(208373,'https://www.city.tomisato.lg.jp/0000001199.html');
INSERT INTO "spot_uris" VALUES(208374,'https://www.hakkounosato.com/');
INSERT INTO "spot_uris" VALUES(208375,'https://www.pref.chiba.lg.jp/kyouiku/bunkazai/bunkazai/n431-005.html');
INSERT INTO "spot_uris" VALUES(208376,'https://www.town.kozaki.chiba.jp/kanko_iju/kanko/park.html');
INSERT INTO "spot_uris" VALUES(208377,'https://www.town.kozaki.chiba.jp/kanko_iju/kanko/history.html');
INSERT INTO "spot_uris" VALUES(208378,'https://www.city.katori.lg.jp/smph/sightseeing/matsuri/dashikaikan/');
INSERT INTO "spot_uris" VALUES(208379,'https://sawara-machinami.com/');
INSERT INTO "spot_uris" VALUES(208380,'https://www.nipponia-sawara.com/uwagashi/');
INSERT INTO "spot_uris" VALUES(208381,'https://ayamepark.jp/');
INSERT INTO "spot_uris" VALUES(208382,'http://www.e-sawara.com/');
INSERT INTO "spot_uris" VALUES(208383,'http://www.yamasu.com/foodmura/');
INSERT INTO "spot_uris" VALUES(208384,'https://katori-jingu.or.jp/');
INSERT INTO "spot_uris" VALUES(208385,'https://www.benikomachi.jp/');
INSERT INTO "spot_uris" VALUES(208386,'http://kanpukuji.or.jp/');
INSERT INTO "spot_uris" VALUES(208387,'https://www.city.katori.lg.jp/smph/sightseeing/museum/index.html');
INSERT INTO "spot_uris" VALUES(208388,'https://www.city.katori.lg.jp/smph/sightseeing/museum/index.html');
INSERT INTO "spot_uris" VALUES(208389,'https://www.city.katori.lg.jp/smph/sightseeing/meisho/rekishi/kusu.html');
INSERT INTO "spot_uris" VALUES(208390,'https://www.tohnosho-kanko.jp/spot/tenposuikodenihinkan/');
INSERT INTO "spot_uris" VALUES(208391,'http://tonosho-mori.jp/');
INSERT INTO "spot_uris" VALUES(208392,'https://www.tohnosho-kanko.jp/spot/enmeiji/');
INSERT INTO "spot_uris" VALUES(208393,'https://www.tohnosho-kanko.jp/spot/fukusyuuji/');
INSERT INTO "spot_uris" VALUES(208394,'https://www.tokokai.org/tourlight/tourlight03/');
INSERT INTO "spot_uris" VALUES(208395,'https://www.choshi-geopark.jp/geosite/22/index.html');
INSERT INTO "spot_uris" VALUES(208396,'http://www.wosse21.net/');
INSERT INTO "spot_uris" VALUES(208397,'http://www.wosse21.net/porttower.html');
INSERT INTO "spot_uris" VALUES(208398,'https://www.choshikanko.com/tenbokan/');
INSERT INTO "spot_uris" VALUES(208400,'https://www.choshi-geopark.jp/');
INSERT INTO "spot_uris" VALUES(208401,'https://www.choshikanko.com/kankoDB/%E7%8C%BF%E7%94%B0%E7%A5%9E%E7%A4%BE/');
INSERT INTO "spot_uris" VALUES(208402,'https://www.myokensama.jp/');
INSERT INTO "spot_uris" VALUES(208403,'http://iinumakannon.com/');
INSERT INTO "spot_uris" VALUES(208404,'http://www.tokawa.jp/');
INSERT INTO "spot_uris" VALUES(208405,'https://www.city.choshi.chiba.jp/edu/sg-guide/page2101_00015.html');
INSERT INTO "spot_uris" VALUES(208406,'https://www.facebook.com/people/%E9%8A%9A%E5%AD%90%E3%81%A1%E3%81%A2%E3%81%BF%E4%BC%9D%E7%B5%B1%E5%B7%A5%E8%8A%B8%E9%A4%A8/100054283311038/?sk=about');
INSERT INTO "spot_uris" VALUES(208407,'https://www.michinoeki-tako.com/');
INSERT INTO "spot_uris" VALUES(208408,'https://www.pref.chiba.lg.jp/kyouiku/bunkazai/bunkazai/q111-039.html');
INSERT INTO "spot_uris" VALUES(208409,'https://www.town.tako.chiba.jp/docs/2018012900278/');
INSERT INTO "spot_uris" VALUES(208410,'https://www.town.tako.chiba.jp/docs/2018020700020/');
INSERT INTO "spot_uris" VALUES(208411,'https://www.pref.chiba.lg.jp/kyouiku/bunkazai/bunkazai/q111-040.html');
INSERT INTO "spot_uris" VALUES(208412,'https://www.town.tako.chiba.jp/docs/2018012900261/');
INSERT INTO "spot_uris" VALUES(208413,'https://ohisama-terrace.jp/');
INSERT INTO "spot_uris" VALUES(208414,'http://www.city.asahi.chiba.jp/yugaku/');
INSERT INTO "spot_uris" VALUES(208415,'https://www.city.asahi.lg.jp/soshiki/3/2421.html');
INSERT INTO "spot_uris" VALUES(208416,'https://www.tamasakijinja.com/');
INSERT INTO "spot_uris" VALUES(208418,'https://tozenji.sakura.ne.jp/');
INSERT INTO "spot_uris" VALUES(208419,'https://www.haniwakan.com/');
INSERT INTO "spot_uris" VALUES(208420,'http://www.aeromuseum.or.jp/');
INSERT INTO "spot_uris" VALUES(208421,'https://www.fuwarishibayama.com/');
INSERT INTO "spot_uris" VALUES(208422,'https://www.town.shibayama.lg.jp/0000002556.html');
INSERT INTO "spot_uris" VALUES(208423,'https://www.naa.jp/jp/csr/syuhen_04.html');
INSERT INTO "spot_uris" VALUES(208424,'https://sorafuwa.com/');
INSERT INTO "spot_uris" VALUES(208425,'https://www.matsuyamajinja.jp/');
INSERT INTO "spot_uris" VALUES(208426,'https://sosa-kanko.com/sightseeing/spot/yaegakijinjya/');
INSERT INTO "spot_uris" VALUES(208427,'https://sosa-kanko.com/sightseeing/spot/toshogu/');
INSERT INTO "spot_uris" VALUES(208429,'https://www.city.sosa.lg.jp/page/page001246.html');
INSERT INTO "spot_uris" VALUES(208430,'https://sosa-kanko.com/sightseeing/spot/hachimanjinjya/');
INSERT INTO "spot_uris" VALUES(208431,'https://www.city.sosa.lg.jp/page/page001342.html');
INSERT INTO "spot_uris" VALUES(208432,'https://www.city.sosa.lg.jp/page/dir001623.html');
INSERT INTO "spot_uris" VALUES(208433,'https://www.city.sosa.lg.jp/page/page000918.html');
INSERT INTO "spot_uris" VALUES(208434,'http://matuyamaartmuseum.web.fc2.com/');
INSERT INTO "spot_uris" VALUES(208435,'http://fureaipark.jp/');
INSERT INTO "spot_uris" VALUES(208436,'https://www.city.sosa.lg.jp/page/page000905.html');
INSERT INTO "spot_uris" VALUES(208437,'https://www.imth.jp/');
INSERT INTO "spot_uris" VALUES(208438,'https://www.town.yokoshibahikari.chiba.jp/site/yokoshibahikari-navi/');
INSERT INTO "spot_uris" VALUES(208439,'https://www.town.yokoshibahikari.chiba.jp/soshiki/8/1398.html');
INSERT INTO "spot_uris" VALUES(208440,'https://www.town.yokoshibahikari.chiba.jp/site/yokoshibahikari-navi/8715.html#3');
INSERT INTO "spot_uris" VALUES(208441,'https://yoridokoro.chiba.jp/article/207/');
INSERT INTO "spot_uris" VALUES(208442,'https://twitter.com/ko_saiji');
INSERT INTO "spot_uris" VALUES(208443,'https://oraihasunuma.jimdofree.com/');
INSERT INTO "spot_uris" VALUES(208444,'https://sammukanko.jp/attraction/245/');
INSERT INTO "spot_uris" VALUES(208445,'https://www.city.sammu.lg.jp/page/page001467.html');
INSERT INTO "spot_uris" VALUES(208446,'http://www.hasunuma.co.jp/');
INSERT INTO "spot_uris" VALUES(208447,'https://www.city.sammu.lg.jp/page/page003746.html');
INSERT INTO "spot_uris" VALUES(208450,'https://www.touganehiyoshi.org/');
INSERT INTO "spot_uris" VALUES(208451,'https://saifukuji-togane.org/');
INSERT INTO "spot_uris" VALUES(208452,'https://www.water.go.jp/kanto/bouso/01shinchaku/news.html');
INSERT INTO "spot_uris" VALUES(208453,'https://minorinosato-togane.com/');
INSERT INTO "spot_uris" VALUES(208454,'https://www.city.oamishirasato.lg.jp/0000011840.html');
INSERT INTO "spot_uris" VALUES(208455,'https://www.city.oamishirasato.lg.jp/0000010995.html');
INSERT INTO "spot_uris" VALUES(208456,'https://sanmu-jinja.jimdo.com/%E5%B7%AB%E5%A5%B3%E9%B3%A5%E3%82%A2%E3%82%B8%E3%82%B5%E3%82%A4%E6%97%A5%E8%AA%8C/%E5%AE%AE%E8%B0%B7%E5%85%AB%E5%B9%A1%E7%A5%9E%E7%A4%BE/');
INSERT INTO "spot_uris" VALUES(208457,'https://www.city.oamishirasato.lg.jp/0000000255.html');
INSERT INTO "spot_uris" VALUES(208458,'https://uminoeki99.com/');
INSERT INTO "spot_uris" VALUES(208459,'https://www.town.kujukuri.chiba.jp/0000000336.html');
INSERT INTO "spot_uris" VALUES(208460,'https://www.town.kujukuri.chiba.jp/0000000338.html');
INSERT INTO "spot_uris" VALUES(208461,'https://www.herb-cool.com/');
INSERT INTO "spot_uris" VALUES(208462,'https://www.sugahara.com/');
INSERT INTO "spot_uris" VALUES(208463,'https://lsm-ichihara.jp/');
INSERT INTO "spot_uris" VALUES(208464,'http://kankouotaki.com/Yourou.html');
INSERT INTO "spot_uris" VALUES(208465,'https://www.facebook.com/iigaokahatimangu?locale=ja_JP');
INSERT INTO "spot_uris" VALUES(208466,'https://www.city.ichihara.chiba.jp/article?articleId=61fa37ff5df8b3573930cfe8');
INSERT INTO "spot_uris" VALUES(208467,'https://www.city.ichihara.chiba.jp/article?articleId=60236e9eece4651c88c17b6d');
INSERT INTO "spot_uris" VALUES(208468,'https://azunosato.tsukahara-ri.com/');
INSERT INTO "spot_uris" VALUES(208469,'https://kominatomachiai.com/');
INSERT INTO "spot_uris" VALUES(208471,'https://kidsdom.jp/');
INSERT INTO "spot_uris" VALUES(208472,'https://www.city.ichihara.chiba.jp/article?articleId=60236e72ece4651c88c17b26');
INSERT INTO "spot_uris" VALUES(208473,'https://zounokuni.com/');
INSERT INTO "spot_uris" VALUES(208474,'https://ichihara-kankou.or.jp/introduce/toiletinnature/');
INSERT INTO "spot_uris" VALUES(208475,'http://wakuwaku-nagara.com/');
INSERT INTO "spot_uris" VALUES(208476,'https://adeac.jp/nagara-town/top/');
INSERT INTO "spot_uris" VALUES(208477,'http://www.nagaramitinoeki.com/');
INSERT INTO "spot_uris" VALUES(208479,'https://www.tarzania.jp/');
INSERT INTO "spot_uris" VALUES(208480,'https://www.city.mobara.chiba.jp/0000007259.html');
INSERT INTO "spot_uris" VALUES(208481,'https://shirakojinja.jp/');
INSERT INTO "spot_uris" VALUES(208482,'https://www.park-sodegaura.or.jp/');
INSERT INTO "spot_uris" VALUES(208483,'https://t-doitsumura.co.jp/');
INSERT INTO "spot_uris" VALUES(208484,'https://sodegaura-kaihinpark.com/');
INSERT INTO "spot_uris" VALUES(208485,'https://www.city.sodegaura.lg.jp/soshiki/nourin/yurinosato.html');
INSERT INTO "spot_uris" VALUES(208486,'https://www.doumeki-park.jp/');
INSERT INTO "spot_uris" VALUES(208487,'https://www.sodegaura-animal.jp/');
INSERT INTO "spot_uris" VALUES(208488,'https://www.city.sodegaura.lg.jp/soshiki/hakubutsukan/');
INSERT INTO "spot_uris" VALUES(208489,'https://www.city.sodegaura.lg.jp/soshiki/nourin/tanbonogakkoujigyou.html');
INSERT INTO "spot_uris" VALUES(208490,'https://www.town.chonan.chiba.jp/shoukai/nomikane/514/');
INSERT INTO "spot_uris" VALUES(208491,'https://www.town.chonan.chiba.jp/shoukai/kankou/511/');
INSERT INTO "spot_uris" VALUES(208492,'https://kasamori-ji.or.jp/');
INSERT INTO "spot_uris" VALUES(208493,'https://chonan.shugakko.jp/');
INSERT INTO "spot_uris" VALUES(208494,'https://mutsuzawa-swt.jp/');
INSERT INTO "spot_uris" VALUES(208497,'https://sowaka.gugyouji.jp/');
INSERT INTO "spot_uris" VALUES(208498,'https://www.vill.chosei.chiba.jp/0000000304.html');
INSERT INTO "spot_uris" VALUES(208499,'https://www.vill.chosei.chiba.jp/0000000310.html');
INSERT INTO "spot_uris" VALUES(208500,'https://www.vill.chosei.chiba.jp/0000000170.html');
INSERT INTO "spot_uris" VALUES(208501,'https://www.town.ichinomiya.chiba.jp/machizukuri/2/408.html');
INSERT INTO "spot_uris" VALUES(208502,'https://tamasaki.org/index.htm');
INSERT INTO "spot_uris" VALUES(208503,'https://shojoji.net/');
INSERT INTO "spot_uris" VALUES(208504,'http://www.yaturugi.net/');
INSERT INTO "spot_uris" VALUES(208505,'https://mitsui-shopping-park.com/mop/kisarazu/shop/800689.html');
INSERT INTO "spot_uris" VALUES(208506,'https://takakurakannon.com/');
INSERT INTO "spot_uris" VALUES(208507,'https://www.city.kisarazu.lg.jp/shokai/rekishi/hakubutsukan/1002106.html');
INSERT INTO "spot_uris" VALUES(208508,'http://kisarapia.com/');
INSERT INTO "spot_uris" VALUES(208509,'http://chiba-kisarazu.com/');
INSERT INTO "spot_uris" VALUES(208510,'https://parkbay-totriizaki.com/');
INSERT INTO "spot_uris" VALUES(208511,'http://www.kap.co.jp/');
INSERT INTO "spot_uris" VALUES(208512,'https://www.city.kisarazu.lg.jp/shokai/shisetsu/kouen/1000844.html');
INSERT INTO "spot_uris" VALUES(208513,'https://www.futtsu-kanko.info/places/tourouzakadaishi/');
INSERT INTO "spot_uris" VALUES(208514,'https://www.motherfarm.co.jp/');
INSERT INTO "spot_uris" VALUES(208515,'https://www.city.futtsu.lg.jp/0000000524.html');
INSERT INTO "spot_uris" VALUES(208516,'https://www.tokyowanferry.com/');
INSERT INTO "spot_uris" VALUES(208517,'http://www.mt-nokogiri.co.jp/');
INSERT INTO "spot_uris" VALUES(208518,'https://www.futtsu-kanko.info/places/%e5%b2%a9%e8%b0%b7%e8%a6%b3%e9%9f%b3%e5%a0%82/');
INSERT INTO "spot_uris" VALUES(208519,'https://nokogiriyama.com/');
INSERT INTO "spot_uris" VALUES(208520,'https://thefish.co.jp/');
INSERT INTO "spot_uris" VALUES(208521,'http://www.sommelier.co.jp/');
INSERT INTO "spot_uris" VALUES(208522,'http://www.t-kannon.jp/');
INSERT INTO "spot_uris" VALUES(208523,'https://www.cue-net.or.jp/kouen/futtsu/index.html');
INSERT INTO "spot_uris" VALUES(208524,'https://www.cue-net.or.jp/kouen/futtsu/index.html');
INSERT INTO "spot_uris" VALUES(208525,'https://www.city.kimitsu.lg.jp/site/kanko/2189.html');
INSERT INTO "spot_uris" VALUES(208526,'https://www.city.kimitsu.lg.jp/site/kanko/2230.html');
INSERT INTO "spot_uris" VALUES(208527,'https://www.city.kimitsu.lg.jp/site/kanko/2259.html');
INSERT INTO "spot_uris" VALUES(208528,'http://hachimitsu-koubou.com/');
INSERT INTO "spot_uris" VALUES(208529,'https://www.city.kimitsu.lg.jp/site/kanko/2180.html');
INSERT INTO "spot_uris" VALUES(208530,'https://jinyaji.web.fc2.com/index.html');
INSERT INTO "spot_uris" VALUES(208531,'https://www.facebook.com/people/%E7%8C%9F%E5%B8%AB%E5%B7%A5%E6%88%BF%E3%83%89%E3%83%A9%E3%82%A4%E3%83%96%E3%82%A4%E3%83%B3/100087274105871/');
INSERT INTO "spot_uris" VALUES(208532,'https://www.dreaming-place-garden.com/');
INSERT INTO "spot_uris" VALUES(208533,'http://www.aisaibatake.com/');
INSERT INTO "spot_uris" VALUES(208534,'https://www.city.kimitsu.lg.jp/site/kanko/2188.html');
INSERT INTO "spot_uris" VALUES(208535,'https://www.pref.chiba.lg.jp/kyouiku/bunkazai/bunkazai/n111-020.html');
INSERT INTO "spot_uris" VALUES(208536,'http://www.kankouotaki.com/jokamachi.html');
INSERT INTO "spot_uris" VALUES(208537,'https://www.takeyura.net/');
INSERT INTO "spot_uris" VALUES(208538,'https://yourokeikoku-kirari.jp/');
INSERT INTO "spot_uris" VALUES(208539,'http://www.youroukeikoku.com/spot/awamata/');
INSERT INTO "spot_uris" VALUES(208540,'https://herbisland.co.jp/');
INSERT INTO "spot_uris" VALUES(208541,'http://kankouotaki.com/Midokoro.html');
INSERT INTO "spot_uris" VALUES(208542,'https://www.popponooka.com/');
INSERT INTO "spot_uris" VALUES(208543,'http://www.isumi-sato.com/');
INSERT INTO "spot_uris" VALUES(208544,'https://ttn7raz24z.wixsite.com/kuniyosijinja');
INSERT INTO "spot_uris" VALUES(208545,'http://www.nihonji.jp/index.html');
INSERT INTO "spot_uris" VALUES(208546,'https://hotasho.jp/');
INSERT INTO "spot_uris" VALUES(208547,'http://sakumadam.com/');
INSERT INTO "spot_uris" VALUES(208548,'https://www.town.kyonan.chiba.jp/soshiki/10/2453.html');
INSERT INTO "spot_uris" VALUES(208549,'https://www.town.kyonan.chiba.jp/soshiki/10/2454.html');
INSERT INTO "spot_uris" VALUES(208550,'https://www.town.kyonan.chiba.jp/soshiki/10/2505.html');
INSERT INTO "spot_uris" VALUES(208551,'http://www.okuzure.com/');
INSERT INTO "spot_uris" VALUES(208552,'https://banya-grp.jp/');
INSERT INTO "spot_uris" VALUES(208553,'https://www.kamogawa-seaworld.jp/');
INSERT INTO "spot_uris" VALUES(208554,'https://www.senmaida.com/');
INSERT INTO "spot_uris" VALUES(208555,'https://tainoura.jp/');
INSERT INTO "spot_uris" VALUES(208556,'http://www.tanjoh-ji.jp/');
INSERT INTO "spot_uris" VALUES(208557,'http://www.seichoji.com/index.html');
INSERT INTO "spot_uris" VALUES(208558,'http://www.kamogawaocean-park.com/');
INSERT INTO "spot_uris" VALUES(208559,'https://nanabatake.jp/');
INSERT INTO "spot_uris" VALUES(208560,'https://shiosaig.jp/');
INSERT INTO "spot_uris" VALUES(208561,'https://www.city.kamogawa.lg.jp/site/nobinobi-kamokko/1189.html');
INSERT INTO "spot_uris" VALUES(208562,'http://yomogiyomogi.jp/');
INSERT INTO "spot_uris" VALUES(208563,'https://www.city.kamogawa.lg.jp/site/kamogawa-kanko/9715.html');
INSERT INTO "spot_uris" VALUES(208564,'https://www.city.kamogawa.lg.jp/site/shiryoukan/');
INSERT INTO "spot_uris" VALUES(208565,'https://www.city.kamogawa.lg.jp/site/kamogawa-kanko/1001.html');
INSERT INTO "spot_uris" VALUES(208566,'https://www.katsuura-kankou.net/');
INSERT INTO "spot_uris" VALUES(208567,'http://sgtmuseum.s2.xrea.com/');
INSERT INTO "spot_uris" VALUES(208569,'https://www.city.katsuura.lg.jp/Info/19');
INSERT INTO "spot_uris" VALUES(208570,'https://www.katsuura.org/');
INSERT INTO "spot_uris" VALUES(208571,'http://www2.chiba-muse.or.jp/UMIHAKU/index.html');
INSERT INTO "spot_uris" VALUES(208572,'https://track.sfo.jaxa.jp/facilities/katsuura.html');
INSERT INTO "spot_uris" VALUES(208573,'https://www.katsuura-kankou.net/asaichitop/');
INSERT INTO "spot_uris" VALUES(208574,'https://www.city.katsuura.lg.jp/Info/206');
INSERT INTO "spot_uris" VALUES(208575,'https://temple.nichiren.or.jp/1031004-kousyouji/');
INSERT INTO "spot_uris" VALUES(208576,'http://www.tomisaki.or.jp/');
INSERT INTO "spot_uris" VALUES(208577,'https://www.town.onjuku.chiba.jp/sub4/3/2043.html');
INSERT INTO "spot_uris" VALUES(208578,'https://www.biwakurabu.jp/index.html');
INSERT INTO "spot_uris" VALUES(208579,'https://www.furaritomiyama.jp/index.html');
INSERT INTO "spot_uris" VALUES(208580,'https://www.hana-kurabu.jp/');
INSERT INTO "spot_uris" VALUES(208582,'http://wa-o.awa.jp/');
INSERT INTO "spot_uris" VALUES(208583,'https://rosemary-park.jp/');
INSERT INTO "spot_uris" VALUES(208584,'https://shiokaze-oukoku.jp/');
INSERT INTO "spot_uris" VALUES(208585,'https://www.michi-no-eki.jp/stations/views/19143');
INSERT INTO "spot_uris" VALUES(208586,'https://www.tokokai.org/tourlight/tourlight04/');
INSERT INTO "spot_uris" VALUES(208587,'https://toritabi.enjoyboso.jp/tomiura/');
INSERT INTO "spot_uris" VALUES(208588,'https://toritabi.enjoyboso.jp/shirahama/');
INSERT INTO "spot_uris" VALUES(208589,'https://toritabi.enjoyboso.jp/wada/');
INSERT INTO "spot_uris" VALUES(208590,'https://www.e-makiba.jp/facility/index.html');
INSERT INTO "spot_uris" VALUES(208591,'https://toritabi.enjoyboso.jp/wada/');
INSERT INTO "spot_uris" VALUES(208592,'http://taibusa-misaki.jp/');
INSERT INTO "spot_uris" VALUES(208593,'http://kaibi.art.coocan.jp/');
INSERT INTO "spot_uris" VALUES(208594,'https://www.cm-boso.com/gojoin3.html');
INSERT INTO "spot_uris" VALUES(208595,'https://www.mboso-etoko.jp/cgi-bin/co_kanihp/info.asp?uid=1304&p=4');
INSERT INTO "spot_uris" VALUES(208596,'https://www.mboso-etoko.jp/cgi-bin/co_kaniHP/info.asp?uid=1044');
INSERT INTO "spot_uris" VALUES(208597,'https://www.awashirahama.com/nagao/index.html');
INSERT INTO "spot_uris" VALUES(208598,'https://toritabi.enjoyboso.jp/special/');
INSERT INTO "spot_uris" VALUES(208599,'https://www.city.tateyama.chiba.jp/kankou-bunka/cate00385.html');
INSERT INTO "spot_uris" VALUES(208600,'https://www.city.tateyama.chiba.jp/minato/page100034.html');
INSERT INTO "spot_uris" VALUES(208601,'https://tateyamacastle.jp/');
INSERT INTO "spot_uris" VALUES(208602,'https://www.city.tateyama.chiba.jp/syougaigaku/page001892.html');
INSERT INTO "spot_uris" VALUES(208603,'https://www.aloha-garden-t.com/');
INSERT INTO "spot_uris" VALUES(208604,'http://www.gakekannon.jp/');
INSERT INTO "spot_uris" VALUES(208605,'https://myoonin.jimdofree.com/');
INSERT INTO "spot_uris" VALUES(208606,'https://tateyamacity.com/archives/295');
INSERT INTO "spot_uris" VALUES(208607,'https://awa-ecom.jp/aoki-shigeru/');
INSERT INTO "spot_uris" VALUES(208608,'https://funakatasoko.com/');
INSERT INTO "spot_uris" VALUES(208609,'https://www.city.funabashi.lg.jp/shisetsu/bunka/0001/0006/0001/p036786.html');
INSERT INTO "spot_uris" VALUES(208610,'http://www2.chiba-muse.or.jp/www/SONAN/index.html');
INSERT INTO "spot_uris" VALUES(208611,'https://temple.nichiren.or.jp/1021096-komyoji/');
INSERT INTO "spot_uris" VALUES(208612,'https://www.city.narashino.lg.jp/shisetu/koenshiseki/akanehamaryokuti.html');
INSERT INTO "spot_uris" VALUES(208613,'https://www.city.narashino.lg.jp/soshiki/shakaikyoiku/gyomu/shisetu/koenshiseki/kyutokitake.html');
INSERT INTO "spot_uris" VALUES(208614,'https://www.city.narashino.lg.jp/soshiki/shakaikyoiku/gyomu/shisetu/koenshiseki/kyuosawake.html');
INSERT INTO "spot_uris" VALUES(208617,'https://www.city.narashino.lg.jp/citysales/kanko/mamechishiki.html');
INSERT INTO "spot_uris" VALUES(208618,'https://www.city.narashino.lg.jp/soshiki/shakaikyoiku/gyomu/shisetu/koenshiseki/doituhoryookenohi.html');
INSERT INTO "spot_uris" VALUES(208619,'https://www.city.narashino.lg.jp/citysales/kanko/bunkahistory/rekishi/tetudourentai/gate_railway_regiment.html');
INSERT INTO "spot_uris" VALUES(208620,'https://higashiminobu.sougenji.nichiren-shu.jp/');
INSERT INTO "spot_uris" VALUES(208621,'http://www.isumi-kankou.com/isumi-kanko-tousyu/iduna.html');
INSERT INTO "spot_uris" VALUES(208622,'https://tateyamagibiercenter.com/');
INSERT INTO "spot_uris" VALUES(208623,'https://www.imuseum.jp/');
INSERT INTO "spot_uris" VALUES(208624,'https://www.town.kyonan.chiba.jp/site/hishikawamoronobukinenkan/');
INSERT INTO "spot_uris" VALUES(208625,'https://www.city.kimitsu.lg.jp/soshiki/24/2122.html');
INSERT INTO "spot_uris" VALUES(208626,'https://shirako.net/tourism/');
INSERT INTO "spot_uris" VALUES(208627,'https://inahana.co.jp/');
INSERT INTO "spot_uris" VALUES(208628,'http://enmeijishiroi.web.fc2.com/index.html');
INSERT INTO "spot_uris" VALUES(208629,'https://peraichi.com/landing_pages/view/kuratosyo');
INSERT INTO "spot_uris" VALUES(208630,'https://www.city.yachimata.lg.jp/site/iju/21274.html');
INSERT INTO "spot_uris" VALUES(208631,'https://www.city.ichikawa.lg.jp/cul01/1111000189.html');
INSERT INTO "spot_uris" VALUES(208632,'https://www.matsudo-kankou.jp/sightseeing/%E9%87%8E%E8%8F%8A%E3%81%AE%E5%A2%93%E6%96%87%E5%AD%A6%E7%A2%91/');
INSERT INTO "spot_uris" VALUES(208633,'https://www.city.abiko.chiba.jp/event/shiseki_bunkazai/inoueke/index.html');
INSERT INTO "spot_uris" VALUES(208634,'https://www.yamasa.com/enjoy/factory-visit/');
INSERT INTO "spot_uris" VALUES(208635,'https://tougaku.exblog.jp/');
INSERT INTO "spot_uris" VALUES(208636,'https://www.vill.chosei.chiba.jp/0000000302.html');
INSERT INTO "spot_uris" VALUES(208637,'https://onjuku-kankou.com/spot/kinento/');
INSERT INTO "spot_uris" VALUES(208638,'https://tateyamacity.com/archives/2824');
INSERT INTO "spot_uris" VALUES(208640,'https://www.suzurisan.info/');
INSERT INTO "spot_uris" VALUES(208641,'https://www.city.kimitsu.lg.jp/site/kanko/2224.html');
INSERT INTO "spot_uris" VALUES(208643,'https://sosa-kanko.com/sightseeing/spot/ryubiji/');
INSERT INTO "spot_uris" VALUES(208644,'https://www.instagram.com/kissasakura/?hl=ja');
INSERT INTO "spot_uris" VALUES(208645,'https://www.city.urayasu.lg.jp/shisetsu/kouen/1005638.html');
INSERT INTO "spot_uris" VALUES(208646,'https://www.city.kimitsu.lg.jp/site/kanko/2219.html');
INSERT INTO "spot_uris" VALUES(208647,'https://twitter.com/Takataki_jinja');
INSERT INTO "spot_uris" VALUES(208648,'https://www.instagram.com/coffee.misaki/');
INSERT INTO "spot_uris" VALUES(208649,'https://springs.co.jp/');
INSERT INTO "spot_uris" VALUES(208650,'https://fc.ccb.or.jp/movie/detail.html?CN=332033');
INSERT INTO "spot_uris" VALUES(208651,'https://fc.ccb.or.jp/movie/detail.html?CN=317680');
INSERT INTO "spot_uris" VALUES(208652,'https://fc.ccb.or.jp/movie/detail.html?CN=329242');
INSERT INTO "spot_uris" VALUES(208653,'https://www.togane-bunspo.or.jp/arena/');
INSERT INTO "spot_uris" VALUES(208654,'http://morinpiakozu.jp/');
INSERT INTO "spot_uris" VALUES(208655,'https://funabashiport-shinsuipark.com/');
INSERT INTO "spot_uris" VALUES(208656,'https://funakan.or.jp/tourism/853/');
INSERT INTO "spot_uris" VALUES(208657,'https://www.city.funabashi.lg.jp/shisetsu/bunka/0001/0001/index.html');
INSERT INTO "spot_uris" VALUES(208658,'http://business4.plala.or.jp/nemotoku/index.html');
INSERT INTO "spot_uris" VALUES(208659,'https://www.cm-boso.com/');
INSERT INTO "spot_uris" VALUES(208660,'https://fc.ccb.or.jp/movie/detail.html?CN=304263');
INSERT INTO "spot_uris" VALUES(208661,'https://www.naritasan.or.jp/');
INSERT INTO "spot_uris" VALUES(209076,'https://www.city.asahi.lg.jp/soshiki/14/2422.html');
INSERT INTO "spot_uris" VALUES(209077,'https://www.vill.chosei.chiba.jp/0000002091.html');
INSERT INTO "spot_uris" VALUES(209078,'http://yokoshibahikari-kankou.com/');
INSERT INTO "spot_uris" VALUES(209079,'https://oamishirasato-kanko.net/');
INSERT INTO "spot_uris" VALUES(209080,'https://99kankou.com/');
INSERT INTO "spot_uris" VALUES(209081,'https://www.city.kamogawa.lg.jp/site/kamogawa-kanko/8457.html');
INSERT INTO "spot_uris" VALUES(209082,'https://www.cm-boso.com/');
INSERT INTO "spot_uris" VALUES(209083,'https://www.city.matsudo.chiba.jp/miryoku/kankoumiryokubunka/odekakemap/sanpo-map/manmanji.html');
INSERT INTO "spot_uris" VALUES(209084,'https://www.matsudojinja.com/');
INSERT INTO "spot_uris" VALUES(209085,'https://hirohatahachimangu.com/');
INSERT INTO "spot_uris" VALUES(209086,'https://kamakazu.com/');
INSERT INTO "spot_uris" VALUES(209087,'https://www.city.mobara.chiba.jp/promotion/0000000089.html');
INSERT INTO "spot_uris" VALUES(209088,'https://www.city.kimitsu.lg.jp/site/kanko/2220.html');
INSERT INTO "spot_uris" VALUES(209090,'http://www.isumi-kankou.com/index.html');
INSERT INTO "spot_uris" VALUES(209091,'https://www.ninomiya-jinja.jp/');
INSERT INTO "spot_uris" VALUES(209281,'https://www.abikoinfo.jp/');
INSERT INTO "spot_uris" VALUES(209282,'https://www.ja-tomisato.or.jp/shop/index.html');
INSERT INTO "spot_uris" VALUES(209283,'http://www.choshiselect.jp/index.html');
INSERT INTO "spot_uris" VALUES(209284,'http://gyobumisaki.com/index.html');
INSERT INTO "spot_uris" VALUES(209285,'http://kirari-asahi.com/');
INSERT INTO "spot_uris" VALUES(209286,'https://www.jreast.co.jp/estation/station/info.aspx?StationCd=1634');
INSERT INTO "spot_uris" VALUES(209287,'https://www.umihotaru.com/');
INSERT INTO "spot_uris" VALUES(209288,'http://www.isumi-kankou.com/isumi-kanko-tousyu/toudai.html');
INSERT INTO "spot_uris" VALUES(209289,'http://www.isumi-kankou.com/');
INSERT INTO "spot_uris" VALUES(209290,'https://www.city.isumi.lg.jp/gyosei/bunka_sports/rekishi/2281.html');
INSERT INTO "spot_uris" VALUES(209291,'https://www.city.isumi.lg.jp/gyosei/bunka_sports/rekishi/2281.html');
INSERT INTO "spot_uris" VALUES(209292,'https://www.town.kyonan.chiba.jp/soshiki/19/2498.html');
INSERT INTO "spot_uris" VALUES(209293,'https://www.muji.com/jp/ja/shop/detail/046602');
INSERT INTO "spot_uris" VALUES(209294,'https://www.komatsuji.jp/index.html');
INSERT INTO "spot_uris" VALUES(209295,'https://takabejinja.com/');
INSERT INTO "spot_uris" VALUES(209296,'https://jinjya.wixsite.com/kashiwa');
INSERT INTO "spot_uris" VALUES(209297,'https://www.town.sakae.chiba.jp/page/page001248.html');
INSERT INTO "spot_uris" VALUES(209298,'https://www.toganekanko.jp/');
INSERT INTO "spot_uris" VALUES(209460,'https://minato-asaichi.com/');
INSERT INTO "spot_uris" VALUES(209461,'https://www.manodaikoku.com/');
INSERT INTO "spot_uris" VALUES(210057,'http://www.niemonjima.com/');
INSERT INTO "spot_uris" VALUES(210058,'https://www.city.ichikawa.lg.jp/higashiyama/');
INSERT INTO "spot_uris" VALUES(210059,'https://www.town.yokoshibahikari.chiba.jp/soshiki/14/1395.html#a01');
INSERT INTO "spot_uris" VALUES(210060,'https://www.town.yokoshibahikari.chiba.jp/map/15-011.html');
INSERT INTO "spot_uris" VALUES(210061,'https://www.town.yokoshibahikari.chiba.jp/soshiki/14/1395.html#a02');
INSERT INTO "spot_uris" VALUES(210062,'https://www.town.yokoshibahikari.chiba.jp/soshiki/14/1395.html#a08');
INSERT INTO "spot_uris" VALUES(210663,'https://twitter.com/harumi_suijinja');
DELETE FROM "sqlite_sequence";
INSERT INTO "sqlite_sequence" VALUES('category_tree',35);
COMMIT;
